mtllib material.mtl
usemtl material_gripper_left_0
v 11.50000000 2.29999995 23.50000000
v 17.50000000 13.50000000 23.50000000
v 17.50000000 2.29999995 23.50000000
v 18.00000000 -5.00000000 23.50000000
v 11.50000000 -5.00000000 23.50000000
v 11.50000000 2.00000000 23.50000000
v 11.50000000 -5.30000019 23.50000000
v 17.50000000 -5.30000019 23.50000000
v 17.50000000 -7.50000000 23.50000000
v 7.50000000 -7.50000000 23.50000000
v 7.50000000 13.50000000 23.50000000
v 7.50000000 -7.50000000 43.50000000
v 7.50000000 13.50000000 43.50000000
v 7.50000000 13.50000000 23.50000000
v 7.50000000 -7.37463951 44.61260605
v 7.50000000 -7.00484419 45.66941833
v 7.50000000 -2.50000000 48.50000000
v 7.50000000 13.37463951 44.61260605
v 7.50000000 13.00484467 45.66941833
v 7.50000000 12.40915775 46.61745071
v 7.50000000 11.61744881 47.40915680
v 7.50000000 -6.40915728 46.61745071
v 7.50000000 -5.61744881 47.40915680
v 7.50000000 -4.66941881 48.00484467
v 7.50000000 -3.61260462 48.37464142
v 7.50000000 10.66941833 48.00484467
v 7.50000000 9.61260509 48.37464142
v 7.50000000 8.50000000 48.50000000
v 12.50000000 -3.47545171 48.40392685
v 10.83333302 -2.50000000 48.50000000
v 7.50000000 -3.61260462 48.37464142
v 7.50000000 -2.50000000 48.50000000
v 14.16666698 -2.50000000 48.50000000
v 7.50000000 -4.66941881 48.00484467
v 12.50000000 -5.27785110 47.65734863
v 7.50000000 -5.61744881 47.40915680
v 17.50000000 -2.50000000 48.50000000
v 17.50000000 -3.61260462 48.37464142
v 17.50000000 -5.61744881 47.40915680
v 12.50000000 -6.03553391 47.03553391
v 17.50000000 -4.66941881 48.00484467
v 17.50000000 -6.40915728 46.61745071
v 7.50000000 -6.40915728 46.61745071
v 7.50000000 -7.00484419 45.66941833
v 12.50000000 -6.65734816 46.27785110
v 10.83333302 -7.50000000 43.50000000
v 7.50000000 -7.37463951 44.61260605
v 7.50000000 -7.50000000 43.50000000
v 12.50000000 -7.11939764 45.41341782
v 12.50000000 -7.40392637 44.47545242
v 17.50000000 -7.00484419 45.66941833
v 17.50000000 -7.37463951 44.61260605
v 14.16666698 -7.50000000 43.50000000
v 17.50000000 -7.50000000 43.50000000
v 10.83333302 -2.50000000 48.50000000
v 10.83333302 8.50000000 48.50000000
v 7.50000000 8.50000000 48.50000000
v 17.50000000 -2.50000000 48.50000000
v 17.50000000 8.50000000 48.50000000
v 14.16666698 8.50000000 48.50000000
v 14.16666698 -2.50000000 48.50000000
v 12.50000000 13.40392685 44.47545242
v 10.83333302 13.50000000 43.50000000
v 7.50000000 13.37463951 44.61260605
v 7.50000000 13.50000000 43.50000000
v 14.16666698 13.50000000 43.50000000
v 7.50000000 13.00484467 45.66941833
v 12.50000000 12.65734768 46.27785110
v 7.50000000 12.40915775 46.61745071
v 17.50000000 13.50000000 43.50000000
v 17.50000000 13.37463951 44.61260605
v 17.50000000 12.40915775 46.61745071
v 12.50000000 12.03553391 47.03553391
v 17.50000000 13.00484467 45.66941833
v 17.50000000 11.61744881 47.40915680
v 7.50000000 11.61744881 47.40915680
v 7.50000000 10.66941833 48.00484467
v 12.50000000 11.27785110 47.65734863
v 10.83333302 8.50000000 48.50000000
v 7.50000000 9.61260509 48.37464142
v 7.50000000 8.50000000 48.50000000
v 12.50000000 10.41341686 48.11939621
v 12.50000000 9.47545147 48.40392685
v 17.50000000 10.66941833 48.00484467
v 17.50000000 9.61260509 48.37464142
v 14.16666698 8.50000000 48.50000000
v 17.50000000 8.50000000 48.50000000
v 7.50000000 13.50000000 23.50000000
v 7.50000000 13.50000000 43.50000000
v 10.83333302 13.50000000 43.50000000
v 14.16666698 13.50000000 43.50000000
v 17.50000000 13.50000000 43.50000000
v 17.50000000 13.50000000 23.50000000
v 24.50000000 -3.00000000 23.50000000
v 23.50000000 -3.00000000 23.50000000
v 23.50000000 0.00000000 23.50000000
v 11.50000000 -5.00000000 41.50000000
v 11.50000000 -5.30000019 41.79999924
v 11.50000000 -5.30000019 23.50000000
v 11.50000000 2.00000000 23.50000000
v 11.50000000 2.29999995 23.50000000
v 11.50000000 2.00000000 41.50000000
v 11.50000000 2.29999995 41.79999924
v 11.50000000 -5.30000019 23.50000000
v 11.50000000 -5.30000019 41.79999924
v 17.50000000 -5.30000019 41.79999924
v 17.50000000 -5.30000019 41.79999924
v 17.50000000 -7.50000000 43.50000000
v 17.50000000 -7.50000000 23.50000000
v 17.50000000 -5.48496246 43.79999924
v 17.50000000 -7.37463951 44.61260605
v 17.50000000 -5.26980495 44.65246582
v 17.50000000 -4.81675434 45.40595245
v 17.50000000 -6.40915728 46.61745071
v 17.50000000 -7.00484419 45.66941833
v 17.50000000 2.29999995 41.79999924
v 17.50000000 4.30000019 43.79999924
v 17.50000000 4.30000019 25.50000000
v 17.50000000 13.50000000 43.50000000
v 17.50000000 11.50000000 43.50000000
v 17.50000000 11.50000000 25.50000000
v 17.50000000 13.50000000 23.50000000
v 17.50000000 13.37463951 44.61260605
v 17.50000000 11.39777756 44.27645874
v 17.50000000 13.00484467 45.66941833
v 17.50000000 11.09807587 45.00000000
v 17.50000000 -4.66941881 48.00484467
v 17.50000000 -4.16472197 45.99573517
v 17.50000000 -3.36970997 46.37116623
v 17.50000000 -3.61260462 48.37464142
v 17.50000000 -2.50000000 46.50000000
v 17.50000000 -5.61744881 47.40915680
v 17.50000000 8.50000000 46.50000000
v 17.50000000 8.50000000 48.50000000
v 17.50000000 -2.50000000 48.50000000
v 17.50000000 9.61260509 48.37464142
v 17.50000000 9.27645683 46.39777756
v 17.50000000 12.40915775 46.61745071
v 17.50000000 10.62132072 45.62131882
v 17.50000000 11.61744881 47.40915680
v 17.50000000 10.00000000 46.09807587
v 17.50000000 10.66941833 48.00484467
v 17.50000000 2.29999995 41.79999924
v 11.50000000 2.29999995 41.79999924
v 11.50000000 2.29999995 23.50000000
v 17.50000000 -5.30000019 41.79999924
v 11.50000000 -5.30000019 41.79999924
v 11.50000000 2.29999995 41.79999924
v 7.50000000 -7.50000000 23.50000000
v 10.83333302 -7.50000000 43.50000000
v 7.50000000 -7.50000000 43.50000000
v 14.16666698 -7.50000000 43.50000000
v 17.50000000 -7.50000000 23.50000000
v 17.50000000 -7.50000000 43.50000000
v 12.16666698 -2.50000000 46.50000000
v 9.50000000 -2.50000000 46.50000000
v 9.50000000 8.50000000 46.50000000
v 17.50000000 -2.50000000 46.50000000
v 14.83333302 -2.50000000 46.50000000
v 14.83333302 8.50000000 46.50000000
v 12.16666698 8.50000000 46.50000000
v 13.50000000 11.44235611 44.08526993
v 9.50000000 11.39777756 44.27645874
v 12.16666698 11.50000000 43.50000000
v 9.50000000 11.50000000 43.50000000
v 14.83333302 11.50000000 43.50000000
v 13.50000000 10.99440861 45.16670990
v 9.50000000 11.09807587 45.00000000
v 9.50000000 10.62132072 45.62131882
v 17.50000000 11.50000000 43.50000000
v 17.50000000 11.39777756 44.27645874
v 17.50000000 10.62132072 45.62131882
v 13.50000000 10.62132072 45.62131882
v 17.50000000 11.09807587 45.00000000
v 13.50000000 10.16671085 45.99440765
v 9.50000000 10.00000000 46.09807587
v 13.50000000 9.64805031 46.27163696
v 9.50000000 9.27645683 46.39777756
v 17.50000000 10.00000000 46.09807587
v 12.16666698 8.50000000 46.50000000
v 9.50000000 8.50000000 46.50000000
v 13.50000000 9.08527088 46.44235611
v 17.50000000 9.27645683 46.39777756
v 17.50000000 8.50000000 46.50000000
v 14.83333302 8.50000000 46.50000000
v 9.50000000 11.50000000 25.50000000
v 12.16666698 11.50000000 43.50000000
v 9.50000000 11.50000000 43.50000000
v 14.83333302 11.50000000 43.50000000
v 17.50000000 11.50000000 43.50000000
v 17.50000000 11.50000000 25.50000000
v 17.50000000 4.30000019 25.50000000
v 17.50000000 11.50000000 25.50000000
v 9.50000000 11.50000000 25.50000000
v 17.50000000 4.30000019 43.79999924
v 17.50000000 4.30000019 25.50000000
v 9.50000000 4.30000019 25.50000000
v 9.50000000 4.30000019 43.79999924
v 9.50000000 -5.48496246 43.79999924
v 12.16666698 -5.48496246 43.79999924
v 14.83333302 -5.48496246 43.79999924
v 17.50000000 -5.48496246 43.79999924
v 17.50000000 4.30000019 43.79999924
v 13.50000000 -3.04838514 46.44945145
v 9.50000000 -2.50000000 46.50000000
v 12.16666698 -2.50000000 46.50000000
v 13.50000000 -4.07186031 46.05524063
v 9.50000000 -4.16472197 45.99573517
v 9.50000000 -3.36970997 46.37116623
v 14.83333302 -2.50000000 46.50000000
v 17.50000000 -2.50000000 46.50000000
v 17.50000000 -3.36970997 46.37116623
v 17.50000000 -4.16472197 45.99573517
v 13.50000000 -4.51246119 45.72486115
v 17.50000000 -4.81675434 45.40595245
v 13.50000000 -4.88524675 45.31950378
v 9.50000000 -4.81675434 45.40595245
v 13.50000000 -5.17765427 44.85283661
v 9.50000000 -5.26980495 44.65246582
v 9.50000000 -5.48496246 43.79999924
v 13.50000000 -5.37983036 44.34057999
v 12.16666698 -5.48496246 43.79999924
v 17.50000000 -5.26980495 44.65246582
v 17.50000000 -5.48496246 43.79999924
v 14.83333302 -5.48496246 43.79999924
v 9.50000000 4.30000019 43.79999924
v 9.50000000 11.50000000 43.50000000
v 9.50000000 8.50000000 46.50000000
v 9.50000000 -2.50000000 46.50000000
v 9.50000000 4.30000019 25.50000000
v 9.50000000 11.50000000 25.50000000
v 9.50000000 11.39777756 44.27645874
v 9.50000000 11.09807587 45.00000000
v 9.50000000 10.62132072 45.62131882
v 9.50000000 -5.26980495 44.65246582
v 9.50000000 -5.48496246 43.79999924
v 9.50000000 -4.81675434 45.40595245
v 9.50000000 -3.36970997 46.37116623
v 9.50000000 -4.16472197 45.99573517
v 9.50000000 10.00000000 46.09807587
v 9.50000000 9.27645683 46.39777756
v 17.00000000 -5.00000000 30.00000000
v 17.00000000 -5.00000000 41.50000000
v 11.50000000 -5.00000000 41.50000000
v 11.50000000 -5.00000000 23.50000000
v 18.00000000 -5.00000000 23.50000000
v 17.61731720 -5.00000000 29.07612038
v 17.29289246 -5.00000000 29.29289246
v 17.07612038 -5.00000000 29.61731720
v 18.00000000 -5.00000000 29.00000000
v 23.50000000 -5.00000000 29.00000000
v 18.00000000 -5.00000000 -12.00000000
v 23.50000000 -5.00000000 3.50000000
v 24.50000000 -5.00000000 3.50000000
v 24.50000000 -5.00000000 28.00000000
v 23.50000000 -5.00000000 -3.50000000
v 23.88268280 -5.00000000 28.92387962
v 24.20710754 -5.00000000 28.70710754
v 24.42387962 -5.00000000 28.38268280
v 23.83333397 -5.00000000 -10.00000000
v 23.50000000 -5.00000000 -10.00000000
v 23.50000000 -5.00000000 -12.00000000
v 24.50000000 -5.00000000 -10.00000000
v 24.50000000 -5.00000000 -3.50000000
v 24.16666603 -5.00000000 -10.00000000
v 23.50000000 -0.89999998 3.50000000
v 24.50000000 -0.89999998 3.50000000
v 24.50000000 -5.00000000 3.50000000
v 24.50000000 -4.53208876 -11.28557491
v 24.50000000 -4.05000019 -8.00000000
v 24.50000000 -4.73205090 -11.00000000
v 24.50000000 -4.28557539 -11.53208923
v 24.50000000 -4.00000000 -11.73205090
v 24.50000000 -3.94670701 -8.71841812
v 24.50000000 -4.87938547 -10.68404007
v 24.50000000 -5.00000000 -10.00000000
v 24.50000000 -4.96961546 -10.34729671
v 24.50000000 -5.00000000 -3.50000000
v 24.50000000 -3.64519644 -9.37863445
v 24.50000000 -3.34729624 -11.96961594
v 24.50000000 -3.68404031 -11.87938499
v 24.50000000 -2.55930829 -10.31956196
v 24.50000000 -3.00000000 -12.00000000
v 24.50000000 -1.86290288 -10.52404499
v 24.50000000 -1.13709712 -10.52404499
v 24.50000000 -3.16989493 -9.92716122
v 24.50000000 -0.89999998 -3.50000000
v 24.50000000 -2.55930829 -5.68043852
v 24.50000000 -3.94670701 -7.28158188
v 24.50000000 -3.64519644 -6.62136602
v 24.50000000 -3.16989493 -6.07283878
v 24.50000000 -5.00000000 3.50000000
v 24.50000000 -3.64519644 6.62136602
v 24.50000000 -3.94670701 7.28158188
v 24.50000000 -3.16989493 6.07283878
v 24.50000000 -4.05000019 8.00000000
v 24.50000000 -3.94670701 8.71841812
v 24.50000000 -5.00000000 28.00000000
v 24.50000000 -3.83333325 28.00000000
v 24.50000000 -3.00000000 23.50000000
v 24.50000000 -3.64519644 9.37863445
v 24.50000000 -1.86290288 -5.47595549
v 24.50000000 -0.89999998 3.50000000
v 24.50000000 -2.55930829 5.68043852
v 24.50000000 -3.00000000 12.00000000
v 24.50000000 0.00000000 12.00000000
v 24.50000000 -1.86290288 10.52404499
v 24.50000000 -1.50000000 28.00000000
v 24.50000000 -2.66666675 28.00000000
v 24.50000000 -2.55930829 10.31956196
v 24.50000000 -3.16989493 9.92716122
v 24.50000000 0.00000000 -12.00000000
v 24.50000000 -0.44069171 -10.31956196
v 24.50000000 0.34729636 -11.96961594
v 24.50000000 0.16989487 -9.92716122
v 24.50000000 0.68404031 -11.87938499
v 24.50000000 0.64519650 -9.37863445
v 24.50000000 -0.44069171 -5.68043852
v 24.50000000 0.16989487 -6.07283878
v 24.50000000 0.64519650 6.62136602
v 24.50000000 0.64519650 -6.62136602
v 24.50000000 1.00000000 -11.73205090
v 24.50000000 1.28557527 -11.53208923
v 24.50000000 0.94670707 -8.71841812
v 24.50000000 1.73205078 -11.00000000
v 24.50000000 1.04999995 -8.00000000
v 24.50000000 1.53208888 -11.28557491
v 24.50000000 2.00000000 -10.00000000
v 24.50000000 1.87938523 -10.68404007
v 24.50000000 0.94670707 -7.28158188
v 24.50000000 1.96961546 -10.34729671
v 24.50000000 0.94670707 7.28158188
v 24.50000000 -1.86290288 5.47595549
v 24.50000000 -0.44069171 5.68043852
v 24.50000000 0.16989487 6.07283878
v 24.50000000 -1.13709712 5.47595549
v 24.50000000 -1.13709712 -5.47595549
v 24.50000000 0.00000000 23.50000000
v 24.50000000 -0.33333334 28.00000000
v 24.50000000 -0.44069171 10.31956196
v 24.50000000 0.16989487 9.92716122
v 24.50000000 -1.13709712 10.52404499
v 24.50000000 1.04999995 8.00000000
v 24.50000000 2.00000000 28.00000000
v 24.50000000 0.94670707 8.71841812
v 24.50000000 0.64519650 9.37863445
v 24.50000000 0.83333331 28.00000000
v 24.50000000 0.00000000 23.50000000
v 23.50000000 0.00000000 23.50000000
v 23.50000000 0.00000000 12.00000000
v 24.00000000 -4.05000019 -8.00000000
v 23.50000000 -3.94670701 -8.71841812
v 23.50000000 -4.05000019 -8.00000000
v 24.50000000 -3.94670701 -8.71841812
v 24.50000000 -3.64519644 -9.37863445
v 23.50000000 -3.16989493 -9.92716122
v 24.50000000 -3.16989493 -9.92716122
v 24.50000000 -2.55930829 -10.31956196
v 23.50000000 -2.55930829 -10.31956196
v 24.50000000 -1.86290288 -10.52404499
v 23.50000000 -3.64519644 -9.37863445
v 24.50000000 -4.05000019 -8.00000000
v 24.50000000 -1.13709712 -10.52404499
v 23.50000000 -1.13709712 -10.52404499
v 23.50000000 -1.86290288 -10.52404499
v 24.50000000 -0.44069171 -10.31956196
v 23.50000000 -0.44069171 -10.31956196
v 24.50000000 0.16989487 -9.92716122
v 23.50000000 0.94670707 -8.71841812
v 23.50000000 0.64519650 -9.37863445
v 24.50000000 0.64519650 -9.37863445
v 24.00000000 1.04999995 -8.00000000
v 23.50000000 1.04999995 -8.00000000
v 23.50000000 0.16989487 -9.92716122
v 24.50000000 0.94670707 -8.71841812
v 24.50000000 1.04999995 -8.00000000
v 24.00000000 1.04999995 -8.00000000
v 23.50000000 0.94670707 -7.28158188
v 23.50000000 1.04999995 -8.00000000
v 24.50000000 0.94670707 -7.28158188
v 24.50000000 0.64519650 -6.62136602
v 23.50000000 0.16989487 -6.07283878
v 24.50000000 0.16989487 -6.07283878
v 24.50000000 -0.44069171 -5.68043852
v 23.50000000 -0.44069171 -5.68043852
v 24.50000000 -1.13709712 -5.47595549
v 23.50000000 0.64519650 -6.62136602
v 24.50000000 1.04999995 -8.00000000
v 24.50000000 -1.86290288 -5.47595549
v 23.50000000 -1.86290288 -5.47595549
v 23.50000000 -1.13709712 -5.47595549
v 23.50000000 -2.55930829 -5.68043852
v 24.50000000 -2.55930829 -5.68043852
v 24.50000000 -3.16989493 -6.07283878
v 23.50000000 -3.64519644 -6.62136602
v 24.50000000 -3.64519644 -6.62136602
v 24.50000000 -3.94670701 -7.28158188
v 24.00000000 -4.05000019 -8.00000000
v 23.50000000 -4.05000019 -8.00000000
v 23.50000000 -3.94670701 -7.28158188
v 23.50000000 -3.16989493 -6.07283878
v 24.50000000 -4.05000019 -8.00000000
v 24.00000000 -4.05000019 8.00000000
v 23.50000000 -3.94670701 7.28158188
v 23.50000000 -4.05000019 8.00000000
v 24.50000000 -3.94670701 7.28158188
v 24.50000000 -3.64519644 6.62136602
v 23.50000000 -3.16989493 6.07283878
v 24.50000000 -3.16989493 6.07283878
v 24.50000000 -2.55930829 5.68043852
v 23.50000000 -2.55930829 5.68043852
v 24.50000000 -1.86290288 5.47595549
v 23.50000000 -3.64519644 6.62136602
v 24.50000000 -4.05000019 8.00000000
v 24.50000000 -1.13709712 5.47595549
v 23.50000000 -1.13709712 5.47595549
v 23.50000000 -1.86290288 5.47595549
v 23.50000000 -0.44069171 5.68043852
v 23.50000000 0.16989487 6.07283878
v 24.50000000 -0.44069171 5.68043852
v 23.50000000 0.64519650 6.62136602
v 24.50000000 0.64519650 6.62136602
v 24.50000000 0.94670707 7.28158188
v 24.00000000 1.04999995 8.00000000
v 23.50000000 1.04999995 8.00000000
v 23.50000000 0.94670707 7.28158188
v 24.50000000 0.16989487 6.07283878
v 24.50000000 1.04999995 8.00000000
v 24.00000000 1.04999995 8.00000000
v 23.50000000 0.94670707 8.71841812
v 23.50000000 1.04999995 8.00000000
v 24.50000000 0.94670707 8.71841812
v 24.50000000 0.64519650 9.37863445
v 23.50000000 0.16989487 9.92716122
v 24.50000000 0.16989487 9.92716122
v 24.50000000 -0.44069171 10.31956196
v 23.50000000 -0.44069171 10.31956196
v 24.50000000 -1.13709712 10.52404499
v 23.50000000 0.64519650 9.37863445
v 24.50000000 1.04999995 8.00000000
v 24.50000000 -1.86290288 10.52404499
v 23.50000000 -1.86290288 10.52404499
v 23.50000000 -1.13709712 10.52404499
v 24.50000000 -2.55930829 10.31956196
v 23.50000000 -2.55930829 10.31956196
v 24.50000000 -3.16989493 9.92716122
v 23.50000000 -3.64519644 9.37863445
v 24.50000000 -3.64519644 9.37863445
v 24.50000000 -3.94670701 8.71841812
v 24.00000000 -4.05000019 8.00000000
v 23.50000000 -4.05000019 8.00000000
v 23.50000000 -3.94670701 8.71841812
v 23.50000000 -3.16989493 9.92716122
v 24.50000000 -4.05000019 8.00000000
v 23.57485008 -0.89999998 0.32403705
v 23.50000000 -0.89999998 3.50000000
v 23.50000000 -0.89999998 0.64031243
v 23.60000038 -0.89999998 0.00000000
v 24.50000000 -0.89999998 3.50000000
v 23.57485008 -0.89999998 -0.32403705
v 23.50000000 -0.89999998 -0.64031243
v 23.50000000 -0.89999998 -3.50000000
v 24.50000000 -0.89999998 -3.50000000
v 23.57408905 0.55000001 -0.32887074
v 23.57408905 1.27499998 -0.32887074
v 23.54232407 1.27499998 -0.48878446
v 23.57408905 -0.17500000 -0.32887074
v 23.54232407 0.55000001 -0.48878446
v 23.59351158 0.55000001 -0.16494496
v 23.59351158 1.27499998 -0.16494496
v 23.59351158 -0.17500000 -0.16494496
v 23.50000000 2.00000000 -0.64031243
v 23.50000000 1.51666665 -0.64031243
v 23.50000000 1.03333330 -0.64031243
v 23.57485008 2.00000000 -0.32403705
v 23.54232407 -0.17500000 -0.48878446
v 23.50000000 0.06666667 -0.64031243
v 23.50000000 -0.41666666 -0.64031243
v 23.50000000 -0.89999998 -0.64031243
v 23.57485008 -0.89999998 -0.32403705
v 23.50000000 0.55000001 -0.64031243
v 23.60000038 2.00000000 0.00000000
v 23.60000038 0.55000001 0.00000000
v 23.60000038 1.03333330 0.00000000
v 23.60000038 1.51666665 0.00000000
v 23.60000038 -0.89999998 0.00000000
v 23.60000038 0.06666667 0.00000000
v 23.60000038 -0.41666666 0.00000000
v 23.57408333 0.55000001 0.32890704
v 23.57408333 1.27499998 0.32890704
v 23.59323883 1.27499998 0.16836652
v 23.57408333 -0.17500000 0.32890704
v 23.59323883 0.55000001 0.16836652
v 23.54298401 0.55000001 0.48602331
v 23.54298401 1.27499998 0.48602331
v 23.54298401 -0.17500000 0.48602331
v 23.60000038 2.00000000 0.00000000
v 23.60000038 1.51666665 0.00000000
v 23.60000038 1.03333330 0.00000000
v 23.60000038 0.55000001 0.00000000
v 23.57485008 2.00000000 0.32403705
v 23.59323883 -0.17500000 0.16836652
v 23.60000038 0.06666667 0.00000000
v 23.60000038 -0.41666666 0.00000000
v 23.60000038 -0.89999998 0.00000000
v 23.57485008 -0.89999998 0.32403705
v 23.50000000 2.00000000 0.64031243
v 23.50000000 1.51666665 0.64031243
v 23.50000000 1.03333330 0.64031243
v 23.50000000 0.55000001 0.64031243
v 23.50000000 0.06666667 0.64031243
v 23.50000000 -0.89999998 0.64031243
v 23.50000000 -0.41666666 0.64031243
v 17.00000000 2.00000000 30.00000000
v 11.50000000 2.00000000 41.50000000
v 17.00000000 2.00000000 41.50000000
v 11.50000000 2.00000000 23.50000000
v 18.00000000 2.00000000 23.50000000
v 17.29289246 2.00000000 29.29289246
v 17.61731720 2.00000000 29.07612038
v 17.07612038 2.00000000 29.61731720
v 18.00000000 2.00000000 29.00000000
v 23.50000000 2.00000000 29.00000000
v 18.00000000 2.00000000 -12.00000000
v 23.50000000 2.00000000 0.64031243
v 24.50000000 2.00000000 28.00000000
v 23.50000000 2.00000000 -0.64031243
v 23.60000038 2.00000000 0.00000000
v 23.57485008 2.00000000 0.32403705
v 24.20710754 2.00000000 28.70710754
v 24.42387962 2.00000000 28.38268280
v 23.88268280 2.00000000 28.92387962
v 24.50000000 2.00000000 -10.00000000
v 23.50000000 2.00000000 -10.00000000
v 23.83333397 2.00000000 -10.00000000
v 23.50000000 2.00000000 -12.00000000
v 23.57485008 2.00000000 -0.32403705
v 24.16666603 2.00000000 -10.00000000
v 24.16666603 2.00000000 -10.00000000
v 24.50000000 2.00000000 -10.00000000
v 24.50000000 1.96961546 -10.34729671
v 24.00000000 1.96157050 -10.39018059
v 24.00000000 1.66293919 -11.11114025
v 24.50000000 1.87938523 -10.68404007
v 24.50000000 1.73205078 -11.00000000
v 24.50000000 1.53208888 -11.28557491
v 23.83333397 2.00000000 -10.00000000
v 23.50000000 1.96961546 -10.34729671
v 23.50000000 2.00000000 -10.00000000
v 23.50000000 1.87938523 -10.68404007
v 24.00000000 1.41421354 -11.41421318
v 23.50000000 1.53208888 -11.28557491
v 23.50000000 1.28557527 -11.53208923
v 23.50000000 1.73205078 -11.00000000
v 24.50000000 1.28557527 -11.53208923
v 24.50000000 1.00000000 -11.73205090
v 24.00000000 1.11114049 -11.66293907
v 24.00000000 0.76536685 -11.84775925
v 24.50000000 0.68404031 -11.87938499
v 24.50000000 0.34729636 -11.96961594
v 24.00000000 0.39018065 -11.96157074
v 24.50000000 0.00000000 -12.00000000
v 24.16666603 0.00000000 -12.00000000
v 23.50000000 1.00000000 -11.73205090
v 23.50000000 0.68404031 -11.87938499
v 23.50000000 0.34729636 -11.96961594
v 23.83333397 0.00000000 -12.00000000
v 23.50000000 0.00000000 -12.00000000
v 24.16666603 0.00000000 -12.00000000
v 24.50000000 0.00000000 -12.00000000
v 24.50000000 -3.00000000 -12.00000000
v 23.83333397 0.00000000 -12.00000000
v 24.16666603 -3.00000000 -12.00000000
v 18.00000000 2.00000000 -12.00000000
v 23.50000000 2.00000000 -12.00000000
v 23.50000000 0.00000000 -12.00000000
v 23.50000000 -3.00000000 -12.00000000
v 23.83333397 -3.00000000 -12.00000000
v 18.00000000 -5.00000000 -12.00000000
v 23.50000000 -5.00000000 -12.00000000
v 23.83333397 -5.00000000 -10.00000000
v 23.50000000 -5.00000000 -10.00000000
v 23.50000000 -4.96961546 -10.34729671
v 24.00000000 -4.96157074 -10.39018059
v 24.00000000 -4.66293907 -11.11114025
v 23.50000000 -4.87938547 -10.68404007
v 23.50000000 -4.73205090 -11.00000000
v 23.50000000 -4.53208876 -11.28557491
v 24.16666603 -5.00000000 -10.00000000
v 24.50000000 -4.96961546 -10.34729671
v 24.50000000 -5.00000000 -10.00000000
v 24.50000000 -4.87938547 -10.68404007
v 24.00000000 -4.41421366 -11.41421318
v 24.50000000 -4.53208876 -11.28557491
v 24.50000000 -4.28557539 -11.53208923
v 24.50000000 -4.73205090 -11.00000000
v 23.50000000 -4.28557539 -11.53208923
v 24.00000000 -4.11114025 -11.66293907
v 23.50000000 -4.00000000 -11.73205090
v 24.00000000 -3.76536679 -11.84775925
v 23.50000000 -3.68404031 -11.87938499
v 23.50000000 -3.34729624 -11.96961594
v 24.00000000 -3.39018059 -11.96157074
v 23.50000000 -3.00000000 -12.00000000
v 23.83333397 -3.00000000 -12.00000000
v 24.50000000 -4.00000000 -11.73205090
v 24.50000000 -3.68404031 -11.87938499
v 24.50000000 -3.34729624 -11.96961594
v 24.16666603 -3.00000000 -12.00000000
v 24.50000000 -3.00000000 -12.00000000
v 24.20710754 -1.50000000 28.70710754
v 23.88268280 -1.50000000 28.92387962
v 23.88268280 -3.25000000 28.92387962
v 24.20710754 0.25000000 28.70710754
v 23.88268280 0.25000000 28.92387962
v 24.42387962 -1.50000000 28.38268280
v 24.20710754 -3.25000000 28.70710754
v 24.42387962 0.25000000 28.38268280
v 23.88268280 -5.00000000 28.92387962
v 23.50000000 -3.83333325 29.00000000
v 23.50000000 -5.00000000 29.00000000
v 23.50000000 -2.66666675 29.00000000
v 24.20710754 -5.00000000 28.70710754
v 24.42387962 -5.00000000 28.38268280
v 24.42387962 -3.25000000 28.38268280
v 23.50000000 -0.33333334 29.00000000
v 23.50000000 -1.50000000 29.00000000
v 23.50000000 0.83333331 29.00000000
v 23.88268280 2.00000000 28.92387962
v 23.50000000 2.00000000 29.00000000
v 24.20710754 2.00000000 28.70710754
v 24.50000000 -3.83333325 28.00000000
v 24.50000000 -2.66666675 28.00000000
v 24.50000000 -5.00000000 28.00000000
v 24.50000000 -1.50000000 28.00000000
v 24.50000000 -0.33333334 28.00000000
v 24.42387962 2.00000000 28.38268280
v 24.50000000 0.83333331 28.00000000
v 24.50000000 2.00000000 28.00000000
v 18.00000000 -3.83333325 29.00000000
v 18.00000000 -5.00000000 29.00000000
v 23.50000000 -5.00000000 29.00000000
v 18.00000000 -2.66666675 29.00000000
v 23.50000000 -3.83333325 29.00000000
v 18.00000000 -0.33333334 29.00000000
v 18.00000000 -1.50000000 29.00000000
v 23.50000000 -1.50000000 29.00000000
v 18.00000000 2.00000000 29.00000000
v 18.00000000 0.83333331 29.00000000
v 23.50000000 0.83333331 29.00000000
v 23.50000000 -0.33333334 29.00000000
v 23.50000000 -2.66666675 29.00000000
v 17.29289246 -1.50000000 29.29289246
v 17.29289246 -3.25000000 29.29289246
v 17.61731720 -3.25000000 29.07612038
v 17.29289246 0.25000000 29.29289246
v 17.61731720 -1.50000000 29.07612038
v 17.07612038 -1.50000000 29.61731720
v 17.07612038 -3.25000000 29.61731720
v 17.07612038 0.25000000 29.61731720
v 18.00000000 -3.83333325 29.00000000
v 17.61731720 -5.00000000 29.07612038
v 18.00000000 -2.66666675 29.00000000
v 17.61731720 0.25000000 29.07612038
v 18.00000000 -0.33333334 29.00000000
v 18.00000000 0.83333331 29.00000000
v 17.61731720 2.00000000 29.07612038
v 18.00000000 2.00000000 29.00000000
v 18.00000000 -1.50000000 29.00000000
v 17.29289246 2.00000000 29.29289246
v 17.07612038 -5.00000000 29.61731720
v 17.29289246 -5.00000000 29.29289246
v 17.00000000 -3.83333325 30.00000000
v 17.00000000 -2.66666675 30.00000000
v 17.07612038 2.00000000 29.61731720
v 17.00000000 0.83333331 30.00000000
v 17.00000000 -0.33333334 30.00000000
v 17.00000000 2.00000000 30.00000000
v 17.00000000 -3.83333325 30.00000000
v 17.00000000 -3.63987708 32.80471039
v 17.00000000 -5.00000000 30.00000000
v 17.00000000 -2.82251692 31.67971230
v 17.00000000 -3.32028818 32.17748260
v 17.00000000 -3.75000000 33.50000000
v 17.00000000 -5.00000000 41.50000000
v 17.00000000 -3.63987708 34.19528961
v 17.00000000 -1.50000000 30.00000000
v 17.00000000 -2.19528818 31.36012268
v 17.00000000 -2.66666675 30.00000000
v 17.00000000 -0.80471176 31.36012268
v 17.00000000 -1.50000000 31.25000000
v 17.00000000 -3.32028818 37.17748260
v 17.00000000 -3.32028818 34.82251740
v 17.00000000 -3.63987708 37.80471039
v 17.00000000 -3.75000000 38.50000000
v 17.00000000 -3.32028818 39.82251740
v 17.00000000 -3.63987708 39.19528961
v 17.00000000 -2.82251692 40.32028961
v 17.00000000 -2.19528818 36.36012268
v 17.00000000 -2.82251692 35.32028961
v 17.00000000 -2.19528818 35.63987732
v 17.00000000 -1.50000000 36.25000000
v 17.00000000 -2.82251692 36.67971039
v 17.00000000 -2.19528818 40.63987732
v 17.00000000 -1.50000000 40.75000000
v 17.00000000 -0.17748319 31.67971230
v 17.00000000 -0.33333334 30.00000000
v 17.00000000 -0.17748319 36.67971039
v 17.00000000 -0.17748319 35.32028961
v 17.00000000 0.32028824 34.82251740
v 17.00000000 -0.80471176 36.36012268
v 17.00000000 -0.80471176 35.63987732
v 17.00000000 0.83333331 30.00000000
v 17.00000000 0.63987714 32.80471039
v 17.00000000 0.32028824 32.17748260
v 17.00000000 2.00000000 30.00000000
v 17.00000000 0.75000000 33.50000000
v 17.00000000 2.00000000 41.50000000
v 17.00000000 0.63987714 34.19528961
v 17.00000000 0.32028824 37.17748260
v 17.00000000 -1.50000000 35.75000000
v 17.00000000 -0.80471176 40.63987732
v 17.00000000 -0.17748319 40.32028961
v 17.00000000 0.63987714 37.80471039
v 17.00000000 0.32028824 39.82251740
v 17.00000000 0.63987714 39.19528961
v 17.00000000 0.75000000 38.50000000
v 11.50000000 2.00000000 41.50000000
v 11.50000000 -5.00000000 41.50000000
v 17.00000000 -5.00000000 41.50000000
v 12.75000000 -2.56246138 38.05991364
v 11.50000000 -2.53611422 38.00103378
v 12.33333302 -2.65000010 38.50000000
v 11.50000000 -2.65000010 38.50000000
v 13.16666698 -2.65000010 38.50000000
v 11.50000000 -2.21701336 37.60089493
v 12.75000000 -1.94008589 37.43753815
v 11.50000000 -1.75589907 37.37883377
v 14.00000000 -2.65000010 38.50000000
v 14.00000000 -2.53611422 38.00103378
v 14.00000000 -1.75589907 37.37883377
v 12.75000000 -1.50000000 37.34999847
v 14.00000000 -2.21701336 37.60089493
v 14.00000000 -1.24410093 37.37883377
v 12.75000000 -1.05991411 37.43753815
v 11.50000000 -1.24410093 37.37883377
v 11.50000000 -0.78298670 37.60089493
v 12.33333302 -0.34999999 38.50000000
v 11.50000000 -0.34999999 38.50000000
v 11.50000000 -0.46388581 38.00103378
v 12.75000000 -0.68682718 37.68682861
v 12.75000000 -0.43753853 38.05991364
v 14.00000000 -0.78298670 37.60089493
v 14.00000000 -0.46388581 38.00103378
v 13.16666698 -0.34999999 38.50000000
v 14.00000000 -0.34999999 38.50000000
v 14.00000000 -2.21701336 32.60089493
v 14.00000000 -2.53611422 33.00103378
v 14.00000000 -3.32028818 32.17748260
v 14.00000000 -2.65000010 33.50000000
v 14.00000000 -3.63987708 32.80471039
v 14.00000000 -2.82251692 31.67971230
v 14.00000000 -1.75589907 32.37883377
v 14.00000000 -2.19528818 31.36012268
v 14.00000000 -1.50000000 31.25000000
v 14.00000000 -2.53611422 33.99896622
v 14.00000000 -3.32028818 34.82251740
v 14.00000000 -3.63987708 34.19528961
v 14.00000000 -2.21701336 34.39910507
v 14.00000000 -2.82251692 35.32028961
v 14.00000000 -3.75000000 33.50000000
v 14.00000000 -2.19528818 35.63987732
v 14.00000000 -1.75589907 34.62116623
v 14.00000000 -1.50000000 35.75000000
v 14.00000000 -1.24410093 32.37883377
v 14.00000000 -0.78298670 32.60089493
v 14.00000000 -0.80471176 31.36012268
v 14.00000000 0.32028824 32.17748260
v 14.00000000 -0.46388581 33.00103378
v 14.00000000 -0.17748319 31.67971230
v 14.00000000 0.63987714 32.80471039
v 14.00000000 0.75000000 33.50000000
v 14.00000000 -0.34999999 33.50000000
v 14.00000000 -0.80471176 35.63987732
v 14.00000000 -1.24410093 34.62116623
v 14.00000000 -0.78298670 34.39910507
v 14.00000000 -0.17748319 35.32028961
v 14.00000000 -0.46388581 33.99896622
v 14.00000000 0.63987714 34.19528961
v 14.00000000 0.32028824 34.82251740
v 14.00000000 -2.21701336 37.60089493
v 14.00000000 -2.53611422 38.00103378
v 14.00000000 -3.32028818 37.17748260
v 14.00000000 -2.65000010 38.50000000
v 14.00000000 -3.63987708 37.80471039
v 14.00000000 -2.82251692 36.67971039
v 14.00000000 -1.75589907 37.37883377
v 14.00000000 -2.19528818 36.36012268
v 14.00000000 -1.50000000 36.25000000
v 14.00000000 -3.63987708 39.19528961
v 14.00000000 -2.53611422 38.99896622
v 14.00000000 -3.32028818 39.82251740
v 14.00000000 -2.21701336 39.39910507
v 14.00000000 -2.82251692 40.32028961
v 14.00000000 -3.75000000 38.50000000
v 14.00000000 -2.19528818 40.63987732
v 14.00000000 -1.75589907 39.62116623
v 14.00000000 -1.50000000 40.75000000
v 14.00000000 -1.24410093 37.37883377
v 14.00000000 -0.78298670 37.60089493
v 14.00000000 -0.80471176 36.36012268
v 14.00000000 0.32028824 37.17748260
v 14.00000000 -0.46388581 38.00103378
v 14.00000000 -0.17748319 36.67971039
v 14.00000000 0.63987714 37.80471039
v 14.00000000 0.75000000 38.50000000
v 14.00000000 -0.34999999 38.50000000
v 14.00000000 -0.80471176 40.63987732
v 14.00000000 -1.24410093 39.62116623
v 14.00000000 -0.78298670 39.39910507
v 14.00000000 -0.17748319 40.32028961
v 14.00000000 -0.46388581 38.99896622
v 14.00000000 0.63987714 39.19528961
v 14.00000000 0.32028824 39.82251740
v 15.50000000 -3.75000000 33.50000000
v 14.00000000 -3.63987708 32.80471039
v 14.00000000 -3.75000000 33.50000000
v 17.00000000 -3.63987708 32.80471039
v 17.00000000 -3.32028818 32.17748260
v 14.00000000 -2.82251692 31.67971230
v 17.00000000 -2.82251692 31.67971230
v 17.00000000 -2.19528818 31.36012268
v 17.00000000 -1.50000000 31.25000000
v 14.00000000 -1.50000000 31.25000000
v 14.00000000 -3.32028818 32.17748260
v 17.00000000 -3.75000000 33.50000000
v 14.00000000 -0.17748319 31.67971230
v 14.00000000 -0.80471176 31.36012268
v 17.00000000 -0.80471176 31.36012268
v 14.00000000 0.32028824 32.17748260
v 17.00000000 -0.17748319 31.67971230
v 15.50000000 0.75000000 33.50000000
v 14.00000000 0.75000000 33.50000000
v 14.00000000 0.63987714 32.80471039
v 17.00000000 0.32028824 32.17748260
v 17.00000000 0.63987714 32.80471039
v 17.00000000 0.75000000 33.50000000
v 15.50000000 0.75000000 33.50000000
v 14.00000000 0.63987714 34.19528961
v 14.00000000 0.75000000 33.50000000
v 17.00000000 0.63987714 34.19528961
v 17.00000000 0.32028824 34.82251740
v 14.00000000 -0.17748319 35.32028961
v 17.00000000 -0.17748319 35.32028961
v 17.00000000 -0.80471176 35.63987732
v 17.00000000 -1.50000000 35.75000000
v 14.00000000 -1.50000000 35.75000000
v 14.00000000 0.32028824 34.82251740
v 17.00000000 0.75000000 33.50000000
v 14.00000000 -2.82251692 35.32028961
v 14.00000000 -2.19528818 35.63987732
v 17.00000000 -2.19528818 35.63987732
v 14.00000000 -3.32028818 34.82251740
v 17.00000000 -2.82251692 35.32028961
v 15.50000000 -3.75000000 33.50000000
v 14.00000000 -3.75000000 33.50000000
v 14.00000000 -3.63987708 34.19528961
v 17.00000000 -3.32028818 34.82251740
v 17.00000000 -3.63987708 34.19528961
v 17.00000000 -3.75000000 33.50000000
v 15.50000000 -3.75000000 38.50000000
v 14.00000000 -3.63987708 37.80471039
v 14.00000000 -3.75000000 38.50000000
v 17.00000000 -3.63987708 37.80471039
v 17.00000000 -3.32028818 37.17748260
v 14.00000000 -2.82251692 36.67971039
v 17.00000000 -2.82251692 36.67971039
v 17.00000000 -2.19528818 36.36012268
v 17.00000000 -1.50000000 36.25000000
v 14.00000000 -1.50000000 36.25000000
v 14.00000000 -3.32028818 37.17748260
v 17.00000000 -3.75000000 38.50000000
v 14.00000000 -0.17748319 36.67971039
v 14.00000000 -0.80471176 36.36012268
v 17.00000000 -0.80471176 36.36012268
v 14.00000000 0.32028824 37.17748260
v 17.00000000 -0.17748319 36.67971039
v 15.50000000 0.75000000 38.50000000
v 14.00000000 0.75000000 38.50000000
v 14.00000000 0.63987714 37.80471039
v 17.00000000 0.32028824 37.17748260
v 17.00000000 0.63987714 37.80471039
v 17.00000000 0.75000000 38.50000000
v 15.50000000 0.75000000 38.50000000
v 14.00000000 0.63987714 39.19528961
v 14.00000000 0.75000000 38.50000000
v 17.00000000 0.63987714 39.19528961
v 17.00000000 0.32028824 39.82251740
v 14.00000000 -0.17748319 40.32028961
v 17.00000000 -0.17748319 40.32028961
v 17.00000000 -0.80471176 40.63987732
v 17.00000000 -1.50000000 40.75000000
v 14.00000000 -1.50000000 40.75000000
v 14.00000000 0.32028824 39.82251740
v 17.00000000 0.75000000 38.50000000
v 14.00000000 -2.82251692 40.32028961
v 14.00000000 -2.19528818 40.63987732
v 17.00000000 -2.19528818 40.63987732
v 14.00000000 -3.32028818 39.82251740
v 17.00000000 -2.82251692 40.32028961
v 15.50000000 -3.75000000 38.50000000
v 14.00000000 -3.75000000 38.50000000
v 14.00000000 -3.63987708 39.19528961
v 17.00000000 -3.32028818 39.82251740
v 17.00000000 -3.63987708 39.19528961
v 17.00000000 -3.75000000 38.50000000
v 12.75000000 -0.43753853 38.94008636
v 11.50000000 -0.46388581 38.99896622
v 12.33333302 -0.34999999 38.50000000
v 11.50000000 -0.34999999 38.50000000
v 13.16666698 -0.34999999 38.50000000
v 11.50000000 -0.78298670 39.39910507
v 12.75000000 -1.05991411 39.56246185
v 11.50000000 -1.24410093 39.62116623
v 14.00000000 -0.34999999 38.50000000
v 14.00000000 -0.46388581 38.99896622
v 14.00000000 -1.24410093 39.62116623
v 12.75000000 -1.50000000 39.65000153
v 14.00000000 -0.78298670 39.39910507
v 14.00000000 -1.75589907 39.62116623
v 11.50000000 -1.75589907 39.62116623
v 12.75000000 -1.94008589 39.56246185
v 11.50000000 -2.21701336 39.39910507
v 12.33333302 -2.65000010 38.50000000
v 11.50000000 -2.65000010 38.50000000
v 11.50000000 -2.53611422 38.99896622
v 12.75000000 -2.31317282 39.31317139
v 12.75000000 -2.56246138 38.94008636
v 14.00000000 -2.21701336 39.39910507
v 14.00000000 -2.53611422 38.99896622
v 13.16666698 -2.65000010 38.50000000
v 14.00000000 -2.65000010 38.50000000
v 12.75000000 -2.56246138 33.05991364
v 11.50000000 -2.53611422 33.00103378
v 12.33333302 -2.65000010 33.50000000
v 11.50000000 -2.65000010 33.50000000
v 13.16666698 -2.65000010 33.50000000
v 11.50000000 -2.21701336 32.60089493
v 12.75000000 -1.94008589 32.43753815
v 11.50000000 -1.75589907 32.37883377
v 14.00000000 -2.65000010 33.50000000
v 14.00000000 -2.53611422 33.00103378
v 14.00000000 -1.75589907 32.37883377
v 12.75000000 -1.50000000 32.34999847
v 14.00000000 -2.21701336 32.60089493
v 14.00000000 -1.24410093 32.37883377
v 11.50000000 -1.24410093 32.37883377
v 12.75000000 -1.05991411 32.43753815
v 11.50000000 -0.78298670 32.60089493
v 12.33333302 -0.34999999 33.50000000
v 11.50000000 -0.34999999 33.50000000
v 11.50000000 -0.46388581 33.00103378
v 12.75000000 -0.68682718 32.68682861
v 12.75000000 -0.43753853 33.05991364
v 14.00000000 -0.78298670 32.60089493
v 14.00000000 -0.46388581 33.00103378
v 13.16666698 -0.34999999 33.50000000
v 14.00000000 -0.34999999 33.50000000
v 12.75000000 -0.43753853 33.94008636
v 11.50000000 -0.46388581 33.99896622
v 12.33333302 -0.34999999 33.50000000
v 11.50000000 -0.34999999 33.50000000
v 13.16666698 -0.34999999 33.50000000
v 11.50000000 -0.78298670 34.39910507
v 12.75000000 -1.05991411 34.56246185
v 11.50000000 -1.24410093 34.62116623
v 14.00000000 -0.34999999 33.50000000
v 14.00000000 -0.46388581 33.99896622
v 14.00000000 -1.24410093 34.62116623
v 12.75000000 -1.50000000 34.65000153
v 14.00000000 -0.78298670 34.39910507
v 14.00000000 -1.75589907 34.62116623
v 11.50000000 -1.75589907 34.62116623
v 12.75000000 -1.94008589 34.56246185
v 11.50000000 -2.21701336 34.39910507
v 12.33333302 -2.65000010 33.50000000
v 11.50000000 -2.65000010 33.50000000
v 11.50000000 -2.53611422 33.99896622
v 12.75000000 -2.31317282 34.31317139
v 12.75000000 -2.56246138 33.94008636
v 14.00000000 -2.21701336 34.39910507
v 14.00000000 -2.53611422 33.99896622
v 13.16666698 -2.65000010 33.50000000
v 14.00000000 -2.65000010 33.50000000
v 23.50000000 -0.89999998 -3.50000000
v 23.50000000 -5.00000000 -3.50000000
v 24.50000000 -5.00000000 -3.50000000
v 23.50000000 0.00000000 12.00000000
v 23.50000000 -3.00000000 12.00000000
v 24.50000000 -3.00000000 12.00000000
v 23.50000000 -3.00000000 12.00000000
v 23.50000000 -3.00000000 23.50000000
v 24.50000000 -3.00000000 23.50000000
v 8.50000000 -2.29999995 33.50000000
v 8.50000000 -2.22077513 33.15289307
v 8.50000000 -1.99879181 32.87453461
v 8.50000000 -1.32198322 32.72005844
v 8.50000000 -2.22077513 33.84710693
v 8.50000000 -1.67801678 32.72005844
v 8.50000000 -1.00120819 32.87453461
v 8.50000000 -0.77922493 33.15289307
v 8.50000000 -1.67801678 34.27994156
v 8.50000000 -1.99879181 34.12546539
v 8.50000000 -1.32198322 34.27994156
v 8.50000000 -0.69999999 33.50000000
v 8.50000000 -0.77922493 33.84710693
v 8.50000000 -1.00120819 34.12546539
v 10.00000000 -0.76089638 33.19385147
v 11.50000000 -0.77922493 33.15289307
v 10.50000000 -0.69999999 33.50000000
v 11.50000000 -0.69999999 33.50000000
v 9.50000000 -0.69999999 33.50000000
v 11.50000000 -1.00120819 32.87453461
v 10.00000000 -1.19385326 32.76089478
v 11.50000000 -1.32198322 32.72005844
v 8.50000000 -0.69999999 33.50000000
v 8.50000000 -0.77922493 33.15289307
v 8.50000000 -1.32198322 32.72005844
v 10.00000000 -1.50000000 32.70000076
v 8.50000000 -1.00120819 32.87453461
v 8.50000000 -1.67801678 32.72005844
v 10.00000000 -1.80614674 32.76089478
v 11.50000000 -1.67801678 32.72005844
v 11.50000000 -1.99879181 32.87453461
v 10.50000000 -2.29999995 33.50000000
v 11.50000000 -2.29999995 33.50000000
v 11.50000000 -2.22077513 33.15289307
v 10.00000000 -2.06568551 32.93431473
v 10.00000000 -2.23910356 33.19385147
v 8.50000000 -1.99879181 32.87453461
v 8.50000000 -2.22077513 33.15289307
v 9.50000000 -2.29999995 33.50000000
v 8.50000000 -2.29999995 33.50000000
v 10.00000000 -2.23910356 33.80614853
v 11.50000000 -2.22077513 33.84710693
v 10.50000000 -2.29999995 33.50000000
v 11.50000000 -2.29999995 33.50000000
v 9.50000000 -2.29999995 33.50000000
v 11.50000000 -1.99879181 34.12546539
v 10.00000000 -1.80614674 34.23910522
v 11.50000000 -1.67801678 34.27994156
v 8.50000000 -2.29999995 33.50000000
v 8.50000000 -2.22077513 33.84710693
v 8.50000000 -1.67801678 34.27994156
v 10.00000000 -1.50000000 34.29999924
v 8.50000000 -1.99879181 34.12546539
v 8.50000000 -1.32198322 34.27994156
v 11.50000000 -1.32198322 34.27994156
v 10.00000000 -1.19385326 34.23910522
v 11.50000000 -1.00120819 34.12546539
v 10.50000000 -0.69999999 33.50000000
v 11.50000000 -0.69999999 33.50000000
v 11.50000000 -0.77922493 33.84710693
v 10.00000000 -0.93431455 34.06568527
v 10.00000000 -0.76089638 33.80614853
v 8.50000000 -1.00120819 34.12546539
v 8.50000000 -0.77922493 33.84710693
v 9.50000000 -0.69999999 33.50000000
v 8.50000000 -0.69999999 33.50000000
v 11.50000000 -1.67801678 32.72005844
v 11.50000000 -2.21701336 32.60089493
v 11.50000000 -1.75589907 32.37883377
v 11.50000000 -1.99879181 32.87453461
v 11.50000000 -1.32198322 32.72005844
v 11.50000000 -2.22077513 33.15289307
v 11.50000000 -2.29999995 33.50000000
v 11.50000000 -2.53611422 33.00103378
v 11.50000000 -2.65000010 33.50000000
v 11.50000000 -1.00120819 32.87453461
v 11.50000000 -1.24410093 32.37883377
v 11.50000000 -0.78298670 32.60089493
v 11.50000000 -0.46388581 33.00103378
v 11.50000000 -0.77922493 33.15289307
v 11.50000000 -0.34999999 33.50000000
v 11.50000000 -0.69999999 33.50000000
v 11.50000000 -2.22077513 33.84710693
v 11.50000000 -2.53611422 33.99896622
v 11.50000000 -1.99879181 34.12546539
v 11.50000000 -1.67801678 34.27994156
v 11.50000000 -2.21701336 34.39910507
v 11.50000000 -1.32198322 34.27994156
v 11.50000000 -1.75589907 34.62116623
v 11.50000000 -0.46388581 33.99896622
v 11.50000000 -0.77922493 33.84710693
v 11.50000000 -1.00120819 34.12546539
v 11.50000000 -1.24410093 34.62116623
v 11.50000000 -0.78298670 34.39910507
v 8.50000000 -2.29999995 38.50000000
v 8.50000000 -2.22077513 38.15289307
v 8.50000000 -1.99879181 37.87453461
v 8.50000000 -1.67801678 37.72005844
v 8.50000000 -1.67801678 39.27994156
v 8.50000000 -1.32198322 39.27994156
v 8.50000000 -1.32198322 37.72005844
v 8.50000000 -1.00120819 37.87453461
v 8.50000000 -0.77922493 38.15289307
v 8.50000000 -0.77922493 38.84710693
v 8.50000000 -1.99879181 39.12546539
v 8.50000000 -0.69999999 38.50000000
v 8.50000000 -1.00120819 39.12546539
v 8.50000000 -2.22077513 38.84710693
v 10.00000000 -0.76089638 38.19385147
v 11.50000000 -0.77922493 38.15289307
v 10.50000000 -0.69999999 38.50000000
v 11.50000000 -0.69999999 38.50000000
v 9.50000000 -0.69999999 38.50000000
v 11.50000000 -1.00120819 37.87453461
v 10.00000000 -1.19385326 37.76089478
v 11.50000000 -1.32198322 37.72005844
v 8.50000000 -0.69999999 38.50000000
v 8.50000000 -0.77922493 38.15289307
v 8.50000000 -1.32198322 37.72005844
v 10.00000000 -1.50000000 37.70000076
v 8.50000000 -1.00120819 37.87453461
v 8.50000000 -1.67801678 37.72005844
v 10.00000000 -1.80614674 37.76089478
v 11.50000000 -1.67801678 37.72005844
v 11.50000000 -1.99879181 37.87453461
v 10.50000000 -2.29999995 38.50000000
v 11.50000000 -2.29999995 38.50000000
v 11.50000000 -2.22077513 38.15289307
v 10.00000000 -2.06568551 37.93431473
v 10.00000000 -2.23910356 38.19385147
v 8.50000000 -1.99879181 37.87453461
v 8.50000000 -2.22077513 38.15289307
v 9.50000000 -2.29999995 38.50000000
v 8.50000000 -2.29999995 38.50000000
v 10.00000000 -2.23910356 38.80614853
v 11.50000000 -2.22077513 38.84710693
v 10.50000000 -2.29999995 38.50000000
v 11.50000000 -2.29999995 38.50000000
v 9.50000000 -2.29999995 38.50000000
v 11.50000000 -1.99879181 39.12546539
v 10.00000000 -1.80614674 39.23910522
v 11.50000000 -1.67801678 39.27994156
v 8.50000000 -2.29999995 38.50000000
v 8.50000000 -2.22077513 38.84710693
v 8.50000000 -1.67801678 39.27994156
v 10.00000000 -1.50000000 39.29999924
v 8.50000000 -1.99879181 39.12546539
v 8.50000000 -1.32198322 39.27994156
v 11.50000000 -1.32198322 39.27994156
v 10.00000000 -1.19385326 39.23910522
v 11.50000000 -1.00120819 39.12546539
v 10.50000000 -0.69999999 38.50000000
v 11.50000000 -0.69999999 38.50000000
v 11.50000000 -0.77922493 38.84710693
v 10.00000000 -0.93431455 39.06568527
v 10.00000000 -0.76089638 38.80614853
v 8.50000000 -1.00120819 39.12546539
v 8.50000000 -0.77922493 38.84710693
v 9.50000000 -0.69999999 38.50000000
v 8.50000000 -0.69999999 38.50000000
v 11.50000000 -1.99879181 37.87453461
v 11.50000000 -2.21701336 37.60089493
v 11.50000000 -1.75589907 37.37883377
v 11.50000000 -2.22077513 38.15289307
v 11.50000000 -1.67801678 37.72005844
v 11.50000000 -2.29999995 38.50000000
v 11.50000000 -2.65000010 38.50000000
v 11.50000000 -2.53611422 38.00103378
v 11.50000000 -2.53611422 38.99896622
v 11.50000000 -1.00120819 37.87453461
v 11.50000000 -1.24410093 37.37883377
v 11.50000000 -0.78298670 37.60089493
v 11.50000000 -1.32198322 37.72005844
v 11.50000000 -0.69999999 38.50000000
v 11.50000000 -0.77922493 38.15289307
v 11.50000000 -0.46388581 38.00103378
v 11.50000000 -2.21701336 39.39910507
v 11.50000000 -2.22077513 38.84710693
v 11.50000000 -1.99879181 39.12546539
v 11.50000000 -1.67801678 39.27994156
v 11.50000000 -1.75589907 39.62116623
v 11.50000000 -1.32198322 39.27994156
v 11.50000000 -1.24410093 39.62116623
v 11.50000000 -0.46388581 38.99896622
v 11.50000000 -0.34999999 38.50000000
v 11.50000000 -0.77922493 38.84710693
v 11.50000000 -0.78298670 39.39910507
v 11.50000000 -1.00120819 39.12546539
v 23.50000000 0.00000000 23.50000000
v 23.50000000 -3.00000000 23.50000000
v 23.50000000 -3.00000000 12.00000000
v 23.50000000 -0.89999998 0.64031243
v 23.50000000 -0.89999998 3.50000000
v 23.50000000 -5.00000000 3.50000000
v 23.50000000 -0.41666666 0.64031243
v 23.50000000 -0.89999998 -0.64031243
v 23.50000000 -5.00000000 -3.50000000
v 23.50000000 0.55000001 0.64031243
v 23.50000000 0.06666667 0.64031243
v 23.50000000 0.06666667 -0.64031243
v 23.50000000 1.51666665 0.64031243
v 23.50000000 1.03333330 0.64031243
v 23.50000000 1.03333330 -0.64031243
v 23.50000000 2.00000000 0.64031243
v 23.50000000 1.51666665 -0.64031243
v 23.50000000 0.55000001 -0.64031243
v 23.50000000 -0.41666666 -0.64031243
v 23.50000000 -0.89999998 -3.50000000
v 23.50000000 -5.00000000 -12.00000000
v 23.50000000 -4.96961546 -10.34729671
v 23.50000000 -5.00000000 -10.00000000
v 23.50000000 -4.73205090 -11.00000000
v 23.50000000 -4.87938547 -10.68404007
v 23.50000000 -4.53208876 -11.28557491
v 23.50000000 -4.00000000 -11.73205090
v 23.50000000 -4.28557539 -11.53208923
v 23.50000000 -3.68404031 -11.87938499
v 23.50000000 -3.34729624 -11.96961594
v 23.50000000 -3.00000000 -12.00000000
v 23.50000000 2.00000000 -12.00000000
v 23.50000000 1.73205078 -11.00000000
v 23.50000000 1.53208888 -11.28557491
v 23.50000000 1.96961546 -10.34729671
v 23.50000000 1.87938523 -10.68404007
v 23.50000000 2.00000000 -10.00000000
v 23.50000000 0.34729636 -11.96961594
v 23.50000000 0.00000000 -12.00000000
v 23.50000000 0.68404031 -11.87938499
v 23.50000000 1.28557527 -11.53208923
v 23.50000000 1.00000000 -11.73205090
v 18.00000000 2.00000000 -12.00000000
v 18.00000000 -5.00000000 -12.00000000
v 18.00000000 -5.00000000 23.50000000
v 23.50000000 -3.64519644 9.37863445
v 23.50000000 -2.55930829 10.31956196
v 23.50000000 -3.16989493 9.92716122
v 23.50000000 -4.05000019 8.00000000
v 23.50000000 -3.94670701 8.71841812
v 23.50000000 -0.44069171 5.68043852
v 23.50000000 0.94670707 8.71841812
v 23.50000000 -0.44069171 10.31956196
v 23.50000000 -1.13709712 10.52404499
v 23.50000000 0.16989487 9.92716122
v 23.50000000 -1.86290288 10.52404499
v 23.50000000 0.64519650 9.37863445
v 23.50000000 -3.94670701 7.28158188
v 23.50000000 -3.64519644 6.62136602
v 23.50000000 -1.86290288 5.47595549
v 23.50000000 -3.16989493 6.07283878
v 23.50000000 -2.55930829 5.68043852
v 23.50000000 -1.13709712 5.47595549
v 23.50000000 0.94670707 7.28158188
v 23.50000000 1.04999995 8.00000000
v 23.50000000 0.64519650 6.62136602
v 23.50000000 0.16989487 6.07283878
v 23.50000000 -3.16989493 -6.07283878
v 23.50000000 -0.44069171 -5.68043852
v 23.50000000 -2.55930829 -5.68043852
v 23.50000000 -4.05000019 -8.00000000
v 23.50000000 -3.64519644 -6.62136602
v 23.50000000 -3.94670701 -7.28158188
v 23.50000000 -1.86290288 -10.52404499
v 23.50000000 -1.86290288 -5.47595549
v 23.50000000 -1.13709712 -5.47595549
v 23.50000000 0.16989487 -6.07283878
v 23.50000000 0.64519650 -6.62136602
v 23.50000000 1.04999995 -8.00000000
v 23.50000000 0.94670707 -7.28158188
v 23.50000000 -2.55930829 -10.31956196
v 23.50000000 -3.94670701 -8.71841812
v 23.50000000 -3.64519644 -9.37863445
v 23.50000000 -3.16989493 -9.92716122
v 23.50000000 0.64519650 -9.37863445
v 23.50000000 0.94670707 -8.71841812
v 23.50000000 -0.44069171 -10.31956196
v 23.50000000 0.16989487 -9.92716122
v 23.50000000 -1.13709712 -10.52404499
v 18.00000000 2.00000000 23.50000000
v 7.50000000 -7.50000000 23.50000000
v 7.50000000 -2.50000000 48.50000000
v 24.50000000 0.00000000 23.50000000
v 11.50000000 -5.00000000 23.50000000
v 17.50000000 -5.30000019 23.50000000
v 17.50000000 -5.30000019 23.50000000
v 17.50000000 2.29999995 23.50000000
v 17.50000000 2.29999995 23.50000000
v 17.50000000 2.29999995 41.79999924
v 17.50000000 8.50000000 46.50000000
v 9.50000000 4.30000019 25.50000000
v 9.50000000 4.30000019 43.79999924
v 23.50000000 -5.00000000 3.50000000
v 24.50000000 0.00000000 12.00000000
v 23.50000000 2.00000000 29.00000000
v 18.00000000 -5.00000000 29.00000000
v 17.00000000 -5.00000000 30.00000000
v 17.00000000 -1.50000000 30.00000000
v 17.00000000 2.00000000 41.50000000
v 14.00000000 -2.19528818 31.36012268
v 14.00000000 -0.80471176 35.63987732
v 14.00000000 -2.19528818 36.36012268
v 14.00000000 -0.80471176 40.63987732
v 24.50000000 -0.89999998 -3.50000000
v 24.50000000 0.00000000 12.00000000
v 24.50000000 -3.00000000 12.00000000
v 23.50000000 0.00000000 12.00000000
v 23.50000000 2.00000000 -0.64031243
v 18.00000000 2.00000000 23.50000000
vt 0.34439400 0.85122502
vt 0.28187299 0.73373801
vt 0.28187299 0.85122502
vt 0.27666301 0.92780101
vt 0.34439400 0.92780101
vt 0.34439400 0.85437202
vt 0.34439400 0.93094802
vt 0.28187299 0.93094802
vt 0.28187299 0.95402598
vt 0.38607499 0.95402598
vt 0.38607499 0.73373801
vt 0.94603002 0.60713500
vt 0.94603002 0.82888800
vt 0.73600799 0.82888800
vt 0.95771301 0.60845798
vt 0.96881098 0.61236298
vt 0.99853498 0.65993297
vt 0.95771301 0.82756400
vt 0.96881098 0.82365900
vt 0.97876602 0.81736898
vt 0.98707998 0.80900800
vt 0.97876602 0.61865401
vt 0.98707998 0.62701398
vt 0.99333501 0.63702500
vt 0.99721903 0.64818400
vt 0.99333501 0.79899800
vt 0.99721903 0.78783798
vt 0.99853498 0.77608901
vt 0.05279800 0.30944300
vt 0.07039800 0.29910600
vt 0.10559700 0.31092000
vt 0.10559700 0.29910600
vt 0.03519900 0.29910600
vt 0.10559700 0.32273400
vt 0.05279800 0.33011800
vt 0.10559700 0.33454800
vt 0.00000000 0.29910600
vt 0.00000000 0.31092000
vt 0.00000000 0.33454800
vt 0.05279800 0.34045500
vt 0.00000000 0.32273400
vt 0.00000000 0.34636199
vt 0.10559700 0.34636199
vt 0.10559700 0.35817599
vt 0.05279800 0.35079199
vt 0.07039800 0.38180301
vt 0.10559700 0.36998999
vt 0.10559700 0.38180301
vt 0.05279800 0.36112899
vt 0.05279800 0.37146601
vt 0.00000000 0.35817599
vt 0.00000000 0.36998999
vt 0.03519900 0.38180301
vt 0.00000000 0.38180301
vt 0.12671600 0.76893699
vt 0.24287200 0.76893699
vt 0.24287200 0.73373801
vt 0.12671600 0.83933401
vt 0.24287200 0.83933401
vt 0.24287200 0.80413598
vt 0.12671600 0.80413598
vt 0.05279800 0.21800099
vt 0.07039800 0.20766300
vt 0.10559700 0.21947700
vt 0.10559700 0.20766300
vt 0.03519900 0.20766300
vt 0.10559700 0.23129100
vt 0.05279800 0.23867500
vt 0.10559700 0.24310499
vt 0.00000000 0.20766300
vt 0.00000000 0.21947700
vt 0.00000000 0.24310499
vt 0.05279800 0.24901199
vt 0.00000000 0.23129100
vt 0.00000000 0.25491899
vt 0.10559700 0.25491899
vt 0.10559700 0.26673299
vt 0.05279800 0.25934899
vt 0.07039800 0.29036099
vt 0.10559700 0.27854699
vt 0.10559700 0.29036099
vt 0.05279800 0.26968601
vt 0.05279800 0.28002399
vt 0.00000000 0.26673299
vt 0.00000000 0.27854699
vt 0.03519900 0.29036099
vt 0.00000000 0.29036099
vt 0.54613298 0.28495201
vt 0.33493999 0.28495201
vt 0.33493999 0.31966299
vt 0.33493999 0.35437301
vt 0.33493999 0.38908401
vt 0.54613298 0.38908401
vt 0.04796500 0.39054900
vt 0.04796500 0.40110800
vt 0.07964400 0.40110800
vt 0.92608202 0.00316800
vt 0.92925000 0.00000000
vt 0.73600799 0.00000000
vt 0.73600799 0.07708600
vt 0.73600799 0.08025300
vt 0.92608202 0.07708600
vt 0.92925000 0.08025300
vt 0.06335800 0.92698002
vt 0.06335800 0.73373801
vt 0.12525100 0.73373801
vt 0.92817801 0.28200999
vt 0.94603002 0.25877899
vt 0.73600799 0.25877899
vt 0.94918001 0.28005701
vt 0.95771301 0.26010200
vt 0.95813203 0.28232899
vt 0.96604401 0.28711301
vt 0.97876602 0.27029800
vt 0.96881098 0.26400700
vt 0.92817801 0.36226299
vt 0.94918001 0.38338301
vt 0.75701100 0.38338301
vt 0.94603002 0.48053199
vt 0.94603002 0.45941201
vt 0.75701100 0.45941201
vt 0.73600799 0.48053199
vt 0.95771301 0.47920799
vt 0.95418298 0.45833299
vt 0.96881098 0.47530299
vt 0.96178102 0.45516801
vt 0.99333501 0.28866899
vt 0.97223800 0.29399800
vt 0.97618002 0.30239299
vt 0.99721903 0.29982799
vt 0.97753298 0.31157699
vt 0.98707998 0.27865800
vt 0.97753298 0.42773300
vt 0.99853498 0.42773300
vt 0.99853498 0.31157699
vt 0.99721903 0.43948200
vt 0.97645998 0.43593201
vt 0.97876602 0.46901301
vt 0.96830601 0.45013401
vt 0.98707998 0.46065301
vt 0.97331202 0.44357300
vt 0.99333501 0.45064199
vt 0.00000000 0.73373801
vt 0.06189300 0.73373801
vt 0.06189300 0.92698002
vt 0.29555500 0.58443803
vt 0.29555500 0.52254498
vt 0.37580800 0.52254498
vt 0.33493999 0.17935500
vt 0.54613298 0.21406600
vt 0.54613298 0.17935500
vt 0.54613298 0.24877700
vt 0.33493999 0.28348699
vt 0.54613298 0.28348699
vt 0.15312099 0.52205300
vt 0.18128100 0.52205300
vt 0.18128100 0.63821000
vt 0.09680300 0.52205300
vt 0.12496200 0.52205300
vt 0.12496200 0.63821000
vt 0.15312099 0.63821000
vt 0.04223900 0.45828700
vt 0.08447700 0.46035501
vt 0.05631800 0.45208499
vt 0.08447700 0.45208499
vt 0.02815900 0.45208499
vt 0.04223900 0.47069201
vt 0.08447700 0.46862400
vt 0.08447700 0.47689399
vt 0.00000000 0.45208499
vt 0.00000000 0.46035501
vt 0.00000000 0.47689399
vt 0.04223900 0.47689399
vt 0.00000000 0.46862400
vt 0.04223900 0.48309600
vt 0.08447700 0.48516399
vt 0.04223900 0.48929900
vt 0.08447700 0.49343401
vt 0.00000000 0.48516399
vt 0.05631800 0.50170302
vt 0.08447700 0.50170302
vt 0.04223900 0.49550101
vt 0.00000000 0.49343401
vt 0.00000000 0.50170302
vt 0.02815900 0.50170302
vt 0.92608202 0.12607200
vt 0.73600799 0.15423100
vt 0.73600799 0.12607200
vt 0.73600799 0.18239000
vt 0.73600799 0.21054900
vt 0.92608202 0.21054900
vt 0.12671600 0.85331202
vt 0.20128100 0.85331202
vt 0.20128100 0.93778902
vt 0.00000000 0.08447700
vt 0.19324200 0.08447700
vt 0.19324200 0.00000000
vt 0.25192800 0.19673701
vt 0.25192800 0.09341100
vt 0.22376899 0.09341100
vt 0.19560900 0.09341100
vt 0.16745000 0.09341100
vt 0.16745000 0.19673701
vt 0.19802500 0.34046900
vt 0.24026300 0.33465999
vt 0.21210399 0.33465999
vt 0.19802500 0.35208699
vt 0.24026300 0.35324800
vt 0.24026300 0.34395400
vt 0.18394500 0.33465999
vt 0.15578599 0.33465999
vt 0.15578599 0.34395400
vt 0.15578599 0.35324800
vt 0.19802500 0.35789499
vt 0.15578599 0.36254299
vt 0.19802500 0.36370400
vt 0.24026300 0.36254299
vt 0.19802500 0.36951301
vt 0.24026300 0.37183699
vt 0.24026300 0.38113099
vt 0.19802500 0.37532201
vt 0.21210399 0.38113099
vt 0.15578599 0.37183699
vt 0.15578599 0.38113099
vt 0.18394500 0.38113099
vt 0.52818203 0.10248200
vt 0.52501398 0.17789100
vt 0.55669302 0.14647000
vt 0.55669302 0.03126300
vt 0.33493999 0.10248200
vt 0.33493999 0.17789100
vt 0.53321302 0.17682000
vt 0.54085302 0.17368101
vt 0.54741400 0.16868800
vt 0.53718400 0.00225300
vt 0.52818203 0.00000000
vt 0.54514003 0.00699800
vt 0.55533302 0.02215400
vt 0.55136800 0.01382700
vt 0.55244899 0.16218001
vt 0.55561399 0.15460300
vt 0.58227402 0.51166999
vt 0.58227402 0.39054900
vt 0.52481502 0.39054900
vt 0.52481502 0.58012998
vt 0.59272099 0.58012998
vt 0.58872300 0.52140099
vt 0.58533299 0.51911700
vt 0.58306903 0.51569998
vt 0.59272099 0.52220201
vt 0.65017903 0.52220201
vt 0.59272099 0.95402598
vt 0.65017903 0.79077500
vt 0.66062599 0.79077500
vt 0.66062599 0.53273499
vt 0.65017903 0.86450100
vt 0.65417701 0.52300400
vt 0.65756601 0.52528697
vt 0.65983099 0.52870399
vt 0.65366101 0.93296099
vt 0.65017903 0.93296099
vt 0.65017903 0.95402598
vt 0.66062599 0.93296099
vt 0.66062599 0.86450100
vt 0.65714401 0.93296099
vt 0.14303000 0.40446499
vt 0.14303000 0.41502401
vt 0.18632500 0.41502401
vt 0.66693401 0.00754400
vt 0.67192400 0.04223900
vt 0.66486400 0.01056000
vt 0.66948497 0.00494100
vt 0.67244101 0.00282900
vt 0.67299300 0.03465200
vt 0.66333902 0.01389600
vt 0.66209102 0.02111900
vt 0.66240501 0.01745200
vt 0.66209102 0.08975700
vt 0.67611402 0.02768100
vt 0.67919701 0.00032100
vt 0.67571199 0.00127400
vt 0.68735301 0.01774500
vt 0.68279201 0.00000000
vt 0.69456100 0.01558600
vt 0.70207298 0.01558600
vt 0.68103302 0.02188800
vt 0.70452702 0.08975700
vt 0.68735301 0.06673200
vt 0.67299300 0.04982500
vt 0.67611402 0.05679700
vt 0.68103302 0.06258900
vt 0.66209102 0.16367500
vt 0.67611402 0.19663499
vt 0.67299300 0.20360699
vt 0.68103302 0.19084300
vt 0.67192400 0.21119300
vt 0.67299300 0.21877900
vt 0.66209102 0.42238599
vt 0.67416602 0.42238599
vt 0.68279201 0.37486801
vt 0.67611402 0.22575100
vt 0.69456100 0.06889200
vt 0.70452702 0.16367500
vt 0.68735301 0.18669900
vt 0.68279201 0.25343201
vt 0.71384299 0.25343201
vt 0.69456100 0.23784600
vt 0.69831699 0.42238599
vt 0.68624198 0.42238599
vt 0.68735301 0.23568700
vt 0.68103302 0.23154300
vt 0.71384299 0.00000000
vt 0.70928103 0.01774500
vt 0.71743703 0.00032100
vt 0.71560103 0.02188800
vt 0.72092301 0.00127400
vt 0.72052097 0.02768100
vt 0.70928103 0.06673200
vt 0.71560103 0.06258900
vt 0.72052097 0.19663499
vt 0.72052097 0.05679700
vt 0.72419298 0.00282900
vt 0.72714901 0.00494100
vt 0.72364199 0.03465200
vt 0.73176998 0.01056000
vt 0.72471100 0.04223900
vt 0.72970098 0.00754400
vt 0.73454398 0.02111900
vt 0.73329502 0.01389600
vt 0.72364199 0.04982500
vt 0.73422903 0.01745200
vt 0.72364199 0.20360699
vt 0.69456100 0.18454000
vt 0.70928103 0.18669900
vt 0.71560103 0.19084300
vt 0.70207298 0.18454000
vt 0.70207298 0.06889200
vt 0.71384299 0.37486801
vt 0.71039301 0.42238599
vt 0.70928103 0.23568700
vt 0.71560103 0.23154300
vt 0.70207298 0.23784600
vt 0.72471100 0.21119300
vt 0.73454398 0.42238599
vt 0.72364199 0.21877900
vt 0.72052097 0.22575100
vt 0.72246802 0.42238599
vt 0.28345200 0.52254498
vt 0.29401100 0.52254498
vt 0.29401100 0.64398098
vt 0.26452500 0.52254498
vt 0.26980501 0.53022200
vt 0.26980501 0.52254498
vt 0.25924501 0.53022200
vt 0.25924501 0.53789997
vt 0.26980501 0.54557800
vt 0.25924501 0.54557800
vt 0.25924501 0.55325598
vt 0.26980501 0.55325598
vt 0.25924501 0.56093401
vt 0.26980501 0.53789997
vt 0.25924501 0.52254498
vt 0.25924501 0.56861198
vt 0.26980501 0.56861198
vt 0.26980501 0.56093401
vt 0.25924501 0.57629001
vt 0.26980501 0.57629001
vt 0.25924501 0.58396798
vt 0.26980501 0.59932399
vt 0.26980501 0.59164602
vt 0.25924501 0.59164602
vt 0.26452500 0.60700202
vt 0.26980501 0.60700202
vt 0.26980501 0.58396798
vt 0.25924501 0.59932399
vt 0.25924501 0.60700202
vt 0.00000000 0.65197903
vt 0.00767800 0.64669901
vt 0.00000000 0.64669901
vt 0.00767800 0.65725899
vt 0.01535600 0.65725899
vt 0.02303400 0.64669901
vt 0.02303400 0.65725899
vt 0.03071200 0.65725899
vt 0.03071200 0.64669901
vt 0.03839000 0.65725899
vt 0.01535600 0.64669901
vt 0.00000000 0.65725899
vt 0.04606800 0.65725899
vt 0.04606800 0.64669901
vt 0.03839000 0.64669901
vt 0.05374600 0.64669901
vt 0.05374600 0.65725899
vt 0.06142400 0.65725899
vt 0.06910200 0.64669901
vt 0.06910200 0.65725899
vt 0.07677900 0.65725899
vt 0.08445700 0.65197903
vt 0.08445700 0.64669901
vt 0.07677900 0.64669901
vt 0.06142400 0.64669901
vt 0.08445700 0.65725899
vt 0.00000000 0.19957300
vt 0.00767800 0.19429301
vt 0.00000000 0.19429301
vt 0.00767800 0.20485300
vt 0.01535600 0.20485300
vt 0.02303400 0.19429301
vt 0.02303400 0.20485300
vt 0.03071200 0.20485300
vt 0.03071200 0.19429301
vt 0.03839000 0.20485300
vt 0.01535600 0.19429301
vt 0.00000000 0.20485300
vt 0.04606800 0.20485300
vt 0.04606800 0.19429301
vt 0.03839000 0.19429301
vt 0.05374600 0.19429301
vt 0.06142400 0.19429301
vt 0.05374600 0.20485300
vt 0.06910200 0.19429301
vt 0.06910200 0.20485300
vt 0.07677900 0.20485300
vt 0.08445700 0.19957300
vt 0.08445700 0.19429301
vt 0.07677900 0.19429301
vt 0.06142400 0.20485300
vt 0.08445700 0.20485300
vt 0.00000000 0.63885897
vt 0.00767800 0.63357902
vt 0.00000000 0.63357902
vt 0.00767800 0.64413798
vt 0.01535600 0.64413798
vt 0.02303400 0.63357902
vt 0.02303400 0.64413798
vt 0.03071200 0.64413798
vt 0.03071200 0.63357902
vt 0.03839000 0.64413798
vt 0.01535600 0.63357902
vt 0.00000000 0.64413798
vt 0.04606800 0.64413798
vt 0.04606800 0.63357902
vt 0.03839000 0.63357902
vt 0.05374600 0.64413798
vt 0.05374600 0.63357902
vt 0.06142400 0.64413798
vt 0.06910200 0.63357902
vt 0.06910200 0.64413798
vt 0.07677900 0.64413798
vt 0.08445700 0.63885897
vt 0.08445700 0.63357902
vt 0.07677900 0.63357902
vt 0.06142400 0.63357902
vt 0.08445700 0.64413798
vt 0.23561800 0.85409802
vt 0.20274600 0.85331202
vt 0.23234400 0.85331202
vt 0.23897199 0.85436100
vt 0.20274600 0.86380500
vt 0.24232601 0.85409802
vt 0.24559900 0.85331202
vt 0.27519801 0.85331202
vt 0.27519801 0.86380500
vt 0.01365500 0.40586001
vt 0.01365500 0.39820400
vt 0.01202100 0.39820400
vt 0.01365500 0.41351601
vt 0.01202100 0.40586001
vt 0.01530900 0.40586001
vt 0.01530900 0.39820400
vt 0.01530900 0.41351601
vt 0.01044500 0.39054900
vt 0.01044500 0.39565301
vt 0.01044500 0.40075600
vt 0.01370400 0.39054900
vt 0.01202100 0.41351601
vt 0.01044500 0.41096401
vt 0.01044500 0.41606799
vt 0.01044500 0.42117199
vt 0.01370400 0.42117199
vt 0.01044500 0.40586001
vt 0.01696300 0.39054900
vt 0.01696300 0.40586001
vt 0.01696300 0.40075600
vt 0.01696300 0.39565301
vt 0.01696300 0.42117199
vt 0.01696300 0.41096401
vt 0.01696300 0.41606799
vt 0.00330800 0.40586001
vt 0.00330800 0.39820400
vt 0.00168800 0.39820400
vt 0.00330800 0.41351601
vt 0.00168800 0.40586001
vt 0.00491300 0.40586001
vt 0.00491300 0.39820400
vt 0.00491300 0.41351601
vt 0.00000000 0.39054900
vt 0.00000000 0.39565301
vt 0.00000000 0.40075600
vt 0.00000000 0.40586001
vt 0.00325900 0.39054900
vt 0.00168800 0.41351601
vt 0.00000000 0.41096401
vt 0.00000000 0.41606799
vt 0.00000000 0.42117199
vt 0.00325900 0.42117199
vt 0.00651800 0.39054900
vt 0.00651800 0.39565301
vt 0.00651800 0.40075600
vt 0.00651800 0.40586001
vt 0.00651800 0.41096401
vt 0.00651800 0.42117199
vt 0.00651800 0.41606799
vt 0.44499800 0.51166999
vt 0.38754001 0.39054900
vt 0.44499800 0.39054900
vt 0.38754001 0.58012998
vt 0.45544499 0.58012998
vt 0.44805801 0.51911700
vt 0.45144701 0.52140099
vt 0.44579300 0.51569998
vt 0.45544499 0.52220201
vt 0.51290298 0.52220201
vt 0.45544499 0.95402598
vt 0.51290298 0.82089400
vt 0.52335000 0.53273499
vt 0.51290298 0.83438200
vt 0.51394802 0.82763797
vt 0.51368499 0.82422602
vt 0.52029002 0.52528697
vt 0.52255499 0.52870399
vt 0.51690102 0.52300400
vt 0.52335000 0.93296099
vt 0.51290298 0.93296099
vt 0.51638597 0.93296099
vt 0.51290298 0.95402598
vt 0.51368499 0.83105099
vt 0.51986802 0.93296099
vt 0.07192600 0.40543899
vt 0.07544600 0.40543899
vt 0.07544600 0.40911499
vt 0.07016600 0.40957400
vt 0.07016600 0.41784400
vt 0.07544600 0.41279000
vt 0.07544600 0.41646600
vt 0.07544600 0.42014101
vt 0.06840700 0.40543899
vt 0.06488700 0.40911499
vt 0.06488700 0.40543899
vt 0.06488700 0.41279000
vt 0.07016600 0.42197901
vt 0.06488700 0.42014101
vt 0.06488700 0.42381600
vt 0.06488700 0.41646600
vt 0.07544600 0.42381600
vt 0.07544600 0.42749199
vt 0.07016600 0.42611399
vt 0.07016600 0.43024799
vt 0.07544600 0.43116701
vt 0.07544600 0.43484300
vt 0.07016600 0.43438300
vt 0.07544600 0.43851799
vt 0.07192600 0.43851799
vt 0.06488700 0.42749199
vt 0.06488700 0.43116701
vt 0.06488700 0.43484300
vt 0.06840700 0.43851799
vt 0.06488700 0.43851799
vt 0.21474899 0.45735100
vt 0.21474899 0.45390701
vt 0.24642800 0.45390701
vt 0.21474899 0.46079600
vt 0.24642800 0.45735100
vt 0.19362900 0.52108002
vt 0.19362900 0.46424100
vt 0.21474899 0.46424100
vt 0.24642800 0.46424100
vt 0.24642800 0.46079600
vt 0.26754701 0.52108002
vt 0.26754701 0.46424100
vt 0.08884800 0.40543899
vt 0.09236800 0.40543899
vt 0.09236800 0.40911499
vt 0.08708800 0.40957400
vt 0.08708800 0.41784400
vt 0.09236800 0.41279000
vt 0.09236800 0.41646600
vt 0.09236800 0.42014101
vt 0.08532800 0.40543899
vt 0.08180800 0.40911499
vt 0.08180800 0.40543899
vt 0.08180800 0.41279000
vt 0.08708800 0.42197901
vt 0.08180800 0.42014101
vt 0.08180800 0.42381600
vt 0.08180800 0.41646600
vt 0.09236800 0.42381600
vt 0.08708800 0.42611399
vt 0.09236800 0.42749199
vt 0.08708800 0.43024799
vt 0.09236800 0.43116701
vt 0.09236800 0.43484300
vt 0.08708800 0.43438300
vt 0.09236800 0.43851799
vt 0.08884800 0.43851799
vt 0.08180800 0.42749199
vt 0.08180800 0.43116701
vt 0.08180800 0.43484300
vt 0.08532800 0.43851799
vt 0.08180800 0.43851799
vt 0.24859600 0.61321998
vt 0.24447601 0.61321998
vt 0.24447601 0.59473997
vt 0.24859600 0.63169903
vt 0.24447601 0.63169903
vt 0.25271600 0.61321998
vt 0.24859600 0.59473997
vt 0.25271600 0.63169903
vt 0.24447601 0.57626098
vt 0.24035600 0.58858103
vt 0.24035600 0.57626098
vt 0.24035600 0.60089999
vt 0.24859600 0.57626098
vt 0.25271600 0.57626098
vt 0.25271600 0.59473997
vt 0.24035600 0.62553900
vt 0.24035600 0.61321998
vt 0.24035600 0.63785899
vt 0.24447601 0.65017903
vt 0.24035600 0.65017903
vt 0.24859600 0.65017903
vt 0.25683600 0.58858103
vt 0.25683600 0.60089999
vt 0.25683600 0.57626098
vt 0.25683600 0.61321998
vt 0.25683600 0.62553900
vt 0.25271600 0.65017903
vt 0.25683600 0.63785899
vt 0.25683600 0.65017903
vt 0.06159800 0.52205300
vt 0.07391800 0.52205300
vt 0.07391800 0.58013099
vt 0.04927800 0.52205300
vt 0.06159800 0.58013099
vt 0.02463900 0.52205300
vt 0.03695900 0.52205300
vt 0.03695900 0.58013099
vt 0.00000000 0.52205300
vt 0.01232000 0.52205300
vt 0.01232000 0.58013099
vt 0.02463900 0.58013099
vt 0.04927800 0.58013099
vt 0.20186900 0.58337700
vt 0.20186900 0.56489801
vt 0.19774900 0.56489801
vt 0.20186900 0.60185701
vt 0.19774900 0.58337700
vt 0.20598900 0.58337700
vt 0.20598900 0.56489801
vt 0.20598900 0.60185701
vt 0.19362900 0.55873799
vt 0.19774900 0.54641801
vt 0.19362900 0.57105798
vt 0.19774900 0.60185701
vt 0.19362900 0.59569699
vt 0.19362900 0.60801703
vt 0.19774900 0.62033600
vt 0.19362900 0.62033600
vt 0.19362900 0.58337700
vt 0.20186900 0.62033600
vt 0.20598900 0.54641801
vt 0.20186900 0.54641801
vt 0.21010900 0.55873799
vt 0.21010900 0.57105798
vt 0.20598900 0.62033600
vt 0.21010900 0.60801703
vt 0.21010900 0.59569699
vt 0.21010900 0.62033600
vt 0.27722201 0.21998300
vt 0.24760500 0.22202601
vt 0.27722201 0.20766300
vt 0.25948501 0.23065700
vt 0.25422901 0.22540100
vt 0.24026300 0.22086300
vt 0.15578599 0.20766300
vt 0.23292100 0.22202601
vt 0.27722201 0.24462201
vt 0.26286000 0.23728000
vt 0.27722201 0.23230299
vt 0.26286000 0.25196400
vt 0.26402301 0.24462201
vt 0.20142999 0.22540100
vt 0.22629800 0.22540100
vt 0.19480699 0.22202601
vt 0.18746500 0.22086300
vt 0.17350000 0.22540100
vt 0.18012300 0.22202601
vt 0.16824301 0.23065700
vt 0.21006100 0.23728000
vt 0.22104201 0.23065700
vt 0.21766700 0.23728000
vt 0.21122400 0.24462201
vt 0.20668700 0.23065700
vt 0.16486900 0.23728000
vt 0.16370600 0.24462201
vt 0.25948501 0.25858799
vt 0.27722201 0.25694200
vt 0.20668700 0.25858799
vt 0.22104201 0.25858799
vt 0.22629800 0.26384401
vt 0.21006100 0.25196400
vt 0.21766700 0.25196400
vt 0.27722201 0.26926100
vt 0.24760500 0.26721901
vt 0.25422901 0.26384401
vt 0.27722201 0.28158101
vt 0.24026300 0.26838100
vt 0.15578599 0.28158101
vt 0.23292100 0.26721901
vt 0.20142999 0.26384401
vt 0.21650399 0.24462201
vt 0.16486900 0.25196400
vt 0.16824301 0.25858799
vt 0.19480699 0.26721901
vt 0.17350000 0.26384401
vt 0.18012300 0.26721901
vt 0.18746500 0.26838100
vt 0.09873000 0.45317000
vt 0.17264800 0.45317000
vt 0.17264800 0.51124799
vt 0.14776801 0.43158001
vt 0.14844500 0.41837999
vt 0.14303000 0.42717999
vt 0.14303000 0.41837999
vt 0.14303000 0.43597999
vt 0.15386000 0.41837999
vt 0.15724400 0.43158001
vt 0.15927500 0.41837999
vt 0.14303000 0.44477999
vt 0.14844500 0.44477999
vt 0.15927500 0.44477999
vt 0.16198200 0.43158001
vt 0.15386000 0.44477999
vt 0.16469000 0.44477999
vt 0.16672000 0.43158001
vt 0.16469000 0.41837999
vt 0.17010500 0.41837999
vt 0.18093400 0.42717999
vt 0.18093400 0.41837999
vt 0.17551900 0.41837999
vt 0.17145801 0.43158001
vt 0.17619599 0.43158001
vt 0.17010500 0.44477999
vt 0.17551900 0.44477999
vt 0.18093400 0.43597999
vt 0.18093400 0.44477999
vt 0.34378499 0.45431200
vt 0.34041500 0.45853701
vt 0.33213401 0.44984099
vt 0.33921200 0.46380600
vt 0.32876000 0.45646399
vt 0.33739099 0.44458500
vt 0.34865400 0.45196700
vt 0.34401399 0.44121000
vt 0.35135600 0.44004700
vt 0.34041500 0.46907499
vt 0.33213401 0.47777200
vt 0.32876000 0.47114801
vt 0.34378499 0.47330099
vt 0.33739099 0.48302799
vt 0.32759699 0.46380600
vt 0.34401399 0.48640299
vt 0.34865400 0.47564599
vt 0.35135600 0.48756599
vt 0.35405800 0.45196700
vt 0.35892701 0.45431200
vt 0.35869801 0.44121000
vt 0.37057799 0.44984099
vt 0.36229700 0.45853701
vt 0.36532101 0.44458500
vt 0.37395200 0.45646399
vt 0.37511501 0.46380600
vt 0.36350000 0.46380600
vt 0.35869801 0.48640299
vt 0.35405800 0.47564599
vt 0.35892701 0.47330099
vt 0.36532101 0.48302799
vt 0.36229700 0.46907499
vt 0.37395200 0.47114801
vt 0.37057799 0.47777200
vt 0.36085001 0.40673700
vt 0.35662499 0.40336701
vt 0.36532101 0.39508599
vt 0.35135600 0.40216401
vt 0.35869801 0.39171201
vt 0.37057799 0.40034300
vt 0.36319500 0.41160601
vt 0.37395200 0.40696600
vt 0.37511501 0.41430801
vt 0.34401399 0.39171201
vt 0.34608701 0.40336701
vt 0.33739099 0.39508599
vt 0.34186199 0.40673700
vt 0.33213401 0.40034300
vt 0.35135600 0.39054900
vt 0.32876000 0.40696600
vt 0.33951700 0.41160601
vt 0.32759699 0.41430801
vt 0.36319500 0.41701001
vt 0.36085001 0.42187899
vt 0.37395200 0.42164999
vt 0.36532101 0.43353000
vt 0.35662499 0.42524901
vt 0.37057799 0.42827299
vt 0.35869801 0.43690401
vt 0.35135600 0.43806699
vt 0.35135600 0.42645201
vt 0.32876000 0.42164999
vt 0.33951700 0.41701001
vt 0.34186199 0.42187899
vt 0.33213401 0.42827299
vt 0.34608701 0.42524901
vt 0.34401399 0.43690401
vt 0.33739099 0.43353000
vt 0.28763500 0.50531298
vt 0.29508701 0.48954600
vt 0.28763500 0.48954600
vt 0.29508701 0.52108002
vt 0.30253899 0.52108002
vt 0.30999100 0.48954600
vt 0.30999100 0.52108002
vt 0.31744301 0.52108002
vt 0.32489601 0.52108002
vt 0.32489601 0.48954600
vt 0.30253899 0.48954600
vt 0.28763500 0.52108002
vt 0.33980000 0.48954600
vt 0.33234799 0.48954600
vt 0.33234799 0.52108002
vt 0.34725201 0.48954600
vt 0.33980000 0.52108002
vt 0.36215600 0.50531298
vt 0.36215600 0.48954600
vt 0.35470399 0.48954600
vt 0.34725201 0.52108002
vt 0.35470399 0.52108002
vt 0.36215600 0.52108002
vt 0.19362900 0.40565601
vt 0.20108099 0.39054900
vt 0.19362900 0.39054900
vt 0.20108099 0.42076299
vt 0.20853300 0.42076299
vt 0.21598600 0.39054900
vt 0.21598600 0.42076299
vt 0.22343799 0.42076299
vt 0.23089001 0.42076299
vt 0.23089001 0.39054900
vt 0.20853300 0.39054900
vt 0.19362900 0.42076299
vt 0.24579400 0.39054900
vt 0.23834200 0.39054900
vt 0.23834200 0.42076299
vt 0.25324601 0.39054900
vt 0.24579400 0.42076299
vt 0.26815099 0.40565601
vt 0.26815099 0.39054900
vt 0.26069799 0.39054900
vt 0.25324601 0.42076299
vt 0.26069799 0.42076299
vt 0.26815099 0.42076299
vt 0.30347401 0.39054900
vt 0.31931400 0.39800099
vt 0.31931400 0.39054900
vt 0.28763500 0.39800099
vt 0.28763500 0.40545300
vt 0.31931400 0.41290501
vt 0.28763500 0.41290501
vt 0.28763500 0.42035699
vt 0.28763500 0.42780900
vt 0.31931400 0.42780900
vt 0.31931400 0.40545300
vt 0.28763500 0.39054900
vt 0.31931400 0.44271401
vt 0.31931400 0.43526101
vt 0.28763500 0.43526101
vt 0.31931400 0.45016599
vt 0.28763500 0.44271401
vt 0.30347401 0.46507001
vt 0.31931400 0.46507001
vt 0.31931400 0.45761800
vt 0.28763500 0.45016599
vt 0.28763500 0.45761800
vt 0.28763500 0.46507001
vt 0.19362900 0.43733501
vt 0.20108099 0.42222801
vt 0.19362900 0.42222801
vt 0.20108099 0.45244199
vt 0.20853300 0.45244199
vt 0.21598600 0.42222801
vt 0.21598600 0.45244199
vt 0.22343799 0.45244199
vt 0.23089001 0.45244199
vt 0.23089001 0.42222801
vt 0.20853300 0.42222801
vt 0.19362900 0.45244199
vt 0.24579400 0.42222801
vt 0.23834200 0.42222801
vt 0.23834200 0.45244199
vt 0.25324601 0.42222801
vt 0.24579400 0.45244199
vt 0.26815099 0.43733501
vt 0.26815099 0.42222801
vt 0.26069799 0.42222801
vt 0.25324601 0.45244199
vt 0.26069799 0.45244199
vt 0.26815099 0.45244199
vt 0.21725699 0.55961800
vt 0.21793300 0.54641801
vt 0.21251801 0.55521798
vt 0.21251801 0.54641801
vt 0.21251801 0.56401801
vt 0.22334801 0.54641801
vt 0.22673300 0.55961800
vt 0.22876300 0.54641801
vt 0.21251801 0.57281798
vt 0.21793300 0.57281798
vt 0.22876300 0.57281798
vt 0.23147100 0.55961800
vt 0.22334801 0.57281798
vt 0.23417801 0.57281798
vt 0.23417801 0.54641801
vt 0.23620901 0.55961800
vt 0.23959300 0.54641801
vt 0.25042301 0.55521798
vt 0.25042301 0.54641801
vt 0.24500801 0.54641801
vt 0.24094699 0.55961800
vt 0.24568500 0.55961800
vt 0.23959300 0.57281798
vt 0.24500801 0.57281798
vt 0.25042301 0.56401801
vt 0.25042301 0.57281798
vt 0.10346800 0.40374801
vt 0.10414500 0.39054900
vt 0.09873000 0.39934799
vt 0.09873000 0.39054900
vt 0.09873000 0.40814799
vt 0.10956000 0.39054900
vt 0.11294400 0.40374801
vt 0.11497500 0.39054900
vt 0.09873000 0.41694799
vt 0.10414500 0.41694799
vt 0.11497500 0.41694799
vt 0.11768300 0.40374801
vt 0.10956000 0.41694799
vt 0.12039000 0.41694799
vt 0.12039000 0.39054900
vt 0.12242100 0.40374801
vt 0.12580501 0.39054900
vt 0.13663501 0.39934799
vt 0.13663501 0.39054900
vt 0.13122000 0.39054900
vt 0.12715900 0.40374801
vt 0.13189700 0.40374801
vt 0.12580501 0.41694799
vt 0.13122000 0.41694799
vt 0.13663501 0.40814799
vt 0.13663501 0.41694799
vt 0.10346800 0.43505901
vt 0.10414500 0.42185900
vt 0.09873000 0.43065900
vt 0.09873000 0.42185900
vt 0.09873000 0.43945900
vt 0.10956000 0.42185900
vt 0.11294400 0.43505901
vt 0.11497500 0.42185900
vt 0.09873000 0.44825801
vt 0.10414500 0.44825801
vt 0.11497500 0.44825801
vt 0.11768300 0.43505901
vt 0.10956000 0.44825801
vt 0.12039000 0.44825801
vt 0.12039000 0.42185900
vt 0.12242100 0.43505901
vt 0.12580501 0.42185900
vt 0.13663501 0.43065900
vt 0.13663501 0.42185900
vt 0.13122000 0.42185900
vt 0.12715900 0.43505901
vt 0.13189700 0.43505901
vt 0.12580501 0.44825801
vt 0.13122000 0.44825801
vt 0.13663501 0.43945900
vt 0.13663501 0.44825801
vt 0.14303000 0.40110800
vt 0.18632500 0.40110800
vt 0.18632500 0.39054900
vt 0.04796500 0.43711799
vt 0.04796500 0.40543899
vt 0.05852500 0.40543899
vt 0.27134800 0.64398098
vt 0.27134800 0.52254498
vt 0.28190801 0.52254498
vt 0.03778500 0.42955300
vt 0.03694900 0.42588699
vt 0.03460500 0.42294800
vt 0.02745800 0.42131701
vt 0.03694900 0.43321800
vt 0.03121700 0.42131701
vt 0.02407100 0.42294800
vt 0.02172700 0.42588699
vt 0.03121700 0.43778899
vt 0.03460500 0.43615699
vt 0.02745800 0.43778899
vt 0.02089000 0.42955300
vt 0.02172700 0.43321800
vt 0.02407100 0.43615699
vt 0.00329600 0.61005598
vt 0.00376700 0.59421700
vt 0.00000000 0.60477698
vt 0.00000000 0.59421700
vt 0.00000000 0.61533600
vt 0.00753400 0.59421700
vt 0.00988800 0.61005598
vt 0.01130100 0.59421700
vt 0.00000000 0.62589598
vt 0.00376700 0.62589598
vt 0.01130100 0.62589598
vt 0.01318400 0.61005598
vt 0.00753400 0.62589598
vt 0.01506800 0.62589598
vt 0.01648000 0.61005598
vt 0.01506800 0.59421700
vt 0.01883500 0.59421700
vt 0.02636800 0.60477698
vt 0.02636800 0.59421700
vt 0.02260100 0.59421700
vt 0.01977600 0.61005598
vt 0.02307200 0.61005598
vt 0.01883500 0.62589598
vt 0.02260100 0.62589598
vt 0.02636800 0.61533600
vt 0.02636800 0.62589598
vt 0.05169800 0.61005598
vt 0.05216900 0.59421700
vt 0.04840200 0.60477698
vt 0.04840200 0.59421700
vt 0.04840200 0.61533600
vt 0.05593500 0.59421700
vt 0.05829000 0.61005598
vt 0.05970200 0.59421700
vt 0.04840200 0.62589598
vt 0.05216900 0.62589598
vt 0.05970200 0.62589598
vt 0.06158600 0.61005598
vt 0.05593500 0.62589598
vt 0.06346900 0.62589598
vt 0.06346900 0.59421700
vt 0.06488200 0.61005598
vt 0.06723600 0.59421700
vt 0.07477000 0.60477698
vt 0.07477000 0.59421700
vt 0.07100300 0.59421700
vt 0.06817800 0.61005598
vt 0.07147400 0.61005598
vt 0.06723600 0.62589598
vt 0.07100300 0.62589598
vt 0.07477000 0.61533600
vt 0.07477000 0.62589598
vt 0.22654200 0.62164402
vt 0.23223300 0.62038499
vt 0.22736400 0.61804098
vt 0.22992900 0.62327498
vt 0.22278200 0.62164402
vt 0.23227300 0.62621403
vt 0.23311000 0.62988001
vt 0.23560300 0.62461102
vt 0.23680601 0.62988001
vt 0.21939500 0.62327498
vt 0.22195999 0.61804098
vt 0.21709099 0.62038499
vt 0.21372101 0.62461102
vt 0.21705100 0.62621403
vt 0.21251801 0.62988001
vt 0.21621400 0.62988001
vt 0.23227300 0.63354498
vt 0.23560300 0.63514900
vt 0.22992900 0.63648403
vt 0.22654200 0.63811600
vt 0.23223300 0.63937402
vt 0.22278200 0.63811600
vt 0.22736400 0.64171898
vt 0.21372101 0.63514900
vt 0.21705100 0.63354498
vt 0.21939500 0.63648403
vt 0.22195999 0.64171898
vt 0.21709099 0.63937402
vt 0.03778500 0.39878500
vt 0.03694900 0.39511901
vt 0.03460500 0.39218000
vt 0.03121700 0.39054900
vt 0.03121700 0.40702099
vt 0.02745800 0.40702099
vt 0.02745800 0.39054900
vt 0.02407100 0.39218000
vt 0.02172700 0.39511901
vt 0.02172700 0.40245000
vt 0.03460500 0.40538901
vt 0.02089000 0.39878500
vt 0.02407100 0.40538901
vt 0.03694900 0.40245000
vt 0.21858500 0.86856598
vt 0.23442499 0.86903697
vt 0.22386500 0.86527002
vt 0.23442499 0.86527002
vt 0.21330500 0.86527002
vt 0.23442499 0.87280297
vt 0.21858500 0.87515801
vt 0.23442499 0.87656999
vt 0.20274600 0.86527002
vt 0.20274600 0.86903697
vt 0.20274600 0.87656999
vt 0.21858500 0.87845403
vt 0.20274600 0.87280297
vt 0.20274600 0.88033700
vt 0.21858500 0.88174999
vt 0.23442499 0.88033700
vt 0.23442499 0.88410401
vt 0.22386500 0.89163798
vt 0.23442499 0.89163798
vt 0.23442499 0.88787103
vt 0.21858500 0.88504601
vt 0.21858500 0.88834202
vt 0.20274600 0.88410401
vt 0.20274600 0.88787103
vt 0.21330500 0.89163798
vt 0.20274600 0.89163798
vt 0.01583900 0.16420200
vt 0.03167900 0.16467300
vt 0.02111900 0.16090600
vt 0.03167900 0.16090600
vt 0.01056000 0.16090600
vt 0.03167900 0.16844000
vt 0.01583900 0.17079400
vt 0.03167900 0.17220700
vt 0.00000000 0.16090600
vt 0.00000000 0.16467300
vt 0.00000000 0.17220700
vt 0.01583900 0.17409000
vt 0.00000000 0.16844000
vt 0.00000000 0.17597400
vt 0.03167900 0.17597400
vt 0.01583900 0.17738600
vt 0.03167900 0.17974000
vt 0.02111900 0.18727399
vt 0.03167900 0.18727399
vt 0.03167900 0.18350700
vt 0.01583900 0.18068200
vt 0.01583900 0.18397801
vt 0.00000000 0.17974000
vt 0.00000000 0.18350700
vt 0.01056000 0.18727399
vt 0.00000000 0.18727399
vt 0.22992900 0.58149499
vt 0.23223300 0.57860601
vt 0.22736400 0.57626098
vt 0.23227300 0.58443499
vt 0.22654200 0.57986403
vt 0.23311000 0.58810002
vt 0.23680601 0.58810002
vt 0.23560300 0.58283103
vt 0.23560300 0.59336901
vt 0.21939500 0.58149499
vt 0.22195999 0.57626098
vt 0.21709099 0.57860601
vt 0.22278200 0.57986403
vt 0.21621400 0.58810002
vt 0.21705100 0.58443499
vt 0.21372101 0.58283103
vt 0.23223300 0.59759402
vt 0.23227300 0.59176600
vt 0.22992900 0.59470499
vt 0.22654200 0.59633601
vt 0.22736400 0.59993899
vt 0.22278200 0.59633601
vt 0.22195999 0.59993899
vt 0.21372101 0.59336901
vt 0.21251801 0.58810002
vt 0.21705100 0.59176600
vt 0.21709099 0.59759402
vt 0.21939500 0.59470499
vt 0.15578599 0.32824001
vt 0.15578599 0.29656100
vt 0.27722201 0.29656100
vt 0.32617801 0.61550099
vt 0.32617801 0.58590198
vt 0.36947301 0.58590198
vt 0.32107401 0.61550099
vt 0.32617801 0.62875599
vt 0.36947301 0.65835500
vt 0.31086600 0.61550099
vt 0.31597000 0.61550099
vt 0.31597000 0.62875599
vt 0.30065900 0.61550099
vt 0.30576301 0.61550099
vt 0.30576301 0.62875599
vt 0.29555500 0.61550099
vt 0.30065900 0.62875599
vt 0.31086600 0.62875599
vt 0.32107401 0.62875599
vt 0.32617801 0.65835500
vt 0.24755700 0.52254498
vt 0.23010500 0.52286500
vt 0.22643700 0.52254498
vt 0.23699699 0.52537400
vt 0.23366000 0.52381802
vt 0.24001200 0.52748501
vt 0.24472700 0.53310400
vt 0.24261600 0.53008902
vt 0.24628299 0.53644103
vt 0.24723600 0.53999603
vt 0.24755700 0.54366398
vt 0.21474899 0.54366398
vt 0.20418900 0.54083401
vt 0.20720400 0.53872299
vt 0.19729701 0.54334301
vt 0.20085201 0.54238999
vt 0.19362900 0.54366398
vt 0.21442799 0.52621198
vt 0.21474899 0.52254498
vt 0.21347500 0.52976799
vt 0.20980801 0.53612000
vt 0.21191899 0.53310400
vt 0.00000000 0.73227298
vt 0.00000000 0.65982002
vt 0.37486801 0.65982002
vt 0.25232500 0.90722400
vt 0.24085900 0.89728802
vt 0.24730600 0.90143102
vt 0.25659999 0.92178100
vt 0.25550899 0.91419500
vt 0.21848699 0.94627500
vt 0.20383599 0.91419500
vt 0.21848699 0.89728802
vt 0.22584100 0.89512801
vt 0.21203899 0.90143102
vt 0.23350500 0.89512801
vt 0.20702000 0.90722400
vt 0.25550899 0.92936802
vt 0.25232500 0.93633902
vt 0.23350500 0.94843400
vt 0.24730600 0.94213200
vt 0.24085900 0.94627500
vt 0.22584100 0.94843400
vt 0.20383599 0.92936802
vt 0.20274600 0.92178100
vt 0.20702000 0.93633902
vt 0.21203899 0.94213200
vt 0.04456100 0.09971400
vt 0.01574100 0.09557000
vt 0.03811300 0.09557000
vt 0.05385400 0.12006400
vt 0.04958000 0.10550600
vt 0.05276400 0.11247800
vt 0.03075900 0.14671700
vt 0.03075900 0.09341100
vt 0.02309500 0.09341100
vt 0.00929400 0.09971400
vt 0.00427500 0.10550600
vt 0.00000000 0.12006400
vt 0.00109100 0.11247800
vt 0.03811300 0.14455800
vt 0.05276400 0.12764999
vt 0.04958000 0.13462199
vt 0.04456100 0.14041400
vt 0.00427500 0.13462199
vt 0.00109100 0.12764999
vt 0.01574100 0.14455800
vt 0.00929400 0.14041400
vt 0.02309500 0.14671700
vt 0.27666301 0.85437202
vt 0.73600799 0.60713500
vt 0.12671600 0.73373801
vt 0.07964400 0.39054900
vt 0.73600799 0.00316800
vt 0.12525100 0.92698002
vt 0.73600799 0.28200999
vt 0.73600799 0.36226299
vt 0.00000000 0.92698002
vt 0.37580800 0.58443803
vt 0.09680300 0.63821000
vt 0.12671600 0.93778902
vt 0.00000000 0.00000000
vt 0.18632500 0.40446499
vt 0.28345200 0.64398098
vt 0.00000000 0.58013099
vt 0.19362900 0.54641801
vt 0.21010900 0.54641801
vt 0.21010900 0.58337700
vt 0.09873000 0.51124799
vt 0.31744301 0.48954600
vt 0.22343799 0.39054900
vt 0.31931400 0.42035699
vt 0.22343799 0.42222801
vt 0.14303000 0.39054900
vt 0.05852500 0.43711799
vt 0.28190801 0.64398098
vt 0.27722201 0.32824001
vt 0.29555500 0.62875599
vt 0.37486801 0.73227298
f 1/1 2/2 3/3
f 4/4 5/5 6/6
f 7/7 8/8 9/9
f 10/10 1/1 6/6
f 2/2 1/1 11/11
f 11/11 1/1 10/10
f 10/10 5/5 7/7
f 6/6 5/5 10/10
f 9/9 10/10 7/7
f 12/12 13/13 14/14
f 12/12 15/15 16/16
f 13/13 12/12 17/17
f 18/18 13/13 19/19
f 20/20 19/19 13/13
f 20/20 13/13 21/21
f 22/22 12/12 16/16
f 12/12 23/23 24/24
f 24/24 25/25 12/12
f 12/12 25/25 17/17
f 26/26 21/21 13/13
f 13/13 27/27 26/26
f 13/13 28/28 27/27
f 23/23 12/12 22/22
f 29/29 30/30 31/31
f 32/32 31/31 30/30
f 33/33 30/30 29/29
f 29/29 31/31 34/34
f 35/35 29/29 34/34
f 36/36 35/35 34/34
f 37/37 33/33 38/38
f 38/38 33/33 29/29
f 39/39 35/35 40/40
f 36/36 40/40 35/35
f 35/35 39/39 41/41
f 39/39 40/40 42/42
f 29/29 41/41 38/38
f 29/29 35/35 41/41
f 36/36 43/43 40/40
f 43/43 44/44 45/45
f 40/40 45/45 42/42
f 46/46 47/47 48/48
f 44/44 47/47 49/49
f 46/46 50/50 47/47
f 51/51 42/42 45/45
f 52/52 51/51 49/49
f 52/52 50/50 53/53
f 46/46 53/53 50/50
f 53/53 54/54 52/52
f 55/55 56/56 57/57
f 58/58 59/59 60/60
f 61/61 60/60 56/56
f 62/62 63/63 64/64
f 65/65 64/64 63/63
f 66/66 63/63 62/62
f 62/62 64/64 67/67
f 68/68 62/62 67/67
f 69/69 68/68 67/67
f 70/70 66/66 71/71
f 71/71 66/66 62/62
f 72/72 68/68 73/73
f 69/69 73/73 68/68
f 68/68 72/72 74/74
f 75/75 72/72 73/73
f 62/62 74/74 71/71
f 62/62 68/68 74/74
f 69/69 76/76 73/73
f 76/76 77/77 78/78
f 79/79 80/80 81/81
f 77/77 80/80 82/82
f 79/79 83/83 80/80
f 84/84 75/75 78/78
f 85/85 84/84 82/82
f 85/85 83/83 86/86
f 79/79 86/86 83/83
f 86/86 87/87 85/85
f 88/88 89/89 90/90
f 88/88 90/90 91/91
f 92/92 93/93 91/91
f 88/88 91/91 93/93
f 94/94 95/95 96/96
f 97/97 98/98 99/99
f 100/100 101/101 102/102
f 98/98 97/97 103/103
f 104/104 105/105 106/106
f 107/107 108/108 109/109
f 110/110 111/111 108/108
f 111/111 110/110 112/112
f 112/112 113/113 114/114
f 115/115 111/111 112/112
f 107/107 110/110 108/108
f 116/116 117/117 110/110
f 117/117 116/116 118/118
f 119/119 120/120 121/121
f 122/122 121/121 118/118
f 119/119 123/123 120/120
f 123/123 124/124 120/120
f 124/124 123/123 125/125
f 125/125 126/126 124/124
f 127/127 128/128 129/129
f 130/130 129/129 131/131
f 113/113 132/132 114/114
f 133/133 134/134 135/135
f 128/128 127/127 132/132
f 130/130 131/131 135/135
f 130/130 127/127 129/129
f 113/113 128/128 132/132
f 136/136 133/133 137/137
f 125/125 138/138 126/126
f 139/139 140/140 141/141
f 139/139 126/126 138/138
f 142/142 137/137 141/141
f 136/136 137/137 142/142
f 138/138 140/140 139/139
f 140/140 142/142 141/141
f 134/134 133/133 136/136
f 114/114 115/115 112/112
f 143/143 144/144 145/145
f 146/146 147/147 148/148
f 149/149 150/150 151/151
f 152/152 150/150 149/149
f 153/153 154/154 152/152
f 149/149 153/153 152/152
f 155/155 156/156 157/157
f 158/158 159/159 160/160
f 159/159 155/155 161/161
f 162/162 163/163 164/164
f 165/165 164/164 163/163
f 166/166 162/162 164/164
f 163/163 162/162 167/167
f 168/168 167/167 169/169
f 170/170 171/171 166/166
f 171/171 162/162 166/166
f 172/172 173/173 167/167
f 174/174 167/167 171/171
f 175/175 176/176 169/169
f 177/177 176/176 175/175
f 173/173 172/172 175/175
f 176/176 177/177 178/178
f 179/179 177/177 175/175
f 180/180 181/181 178/178
f 180/180 178/178 182/182
f 183/183 182/182 177/177
f 184/184 185/185 182/182
f 180/180 182/182 185/185
f 183/183 184/184 182/182
f 186/186 187/187 188/188
f 186/186 189/189 187/187
f 190/190 189/189 191/191
f 186/186 191/191 189/189
f 192/192 193/193 194/194
f 195/195 196/196 197/197
f 198/198 199/199 200/200
f 198/198 200/200 201/201
f 202/202 203/203 201/201
f 198/198 201/201 203/203
f 204/204 205/205 206/206
f 207/207 208/208 209/209
f 205/205 204/204 209/209
f 210/210 204/204 206/206
f 210/210 211/211 204/204
f 211/211 212/212 204/204
f 213/213 214/214 207/207
f 208/208 207/207 214/214
f 215/215 216/216 214/214
f 213/213 207/207 212/212
f 208/208 214/214 217/217
f 218/218 219/219 217/217
f 220/220 219/219 221/221
f 220/220 221/221 222/222
f 223/223 218/218 215/215
f 221/221 218/218 223/223
f 224/224 225/225 221/221
f 222/222 221/221 225/225
f 223/223 224/224 221/221
f 221/221 219/219 218/218
f 226/226 227/227 228/228
f 226/226 228/228 229/229
f 230/230 231/231 227/227
f 227/227 232/232 233/233
f 233/233 234/234 227/227
f 235/235 236/236 237/237
f 236/236 238/238 239/239
f 238/238 236/236 229/229
f 240/240 227/227 234/234
f 241/241 227/227 240/240
f 227/227 241/241 228/228
f 237/237 236/236 239/239
f 242/242 243/243 244/244
f 242/242 244/244 245/245
f 246/246 247/247 248/248
f 246/246 248/248 249/249
f 249/249 242/242 245/245
f 245/245 246/246 249/249
f 250/250 247/247 246/246
f 251/251 250/250 246/246
f 252/252 253/253 246/246
f 253/253 254/254 255/255
f 256/256 253/253 252/252
f 255/255 257/257 251/251
f 258/258 257/257 255/255
f 259/259 258/258 255/255
f 260/260 256/256 261/261
f 252/252 262/262 261/261
f 263/263 264/264 265/265
f 256/256 260/260 265/265
f 256/256 265/265 264/264
f 252/252 261/261 256/256
f 266/266 267/267 268/268
f 269/269 270/270 271/271
f 272/272 270/270 269/269
f 273/273 274/274 272/272
f 275/275 276/276 277/277
f 271/271 270/270 276/276
f 274/274 270/270 272/272
f 275/275 271/271 276/276
f 270/270 278/278 276/276
f 274/274 273/273 279/279
f 280/280 279/279 281/281
f 282/282 283/283 284/284
f 285/285 284/284 283/283
f 286/286 280/280 283/283
f 283/283 282/282 286/286
f 287/287 278/278 288/288
f 286/286 279/279 280/280
f 278/278 289/289 290/290
f 281/281 279/279 273/273
f 289/289 278/278 270/270
f 290/290 291/291 278/278
f 292/292 293/293 294/294
f 295/295 293/293 292/292
f 291/291 288/288 278/278
f 296/296 292/292 294/294
f 297/297 298/298 296/296
f 292/292 296/296 298/298
f 299/299 298/298 300/300
f 300/300 297/297 301/301
f 298/298 297/297 300/300
f 302/302 287/287 288/288
f 303/303 304/304 292/292
f 295/295 292/292 304/304
f 305/305 300/300 301/301
f 306/306 305/305 307/307
f 308/308 309/309 300/300
f 310/310 307/307 305/305
f 310/310 305/305 311/311
f 299/299 300/300 309/309
f 311/311 305/305 301/301
f 312/312 313/313 285/285
f 314/314 315/315 312/312
f 313/313 312/312 315/315
f 312/312 285/285 283/283
f 316/316 317/317 314/314
f 287/287 318/318 319/319
f 314/314 317/317 315/315
f 320/320 319/319 321/321
f 322/322 317/317 316/316
f 323/323 324/324 322/322
f 325/325 326/326 327/327
f 326/326 323/323 327/327
f 328/328 325/325 329/329
f 326/326 325/325 328/328
f 323/323 326/326 324/324
f 330/330 326/326 328/328
f 329/329 331/331 328/328
f 332/332 330/330 328/328
f 317/317 322/322 324/324
f 332/332 321/321 330/330
f 303/303 333/333 304/304
f 334/334 303/303 335/335
f 336/336 303/303 334/334
f 333/333 303/303 336/336
f 337/337 318/318 287/287
f 338/338 339/339 308/308
f 308/308 300/300 338/338
f 340/340 341/341 306/306
f 340/340 306/306 342/342
f 319/319 303/303 287/287
f 302/302 337/337 287/287
f 335/335 303/303 319/319
f 328/328 343/343 332/332
f 344/344 345/345 343/343
f 335/335 319/319 320/320
f 338/338 306/306 346/346
f 346/346 306/306 341/341
f 338/338 344/344 347/347
f 344/344 338/338 345/345
f 345/345 338/338 346/346
f 339/339 338/338 347/347
f 344/344 343/343 328/328
f 321/321 332/332 320/320
f 348/348 349/349 350/350
f 351/351 352/352 353/353
f 352/352 354/354 355/355
f 356/356 357/357 358/358
f 359/359 358/358 360/360
f 361/361 355/355 357/357
f 362/362 354/354 351/351
f 354/354 352/352 351/351
f 363/363 364/364 365/365
f 364/364 363/363 366/366
f 367/367 366/366 368/368
f 369/369 370/370 371/371
f 372/372 373/373 369/369
f 370/370 374/374 368/368
f 372/372 375/375 376/376
f 375/375 372/372 369/369
f 377/377 378/378 379/379
f 378/378 380/380 381/381
f 382/382 383/383 384/384
f 385/385 384/384 386/386
f 387/387 381/381 383/383
f 388/388 380/380 377/377
f 380/380 378/378 377/377
f 389/389 390/390 391/391
f 392/392 390/390 389/389
f 392/392 393/393 394/394
f 395/395 396/396 397/397
f 398/398 399/399 400/400
f 401/401 394/394 396/396
f 398/398 397/397 402/402
f 397/397 398/398 400/400
f 403/403 404/404 405/405
f 404/404 406/406 407/407
f 408/408 409/409 410/410
f 411/411 410/410 412/412
f 413/413 407/407 409/409
f 414/414 406/406 403/403
f 406/406 404/404 403/403
f 415/415 416/416 417/417
f 418/418 416/416 415/415
f 419/419 418/418 420/420
f 421/421 422/422 423/423
f 424/424 425/425 426/426
f 419/419 427/427 422/422
f 424/424 423/423 428/428
f 423/423 424/424 426/426
f 429/429 430/430 431/431
f 430/430 432/432 433/433
f 434/434 435/435 436/436
f 437/437 436/436 438/438
f 439/439 433/433 435/435
f 440/440 432/432 429/429
f 432/432 430/430 429/429
f 441/441 442/442 443/443
f 442/442 441/441 444/444
f 445/445 444/444 446/446
f 447/447 448/448 449/449
f 450/450 451/451 452/452
f 453/453 446/446 448/448
f 450/450 449/449 454/454
f 449/449 450/450 452/452
f 455/455 456/456 457/457
f 458/458 459/459 455/455
f 456/456 455/455 459/459
f 460/460 461/461 462/462
f 463/463 458/458 460/460
f 462/462 463/463 460/460
f 459/459 458/458 463/463
f 464/464 465/465 466/466
f 467/467 464/464 468/468
f 469/469 470/470 465/465
f 471/471 469/469 464/464
f 466/466 472/472 473/473
f 466/466 473/473 474/474
f 466/466 474/474 468/468
f 466/466 465/465 475/475
f 475/475 472/472 466/466
f 476/476 477/477 478/478
f 476/476 478/478 479/479
f 480/480 467/467 476/476
f 468/468 481/481 477/477
f 482/482 475/475 470/470
f 469/469 483/483 484/484
f 470/470 485/485 482/482
f 470/470 484/484 485/485
f 471/471 480/480 486/486
f 471/471 467/467 480/480
f 483/483 469/469 487/487
f 487/487 469/469 471/471
f 471/471 488/488 487/487
f 471/471 486/486 488/488
f 470/470 475/475 465/465
f 489/489 490/490 491/491
f 492/492 489/489 493/493
f 494/494 495/495 490/490
f 496/496 494/494 489/489
f 491/491 497/497 498/498
f 491/491 498/498 499/499
f 500/500 493/493 499/499
f 501/501 497/497 491/491
f 502/502 503/503 504/504
f 502/502 504/504 505/505
f 506/506 492/492 502/502
f 505/505 506/506 502/502
f 493/493 500/500 503/503
f 501/501 491/491 490/490
f 490/490 495/495 501/501
f 507/507 501/501 495/495
f 508/508 507/507 495/495
f 495/495 509/509 508/508
f 494/494 510/510 509/509
f 496/496 511/511 494/494
f 512/512 496/496 506/506
f 496/496 513/513 511/511
f 496/496 512/512 513/513
f 514/514 515/515 516/516
f 514/514 517/517 515/515
f 518/518 519/519 520/520
f 518/518 521/521 519/519
f 521/521 517/517 514/514
f 517/517 521/521 518/518
f 522/522 518/518 520/520
f 523/523 518/518 522/522
f 524/524 518/518 525/525
f 526/526 525/525 523/523
f 527/527 524/524 525/525
f 526/526 528/528 529/529
f 526/526 529/529 525/525
f 526/526 530/530 531/531
f 532/532 530/530 526/526
f 533/533 528/528 526/526
f 524/524 527/527 534/534
f 535/535 534/534 527/527
f 524/524 534/534 536/536
f 533/533 527/527 537/537
f 535/535 527/527 538/538
f 533/533 538/538 527/527
f 533/533 537/537 528/528
f 526/526 523/523 532/532
f 539/539 540/540 541/541
f 542/542 539/539 541/541
f 543/543 542/542 544/544
f 545/545 546/546 543/543
f 541/541 544/544 542/542
f 547/547 539/539 542/542
f 548/548 549/549 547/547
f 542/542 548/548 547/547
f 542/542 550/550 548/548
f 543/543 551/551 552/552
f 552/552 551/551 553/553
f 550/550 543/543 554/554
f 550/550 542/542 543/543
f 551/551 546/546 555/555
f 555/555 556/556 557/557
f 558/558 557/557 556/556
f 551/551 557/557 553/553
f 559/559 560/560 561/561
f 560/560 562/562 563/563
f 560/560 563/563 561/561
f 557/557 558/558 564/564
f 558/558 561/561 565/565
f 566/566 561/561 567/567
f 563/563 567/567 561/561
f 567/567 568/568 566/566
f 569/569 570/570 571/571
f 572/572 569/569 573/573
f 574/574 575/575 576/576
f 577/577 574/574 576/576
f 576/576 572/572 578/578
f 579/579 577/577 580/580
f 574/574 577/577 579/579
f 581/581 582/582 583/583
f 584/584 581/581 583/583
f 585/585 584/584 586/586
f 587/587 588/588 585/585
f 583/583 586/586 584/584
f 589/589 581/581 584/584
f 590/590 591/591 589/589
f 584/584 590/590 589/589
f 584/584 592/592 590/590
f 585/585 593/593 594/594
f 594/594 593/593 595/595
f 592/592 585/585 596/596
f 592/592 584/584 585/585
f 593/593 588/588 597/597
f 598/598 597/597 599/599
f 600/600 598/598 599/599
f 593/593 598/598 595/595
f 601/601 602/602 603/603
f 602/602 604/604 605/605
f 602/602 605/605 603/603
f 598/598 600/600 606/606
f 600/600 603/603 607/607
f 608/608 603/603 609/609
f 605/605 609/609 603/603
f 609/609 610/610 608/608
f 597/597 598/598 593/593
f 611/611 612/612 613/613
f 614/614 615/615 612/612
f 616/616 611/611 617/617
f 618/618 614/614 611/611
f 619/619 620/620 621/621
f 613/613 622/622 620/620
f 619/619 623/623 617/617
f 613/613 612/612 622/622
f 623/623 624/624 625/625
f 620/620 619/619 613/613
f 612/612 626/626 627/627
f 615/615 628/628 626/626
f 615/615 629/629 628/628
f 629/629 630/630 628/628
f 615/615 614/614 631/631
f 612/612 615/615 626/626
f 632/632 625/625 624/624
f 616/616 625/625 633/633
f 624/624 634/634 632/632
f 625/625 632/632 633/633
f 635/635 636/636 616/616
f 637/637 631/631 614/614
f 638/638 618/618 636/636
f 638/638 639/639 637/637
f 618/618 638/638 637/637
f 640/640 641/641 642/642
f 643/643 640/640 644/644
f 645/645 646/646 647/647
f 648/648 649/649 650/650
f 649/649 645/645 651/651
f 646/646 643/643 652/652
f 653/653 654/654 655/655
f 656/656 653/653 657/657
f 658/658 659/659 654/654
f 660/660 658/658 653/653
f 661/661 655/655 662/662
f 655/655 661/661 663/663
f 662/662 655/655 654/654
f 655/655 663/663 657/657
f 664/664 665/665 666/666
f 667/667 666/666 668/668
f 657/657 669/669 665/665
f 664/664 667/667 670/670
f 666/666 667/667 664/664
f 659/659 671/671 672/672
f 659/659 673/673 671/671
f 673/673 659/659 674/674
f 674/674 659/659 658/658
f 656/656 670/670 675/675
f 676/676 660/660 675/675
f 660/660 677/677 658/658
f 675/675 678/678 676/676
f 660/660 676/676 677/677
f 679/679 680/680 681/681
f 682/682 683/683 679/679
f 683/683 680/680 679/679
f 681/681 680/680 684/684
f 685/685 681/681 684/684
f 686/686 685/685 684/684
f 687/687 688/688 689/689
f 690/690 691/691 687/687
f 691/691 688/688 687/687
f 689/689 688/688 682/682
f 689/689 682/682 679/679
f 692/692 686/686 693/693
f 685/685 694/694 695/695
f 692/692 694/694 686/686
f 696/696 685/685 697/697
f 695/695 697/697 685/685
f 698/698 685/685 696/696
f 694/694 685/685 686/686
f 699/699 700/700 701/701
f 702/702 699/699 701/701
f 703/703 700/700 699/699
f 685/685 698/698 704/704
f 693/693 703/703 692/692
f 700/700 703/703 693/693
f 705/705 685/685 704/704
f 706/706 690/690 707/707
f 687/687 707/707 690/690
f 708/708 709/709 710/710
f 711/711 712/712 709/709
f 713/713 706/706 707/707
f 713/713 714/714 715/715
f 706/706 713/713 715/715
f 716/716 714/714 713/713
f 716/716 717/717 714/714
f 717/717 718/718 719/719
f 718/718 717/717 716/716
f 720/720 710/710 719/719
f 702/702 721/721 711/711
f 711/711 721/721 712/712
f 701/701 721/721 702/702
f 718/718 722/722 723/723
f 718/718 705/705 722/722
f 710/710 720/720 708/708
f 719/719 724/724 720/720
f 718/718 725/725 726/726
f 726/726 727/727 718/718
f 724/724 718/718 727/727
f 723/723 725/725 718/718
f 718/718 724/724 719/719
f 711/711 709/709 708/708
f 685/685 705/705 718/718
f 728/728 729/729 730/730
f 731/731 732/732 733/733
f 734/734 733/733 732/732
f 735/735 731/731 733/733
f 731/731 736/736 732/732
f 737/737 736/736 731/731
f 738/738 736/736 737/737
f 739/739 740/740 735/735
f 740/740 731/731 735/735
f 741/741 742/742 737/737
f 738/738 737/737 742/742
f 737/737 743/743 741/741
f 744/744 745/745 742/742
f 731/731 740/740 743/743
f 731/731 743/743 737/737
f 742/742 746/746 738/738
f 746/746 745/745 747/747
f 748/748 749/749 750/750
f 747/747 751/751 750/750
f 748/748 750/750 752/752
f 753/753 751/751 745/745
f 754/754 752/752 751/751
f 754/754 755/755 752/752
f 748/748 752/752 755/755
f 755/755 754/754 756/756
f 746/746 742/742 745/745
f 757/757 758/758 759/759
f 760/760 761/761 758/758
f 759/759 758/758 761/761
f 757/757 759/759 762/762
f 763/763 764/764 765/765
f 764/764 763/763 757/757
f 762/762 764/764 757/757
f 766/766 767/767 768/768
f 767/767 769/769 770/770
f 771/771 760/760 768/768
f 766/766 769/769 767/767
f 772/772 769/769 773/773
f 774/774 772/772 773/773
f 769/769 772/772 770/770
f 760/760 766/766 768/768
f 760/760 771/771 761/761
f 775/775 763/763 765/765
f 776/776 775/775 777/777
f 765/765 777/777 775/775
f 776/776 778/778 779/779
f 780/780 776/776 777/777
f 778/778 781/781 779/779
f 782/782 783/783 781/781
f 781/781 783/783 779/779
f 780/780 778/778 776/776
f 784/784 785/785 786/786
f 785/785 784/784 774/774
f 784/784 786/786 787/787
f 785/785 774/774 773/773
f 788/788 783/783 789/789
f 782/782 789/789 783/783
f 786/786 790/790 787/787
f 789/789 790/790 788/788
f 788/788 790/790 786/786
f 791/791 792/792 793/793
f 794/794 795/795 792/792
f 793/793 792/792 795/795
f 791/791 793/793 796/796
f 797/797 798/798 799/799
f 798/798 797/797 791/791
f 796/796 798/798 791/791
f 800/800 801/801 802/802
f 802/802 803/803 804/804
f 794/794 800/800 805/805
f 801/801 803/803 802/802
f 806/806 803/803 807/807
f 808/808 806/806 807/807
f 803/803 806/806 804/804
f 794/794 801/801 800/800
f 794/794 805/805 795/795
f 809/809 797/797 799/799
f 810/810 809/809 811/811
f 799/799 811/811 809/809
f 810/810 812/812 813/813
f 814/814 810/810 811/811
f 812/812 815/815 813/813
f 816/816 817/817 815/815
f 815/815 817/817 813/813
f 814/814 812/812 810/810
f 818/818 819/819 820/820
f 819/819 818/818 808/808
f 818/818 820/820 821/821
f 819/819 808/808 807/807
f 822/822 817/817 823/823
f 816/816 823/823 817/817
f 820/820 824/824 821/821
f 823/823 824/824 822/822
f 822/822 824/824 820/820
f 825/825 826/826 827/827
f 826/826 828/828 829/829
f 830/830 831/831 832/832
f 832/832 833/833 834/834
f 835/835 829/829 831/831
f 836/836 828/828 825/825
f 828/828 826/826 825/825
f 837/837 838/838 839/839
f 840/840 837/837 841/841
f 842/842 843/843 844/844
f 844/844 840/840 845/845
f 846/846 847/847 842/842
f 838/838 834/834 833/833
f 848/848 849/849 850/850
f 849/849 851/851 852/852
f 853/853 854/854 855/855
f 855/855 856/856 857/857
f 858/858 852/852 854/854
f 859/859 851/851 848/848
f 851/851 849/849 848/848
f 860/860 861/861 862/862
f 863/863 860/860 864/864
f 865/865 866/866 867/867
f 867/867 863/863 868/868
f 869/869 870/870 865/865
f 861/861 857/857 856/856
f 871/871 872/872 873/873
f 872/872 874/874 875/875
f 876/876 877/877 878/878
f 878/878 879/879 880/880
f 881/881 875/875 877/877
f 882/882 874/874 871/871
f 874/874 872/872 871/871
f 883/883 884/884 885/885
f 886/886 883/883 887/887
f 888/888 889/889 890/890
f 890/890 886/886 891/891
f 892/892 893/893 888/888
f 884/884 880/880 879/879
f 894/894 895/895 896/896
f 895/895 897/897 898/898
f 899/899 900/900 901/901
f 901/901 902/902 903/903
f 904/904 898/898 900/900
f 905/905 897/897 894/894
f 897/897 895/895 894/894
f 906/906 907/907 908/908
f 909/909 906/906 910/910
f 911/911 912/912 913/913
f 913/913 909/909 914/914
f 915/915 916/916 911/911
f 907/907 903/903 902/902
f 917/917 918/918 919/919
f 920/920 919/919 918/918
f 921/921 917/917 919/919
f 917/917 922/922 918/918
f 923/923 922/922 917/917
f 924/924 922/922 923/923
f 925/925 926/926 921/921
f 926/926 917/917 921/921
f 927/927 928/928 923/923
f 924/924 923/923 928/928
f 923/923 929/929 927/927
f 927/927 930/930 928/928
f 917/917 926/926 929/929
f 917/917 929/929 923/923
f 928/928 931/931 924/924
f 931/931 932/932 933/933
f 928/928 930/930 932/932
f 934/934 935/935 936/936
f 933/933 937/937 936/936
f 934/934 936/936 938/938
f 939/939 937/937 932/932
f 940/940 938/938 937/937
f 940/940 941/941 938/938
f 934/934 938/938 941/941
f 941/941 940/940 942/942
f 931/931 928/928 932/932
f 943/943 944/944 945/945
f 946/946 945/945 944/944
f 947/947 943/943 945/945
f 943/943 948/948 944/944
f 949/949 948/948 943/943
f 950/950 948/948 949/949
f 951/951 952/952 947/947
f 952/952 943/943 947/947
f 953/953 954/954 949/949
f 950/950 949/949 954/954
f 949/949 955/955 953/953
f 953/953 956/956 954/954
f 943/943 952/952 955/955
f 943/943 955/955 949/949
f 954/954 957/957 950/950
f 957/957 958/958 959/959
f 954/954 956/956 958/958
f 960/960 961/961 962/962
f 959/959 963/963 962/962
f 960/960 962/962 964/964
f 965/965 963/963 958/958
f 966/966 964/964 963/963
f 966/966 967/967 964/964
f 960/960 964/964 967/967
f 967/967 966/966 968/968
f 957/957 954/954 958/958
f 969/969 970/970 971/971
f 972/972 971/971 970/970
f 973/973 969/969 971/971
f 969/969 974/974 970/970
f 975/975 974/974 969/969
f 976/976 974/974 975/975
f 977/977 978/978 973/973
f 978/978 969/969 973/973
f 979/979 980/980 975/975
f 976/976 975/975 980/980
f 975/975 981/981 979/979
f 979/979 982/982 980/980
f 969/969 978/978 981/981
f 969/969 981/981 975/975
f 980/980 983/983 976/976
f 983/983 984/984 985/985
f 980/980 982/982 984/984
f 986/986 987/987 988/988
f 985/985 989/989 988/988
f 986/986 988/988 990/990
f 991/991 989/989 984/984
f 992/992 990/990 989/989
f 992/992 993/993 990/990
f 986/986 990/990 993/993
f 993/993 992/992 994/994
f 983/983 980/980 984/984
f 995/995 996/996 997/997
f 998/998 999/999 1000/1000
f 1001/1001 1002/1002 1003/1003
f 1004/1004 1005/1005 1006/1006
f 1006/1006 1007/1007 1008/1008
f 1007/1007 1006/1006 1009/1009
f 1007/1007 1010/1010 1011/1011
f 1011/1011 1008/1008 1007/1007
f 1008/1008 1004/1004 1006/1006
f 1012/1012 1013/1013 1008/1008
f 1014/1014 1012/1012 1008/1008
f 1015/1015 1016/1016 1011/1011
f 1008/1008 1016/1016 1017/1017
f 1008/1008 1017/1017 1014/1014
f 1008/1008 1011/1011 1016/1016
f 1018/1018 1019/1019 1020/1020
f 1021/1021 1020/1020 1019/1019
f 1022/1022 1018/1018 1020/1020
f 1018/1018 1023/1023 1019/1019
f 1024/1024 1023/1023 1018/1018
f 1025/1025 1023/1023 1024/1024
f 1026/1026 1027/1027 1022/1022
f 1027/1027 1018/1018 1022/1022
f 1028/1028 1029/1029 1024/1024
f 1025/1025 1024/1024 1029/1029
f 1024/1024 1030/1030 1028/1028
f 1031/1031 1032/1032 1029/1029
f 1018/1018 1027/1027 1030/1030
f 1018/1018 1030/1030 1024/1024
f 1025/1025 1029/1029 1033/1033
f 1033/1033 1032/1032 1034/1034
f 1035/1035 1036/1036 1037/1037
f 1034/1034 1038/1038 1037/1037
f 1035/1035 1037/1037 1039/1039
f 1040/1040 1038/1038 1032/1032
f 1041/1041 1039/1039 1038/1038
f 1041/1041 1042/1042 1039/1039
f 1035/1035 1039/1039 1042/1042
f 1042/1042 1041/1041 1043/1043
f 1044/1044 1045/1045 1046/1046
f 1047/1047 1046/1046 1045/1045
f 1048/1048 1044/1044 1046/1046
f 1044/1044 1049/1049 1045/1045
f 1050/1050 1049/1049 1044/1044
f 1051/1051 1049/1049 1050/1050
f 1052/1052 1053/1053 1048/1048
f 1053/1053 1044/1044 1048/1048
f 1054/1054 1055/1055 1050/1050
f 1051/1051 1050/1050 1055/1055
f 1050/1050 1056/1056 1054/1054
f 1054/1054 1057/1057 1055/1055
f 1044/1044 1053/1053 1056/1056
f 1044/1044 1056/1056 1050/1050
f 1055/1055 1058/1058 1051/1051
f 1058/1058 1059/1059 1060/1060
f 1055/1055 1057/1057 1059/1059
f 1061/1061 1062/1062 1063/1063
f 1060/1060 1064/1064 1063/1063
f 1061/1061 1063/1063 1065/1065
f 1066/1066 1064/1064 1059/1059
f 1067/1067 1065/1065 1064/1064
f 1067/1067 1068/1068 1065/1065
f 1061/1061 1065/1065 1068/1068
f 1068/1068 1067/1067 1069/1069
f 1058/1058 1055/1055 1059/1059
f 1070/1070 1071/1071 1072/1072
f 1073/1073 1071/1071 1070/1070
f 1074/1074 1070/1070 1072/1072
f 1075/1075 1076/1076 1077/1077
f 1078/1078 1077/1077 1076/1076
f 1075/1075 1071/1071 1073/1073
f 1077/1077 1071/1071 1075/1075
f 1079/1079 1080/1080 1081/1081
f 1072/1072 1080/1080 1074/1074
f 1074/1074 1080/1080 1079/1079
f 1081/1081 1082/1082 1083/1083
f 1084/1084 1085/1085 1082/1082
f 1083/1083 1082/1082 1085/1085
f 1079/1079 1081/1081 1083/1083
f 1086/1086 1087/1087 1078/1078
f 1088/1088 1087/1087 1086/1086
f 1089/1089 1090/1090 1088/1088
f 1087/1087 1088/1088 1090/1090
f 1091/1091 1092/1092 1089/1089
f 1090/1090 1089/1089 1092/1092
f 1093/1093 1094/1094 1084/1084
f 1084/1084 1094/1094 1085/1085
f 1095/1095 1094/1094 1093/1093
f 1095/1095 1096/1096 1091/1091
f 1092/1092 1091/1091 1096/1096
f 1093/1093 1097/1097 1095/1095
f 1096/1096 1095/1095 1097/1097
f 1078/1078 1076/1076 1086/1086
f 1098/1098 1099/1099 1100/1100
f 1100/1100 1101/1101 1102/1102
f 1103/1103 1101/1101 1104/1104
f 1104/1104 1105/1105 1106/1106
f 1106/1106 1107/1107 1104/1104
f 1100/1100 1108/1108 1098/1098
f 1103/1103 1102/1102 1101/1101
f 1107/1107 1106/1106 1109/1109
f 1110/1110 1104/1104 1107/1107
f 1104/1104 1110/1110 1103/1103
f 1111/1111 1098/1098 1108/1108
f 1112/1112 1113/1113 1114/1114
f 1115/1115 1114/1114 1113/1113
f 1116/1116 1112/1112 1114/1114
f 1112/1112 1117/1117 1113/1113
f 1118/1118 1117/1117 1112/1112
f 1119/1119 1117/1117 1118/1118
f 1120/1120 1121/1121 1116/1116
f 1121/1121 1112/1112 1116/1116
f 1122/1122 1123/1123 1118/1118
f 1119/1119 1118/1118 1123/1123
f 1118/1118 1124/1124 1122/1122
f 1125/1125 1126/1126 1123/1123
f 1112/1112 1121/1121 1124/1124
f 1112/1112 1124/1124 1118/1118
f 1119/1119 1123/1123 1127/1127
f 1127/1127 1126/1126 1128/1128
f 1129/1129 1130/1130 1131/1131
f 1128/1128 1132/1132 1131/1131
f 1129/1129 1131/1131 1133/1133
f 1134/1134 1132/1132 1126/1126
f 1135/1135 1133/1133 1132/1132
f 1135/1135 1136/1136 1133/1133
f 1129/1129 1133/1133 1136/1136
f 1136/1136 1135/1135 1137/1137
f 1138/1138 1139/1139 1140/1140
f 1141/1141 1140/1140 1139/1139
f 1142/1142 1138/1138 1140/1140
f 1138/1138 1143/1143 1139/1139
f 1144/1144 1143/1143 1138/1138
f 1145/1145 1143/1143 1144/1144
f 1146/1146 1147/1147 1142/1142
f 1147/1147 1138/1138 1142/1142
f 1148/1148 1149/1149 1144/1144
f 1145/1145 1144/1144 1149/1149
f 1144/1144 1150/1150 1148/1148
f 1148/1148 1151/1151 1149/1149
f 1138/1138 1147/1147 1150/1150
f 1138/1138 1150/1150 1144/1144
f 1149/1149 1152/1152 1145/1145
f 1152/1152 1153/1153 1154/1154
f 1149/1149 1151/1151 1153/1153
f 1155/1155 1156/1156 1157/1157
f 1154/1154 1158/1158 1157/1157
f 1155/1155 1157/1157 1159/1159
f 1160/1160 1158/1158 1153/1153
f 1161/1161 1159/1159 1158/1158
f 1161/1161 1162/1162 1159/1159
f 1155/1155 1159/1159 1162/1162
f 1162/1162 1161/1161 1163/1163
f 1152/1152 1149/1149 1153/1153
f 1164/1164 1165/1165 1166/1166
f 1167/1167 1165/1165 1164/1164
f 1164/1164 1166/1166 1168/1168
f 1169/1169 1170/1170 1171/1171
f 1171/1171 1167/1167 1169/1169
f 1169/1169 1172/1172 1170/1170
f 1165/1165 1167/1167 1171/1171
f 1173/1173 1174/1174 1175/1175
f 1176/1176 1166/1166 1174/1174
f 1176/1176 1174/1174 1173/1173
f 1177/1177 1178/1178 1179/1179
f 1178/1178 1175/1175 1179/1179
f 1173/1173 1175/1175 1178/1178
f 1176/1176 1168/1168 1166/1166
f 1180/1180 1181/1181 1182/1182
f 1169/1169 1181/1181 1172/1172
f 1172/1172 1181/1181 1180/1180
f 1182/1182 1183/1183 1184/1184
f 1185/1185 1186/1186 1184/1184
f 1180/1180 1182/1182 1184/1184
f 1187/1187 1177/1177 1188/1188
f 1189/1189 1177/1177 1187/1187
f 1179/1179 1188/1188 1177/1177
f 1190/1190 1186/1186 1191/1191
f 1190/1190 1189/1189 1187/1187
f 1191/1191 1189/1189 1190/1190
f 1191/1191 1186/1186 1185/1185
f 1192/1192 1193/1193 1194/1194
f 1195/1195 1196/1196 1197/1197
f 1198/1198 1195/1195 1199/1199
f 1197/1197 1200/1200 1199/1199
f 1201/1201 1202/1202 1203/1203
f 1204/1204 1205/1205 1206/1206
f 1207/1207 1204/1204 1208/1208
f 1205/1205 1201/1201 1209/1209
f 1202/1202 1198/1198 1210/1210
f 1199/1199 1200/1200 1211/1211
f 1212/1212 1213/1213 1214/1214
f 1212/1212 1215/1215 1216/1216
f 1212/1212 1217/1217 1215/1215
f 1216/1216 1213/1213 1212/1212
f 1218/1218 1219/1219 1212/1212
f 1217/1217 1212/1212 1219/1219
f 1220/1220 1218/1218 1212/1212
f 1212/1212 1221/1221 1220/1220
f 1212/1212 1222/1222 1221/1221
f 1223/1223 1224/1224 1225/1225
f 1223/1223 1226/1226 1227/1227
f 1223/1223 1228/1228 1226/1226
f 1227/1227 1224/1224 1223/1223
f 1223/1223 1229/1229 1230/1230
f 1223/1223 1231/1231 1229/1229
f 1223/1223 1232/1232 1233/1233
f 1231/1231 1223/1223 1233/1233
f 1225/1225 1232/1232 1223/1223
f 1234/1234 1235/1235 1236/1236
f 1237/1237 1238/1238 1239/1239
f 1240/1240 1237/1237 1241/1241
f 1238/1238 1237/1237 1240/1240
f 1242/1242 1243/1243 1238/1238
f 1244/1244 1245/1245 1246/1246
f 1238/1238 1245/1245 1247/1247
f 1248/1248 1246/1246 1243/1243
f 1246/1246 1245/1245 1238/1238
f 1246/1246 1238/1238 1243/1243
f 1249/1249 1238/1238 1240/1240
f 1238/1238 1250/1250 1242/1242
f 1251/1251 1252/1252 1253/1253
f 1250/1250 1252/1252 1251/1251
f 1251/1251 1254/1254 1250/1250
f 1255/1255 1256/1256 1257/1257
f 1257/1257 1256/1256 1243/1243
f 1258/1258 1257/1257 1242/1242
f 1243/1243 1242/1242 1257/1257
f 1242/1242 1250/1250 1254/1254
f 1249/1249 1250/1250 1238/1238
f 1259/1259 1260/1260 1261/1261
f 1262/1262 1263/1263 1264/1264
f 1259/1259 1263/1263 1262/1262
f 1259/1259 1265/1265 1260/1260
f 1266/1266 1261/1261 1267/1267
f 1267/1267 1261/1261 1260/1260
f 1268/1268 1260/1260 1269/1269
f 1270/1270 1271/1271 1269/1269
f 1270/1270 1269/1269 1260/1260
f 1262/1262 1265/1265 1259/1259
f 1272/1272 1273/1273 1274/1274
f 1272/1272 1265/1265 1262/1262
f 1275/1275 1272/1272 1274/1274
f 1265/1265 1276/1276 1260/1260
f 1277/1277 1270/1270 1276/1276
f 1270/1270 1260/1260 1276/1276
f 1278/1278 1279/1279 1280/1280
f 1276/1276 1280/1280 1279/1279
f 1276/1276 1265/1265 1280/1280
f 1272/1272 1262/1262 1273/1273
f 4/4 6/6 1281/1281
f 12/12 14/14 1282/1282
f 13/13 17/17 28/28
f 43/43 45/45 40/40
f 44/44 49/49 45/45
f 47/47 50/50 49/49
f 51/51 45/45 49/49
f 52/52 49/49 50/50
f 55/55 57/57 1283/1283
f 58/58 60/60 61/61
f 61/61 56/56 55/55
f 75/75 73/73 78/78
f 76/76 78/78 73/73
f 77/77 82/82 78/78
f 80/80 83/83 82/82
f 84/84 78/78 82/82
f 85/85 82/82 83/83
f 94/94 96/96 1284/1284
f 97/97 99/99 1285/1285
f 101/101 103/103 102/102
f 97/97 102/102 103/103
f 104/104 106/106 1286/1286
f 107/107 109/109 1287/1287
f 116/116 110/110 107/107
f 116/116 1288/1288 118/118
f 119/119 121/121 122/122
f 122/122 118/118 1288/1288
f 133/133 135/135 131/131
f 143/143 145/145 1289/1289
f 146/146 148/148 1290/1290
f 155/155 157/157 161/161
f 158/158 160/160 1291/1291
f 159/159 161/161 160/160
f 163/163 167/167 168/168
f 167/167 173/173 169/169
f 172/172 167/167 174/174
f 167/167 162/162 171/171
f 175/175 169/169 173/173
f 172/172 179/179 175/175
f 177/177 182/182 178/178
f 183/183 177/177 179/179
f 192/192 194/194 1292/1292
f 195/195 197/197 1293/1293
f 207/207 209/209 204/204
f 215/215 214/214 213/213
f 207/207 204/204 212/212
f 214/214 216/216 217/217
f 218/218 217/217 216/216
f 218/218 216/216 215/215
f 226/226 229/229 236/236
f 230/230 227/227 226/226
f 253/253 251/251 246/246
f 253/253 255/255 251/251
f 266/266 268/268 1294/1294
f 306/306 307/307 342/342
f 348/348 350/350 1295/1295
f 352/352 355/355 361/361
f 356/356 358/358 359/359
f 359/359 360/360 365/365
f 361/361 357/357 356/356
f 363/363 365/365 360/360
f 364/364 366/366 367/367
f 367/367 368/368 374/374
f 369/369 371/371 375/375
f 370/370 368/368 371/371
f 378/378 381/381 387/387
f 382/382 384/384 385/385
f 385/385 386/386 391/391
f 387/387 383/383 382/382
f 389/389 391/391 386/386
f 392/392 389/389 393/393
f 392/392 394/394 401/401
f 395/395 397/397 400/400
f 401/401 396/396 395/395
f 404/404 407/407 413/413
f 408/408 410/410 411/411
f 411/411 412/412 417/417
f 413/413 409/409 408/408
f 415/415 417/417 412/412
f 418/418 415/415 420/420
f 419/419 420/420 427/427
f 421/421 423/423 426/426
f 419/419 422/422 421/421
f 430/430 433/433 439/439
f 434/434 436/436 437/437
f 437/437 438/438 443/443
f 439/439 435/435 434/434
f 441/441 443/443 438/438
f 442/442 444/444 445/445
f 445/445 446/446 453/453
f 447/447 449/449 452/452
f 453/453 448/448 447/447
f 464/464 466/466 468/468
f 467/467 468/468 476/476
f 469/469 465/465 464/464
f 471/471 464/464 467/467
f 474/474 481/481 468/468
f 480/480 476/476 479/479
f 468/468 477/477 476/476
f 469/469 484/484 470/470
f 489/489 491/491 493/493
f 492/492 493/493 502/502
f 494/494 490/490 489/489
f 496/496 489/489 492/492
f 493/493 491/491 499/499
f 493/493 503/503 502/502
f 494/494 509/509 495/495
f 511/511 510/510 494/494
f 496/496 492/492 506/506
f 518/518 523/523 525/525
f 543/543 544/544 545/545
f 546/546 551/551 543/543
f 543/543 552/552 554/554
f 555/555 557/557 551/551
f 558/558 556/556 559/559
f 557/557 564/564 553/553
f 559/559 561/561 558/558
f 558/558 565/565 564/564
f 561/561 566/566 565/565
f 569/569 571/571 573/573
f 572/572 573/573 578/578
f 576/576 578/578 577/577
f 585/585 586/586 587/587
f 588/588 593/593 585/585
f 585/585 594/594 596/596
f 600/600 599/599 601/601
f 598/598 606/606 595/595
f 601/601 603/603 600/600
f 600/600 607/607 606/606
f 603/603 608/608 607/607
f 611/611 613/613 617/617
f 614/614 612/612 611/611
f 616/616 617/617 625/625
f 618/618 611/611 616/616
f 619/619 617/617 613/613
f 612/612 627/627 622/622
f 623/623 625/625 617/617
f 615/615 631/631 629/629
f 616/616 633/633 635/635
f 636/636 618/618 616/616
f 637/637 614/614 618/618
f 640/640 642/642 644/644
f 643/643 644/644 652/652
f 645/645 647/647 651/651
f 648/648 650/650 1296/1296
f 649/649 651/651 650/650
f 646/646 652/652 647/647
f 653/653 655/655 657/657
f 656/656 657/657 664/664
f 658/658 654/654 653/653
f 660/660 653/653 656/656
f 661/661 662/662 1297/1297
f 662/662 654/654 672/672
f 663/663 669/669 657/657
f 657/657 665/665 664/664
f 664/664 670/670 656/656
f 659/659 672/672 654/654
f 673/673 1298/1298 671/671
f 674/674 658/658 1299/1299
f 656/656 675/675 660/660
f 677/677 1299/1299 658/658
f 728/728 730/730 1300/1300
f 744/744 742/742 741/741
f 745/745 751/751 747/747
f 751/751 752/752 750/750
f 753/753 745/745 744/744
f 754/754 751/751 753/753
f 826/826 829/829 835/835
f 830/830 832/832 1301/1301
f 832/832 834/834 1301/1301
f 835/835 831/831 830/830
f 837/837 839/839 841/841
f 840/840 841/841 845/845
f 844/844 845/845 846/846
f 846/846 842/842 844/844
f 838/838 833/833 839/839
f 849/849 852/852 858/858
f 853/853 855/855 1302/1302
f 855/855 857/857 1302/1302
f 858/858 854/854 853/853
f 860/860 862/862 864/864
f 863/863 864/864 868/868
f 867/867 868/868 869/869
f 869/869 865/865 867/867
f 861/861 856/856 862/862
f 872/872 875/875 881/881
f 876/876 878/878 1303/1303
f 878/878 880/880 1303/1303
f 881/881 877/877 876/876
f 883/883 885/885 887/887
f 886/886 887/887 891/891
f 890/890 891/891 892/892
f 892/892 888/888 890/890
f 884/884 879/879 885/885
f 895/895 898/898 904/904
f 899/899 901/901 1304/1304
f 901/901 903/903 1304/1304
f 904/904 900/900 899/899
f 906/906 908/908 910/910
f 909/909 910/910 914/914
f 913/913 914/914 915/915
f 915/915 911/911 913/913
f 907/907 902/902 908/908
f 932/932 937/937 933/933
f 937/937 938/938 936/936
f 939/939 932/932 930/930
f 940/940 937/937 939/939
f 958/958 963/963 959/959
f 963/963 964/964 962/962
f 965/965 958/958 956/956
f 966/966 963/963 965/965
f 984/984 989/989 985/985
f 989/989 990/990 988/988
f 991/991 984/984 982/982
f 992/992 989/989 991/991
f 995/995 997/997 1305/1305
f 998/998 1000/1000 1306/1306
f 1001/1001 1003/1003 1307/1307
f 1031/1031 1029/1029 1028/1028
f 1029/1029 1032/1032 1033/1033
f 1032/1032 1038/1038 1034/1034
f 1038/1038 1039/1039 1037/1037
f 1040/1040 1032/1032 1031/1031
f 1041/1041 1038/1038 1040/1040
f 1059/1059 1064/1064 1060/1060
f 1064/1064 1065/1065 1063/1063
f 1066/1066 1059/1059 1057/1057
f 1067/1067 1064/1064 1066/1066
f 1100/1100 1102/1102 1108/1108
f 1125/1125 1123/1123 1122/1122
f 1123/1123 1126/1126 1127/1127
f 1126/1126 1132/1132 1128/1128
f 1132/1132 1133/1133 1131/1131
f 1134/1134 1126/1126 1125/1125
f 1135/1135 1132/1132 1134/1134
f 1153/1153 1158/1158 1154/1154
f 1158/1158 1159/1159 1157/1157
f 1160/1160 1153/1153 1151/1151
f 1161/1161 1158/1158 1160/1160
f 1185/1185 1184/1184 1183/1183
f 1192/1192 1194/1194 1308/1308
f 1198/1198 1199/1199 1210/1210
f 1197/1197 1199/1199 1195/1195
f 1201/1201 1203/1203 1209/1209
f 1204/1204 1206/1206 1208/1208
f 1207/1207 1208/1208 1309/1309
f 1205/1205 1209/1209 1206/1206
f 1202/1202 1210/1210 1203/1203
f 1234/1234 1236/1236 1310/1310

