mtllib material.mtl
usemtl material_gripper_right_0
v -24.50000000 -3.00000000 23.50000000
v -24.50000000 0.00000000 23.50000000
v -23.50000000 0.00000000 23.50000000
v -7.50000000 -4.66941881 48.00484467
v -7.50000000 -5.61744881 47.40915680
v -7.50000000 -7.50000000 43.50000000
v -7.50000000 -3.61260462 48.37464142
v -7.50000000 -2.50000000 48.50000000
v -7.50000000 -6.40915728 46.61745071
v -7.50000000 -7.00484419 45.66941833
v -7.50000000 -7.37463951 44.61260605
v -7.50000000 -7.50000000 23.50000000
v -7.50000000 13.50000000 23.50000000
v -7.50000000 13.50000000 43.50000000
v -7.50000000 9.61260509 48.37464142
v -7.50000000 8.50000000 48.50000000
v -7.50000000 10.66941833 48.00484467
v -7.50000000 11.61744881 47.40915680
v -7.50000000 13.00484467 45.66941833
v -7.50000000 12.40915775 46.61745071
v -7.50000000 13.37463951 44.61260605
v -12.50000000 -3.47545171 48.40392685
v -14.16666698 -2.50000000 48.50000000
v -17.50000000 -3.61260462 48.37464142
v -17.50000000 -2.50000000 48.50000000
v -10.83333302 -2.50000000 48.50000000
v -17.50000000 -4.66941881 48.00484467
v -12.50000000 -5.27785110 47.65734863
v -17.50000000 -5.61744881 47.40915680
v -7.50000000 -2.50000000 48.50000000
v -7.50000000 -3.61260462 48.37464142
v -7.50000000 -5.61744881 47.40915680
v -12.50000000 -6.03553391 47.03553391
v -7.50000000 -4.66941881 48.00484467
v -7.50000000 -6.40915728 46.61745071
v -17.50000000 -6.40915728 46.61745071
v -17.50000000 -7.00484419 45.66941833
v -12.50000000 -6.65734816 46.27785110
v -14.16666698 -7.50000000 43.50000000
v -17.50000000 -7.37463951 44.61260605
v -17.50000000 -7.50000000 43.50000000
v -12.50000000 -7.11939764 45.41341782
v -12.50000000 -7.40392637 44.47545242
v -7.50000000 -7.00484419 45.66941833
v -7.50000000 -7.37463951 44.61260605
v -10.83333302 -7.50000000 43.50000000
v -7.50000000 -7.50000000 43.50000000
v -17.50000000 -7.50000000 23.50000000
v -7.50000000 -7.50000000 23.50000000
v -10.83333302 -7.50000000 43.50000000
v -7.50000000 -7.50000000 43.50000000
v -14.16666698 -7.50000000 43.50000000
v -17.50000000 -7.50000000 43.50000000
v -11.50000000 2.29999995 23.50000000
v -17.50000000 2.29999995 23.50000000
v -17.50000000 13.50000000 23.50000000
v -18.00000000 -5.00000000 23.50000000
v -18.00000000 2.00000000 23.50000000
v -11.50000000 2.00000000 23.50000000
v -11.50000000 -5.30000019 23.50000000
v -17.50000000 -7.50000000 23.50000000
v -17.50000000 -5.30000019 23.50000000
v -7.50000000 -7.50000000 23.50000000
v -7.50000000 13.50000000 23.50000000
v -11.50000000 -5.00000000 23.50000000
v -11.50000000 -5.30000019 23.50000000
v -11.50000000 -5.30000019 41.79999924
v -11.50000000 -5.00000000 41.50000000
v -11.50000000 2.29999995 41.79999924
v -11.50000000 2.29999995 23.50000000
v -11.50000000 2.00000000 41.50000000
v -11.50000000 2.29999995 41.79999924
v -17.50000000 2.29999995 41.79999924
v -17.50000000 2.29999995 23.50000000
v -17.50000000 -6.40915728 46.61745071
v -17.50000000 -5.61744881 47.40915680
v -17.50000000 -4.81675434 45.40595245
v -17.50000000 -7.00484419 45.66941833
v -17.50000000 -5.26980495 44.65246582
v -17.50000000 -4.16472197 45.99573517
v -17.50000000 -4.66941881 48.00484467
v -17.50000000 -2.50000000 46.50000000
v -17.50000000 -3.61260462 48.37464142
v -17.50000000 -2.50000000 48.50000000
v -17.50000000 -3.36970997 46.37116623
v -17.50000000 -5.48496246 43.79999924
v -17.50000000 4.30000019 43.79999924
v -17.50000000 2.29999995 41.79999924
v -17.50000000 -7.50000000 43.50000000
v -17.50000000 -7.37463951 44.61260605
v -17.50000000 -7.50000000 23.50000000
v -17.50000000 -5.30000019 41.79999924
v -17.50000000 2.29999995 23.50000000
v -17.50000000 4.30000019 25.50000000
v -17.50000000 8.50000000 48.50000000
v -17.50000000 8.50000000 46.50000000
v -17.50000000 9.61260509 48.37464142
v -17.50000000 9.27645683 46.39777756
v -17.50000000 10.66941833 48.00484467
v -17.50000000 10.00000000 46.09807587
v -17.50000000 11.61744881 47.40915680
v -17.50000000 12.40915775 46.61745071
v -17.50000000 10.62132072 45.62131882
v -17.50000000 13.00484467 45.66941833
v -17.50000000 11.09807587 45.00000000
v -17.50000000 11.39777756 44.27645874
v -17.50000000 13.50000000 43.50000000
v -17.50000000 11.50000000 43.50000000
v -17.50000000 13.37463951 44.61260605
v -17.50000000 13.50000000 23.50000000
v -17.50000000 11.50000000 25.50000000
v -17.50000000 -5.30000019 23.50000000
v -17.50000000 -5.30000019 41.79999924
v -11.50000000 -5.30000019 41.79999924
v -17.50000000 -5.30000019 41.79999924
v -17.50000000 2.29999995 41.79999924
v -11.50000000 2.29999995 41.79999924
v -7.50000000 13.50000000 43.50000000
v -7.50000000 13.50000000 23.50000000
v -10.83333302 13.50000000 43.50000000
v -14.16666698 13.50000000 43.50000000
v -17.50000000 13.50000000 43.50000000
v -17.50000000 13.50000000 23.50000000
v -12.50000000 13.40392685 44.47545242
v -14.16666698 13.50000000 43.50000000
v -17.50000000 13.37463951 44.61260605
v -17.50000000 13.50000000 43.50000000
v -10.83333302 13.50000000 43.50000000
v -17.50000000 13.00484467 45.66941833
v -12.50000000 12.65734768 46.27785110
v -17.50000000 12.40915775 46.61745071
v -7.50000000 13.50000000 43.50000000
v -7.50000000 13.37463951 44.61260605
v -7.50000000 12.40915775 46.61745071
v -12.50000000 12.03553391 47.03553391
v -7.50000000 13.00484467 45.66941833
v -7.50000000 11.61744881 47.40915680
v -17.50000000 11.61744881 47.40915680
v -17.50000000 10.66941833 48.00484467
v -12.50000000 11.27785110 47.65734863
v -14.16666698 8.50000000 48.50000000
v -17.50000000 9.61260509 48.37464142
v -17.50000000 8.50000000 48.50000000
v -12.50000000 10.41341686 48.11939621
v -12.50000000 9.47545147 48.40392685
v -7.50000000 10.66941833 48.00484467
v -7.50000000 9.61260509 48.37464142
v -10.83333302 8.50000000 48.50000000
v -7.50000000 8.50000000 48.50000000
v -10.83333302 -2.50000000 48.50000000
v -7.50000000 -2.50000000 48.50000000
v -7.50000000 8.50000000 48.50000000
v -17.50000000 -2.50000000 48.50000000
v -14.16666698 -2.50000000 48.50000000
v -14.16666698 8.50000000 48.50000000
v -10.83333302 8.50000000 48.50000000
v -12.16666698 -2.50000000 46.50000000
v -12.16666698 8.50000000 46.50000000
v -9.50000000 8.50000000 46.50000000
v -17.50000000 -2.50000000 46.50000000
v -17.50000000 8.50000000 46.50000000
v -14.83333302 8.50000000 46.50000000
v -14.83333302 -2.50000000 46.50000000
v -13.50000000 -3.04838514 46.44945145
v -17.50000000 -2.50000000 46.50000000
v -14.83333302 -2.50000000 46.50000000
v -13.50000000 -4.07186031 46.05524063
v -17.50000000 -4.16472197 45.99573517
v -17.50000000 -3.36970997 46.37116623
v -12.16666698 -2.50000000 46.50000000
v -9.50000000 -2.50000000 46.50000000
v -9.50000000 -3.36970997 46.37116623
v -9.50000000 -4.16472197 45.99573517
v -13.50000000 -4.51246119 45.72486115
v -9.50000000 -4.81675434 45.40595245
v -13.50000000 -4.88524675 45.31950378
v -17.50000000 -4.81675434 45.40595245
v -13.50000000 -5.17765427 44.85283661
v -17.50000000 -5.26980495 44.65246582
v -17.50000000 -5.48496246 43.79999924
v -13.50000000 -5.37983036 44.34057999
v -14.83333302 -5.48496246 43.79999924
v -9.50000000 -5.26980495 44.65246582
v -9.50000000 -5.48496246 43.79999924
v -12.16666698 -5.48496246 43.79999924
v -9.50000000 4.30000019 43.79999924
v -12.16666698 -5.48496246 43.79999924
v -9.50000000 -5.48496246 43.79999924
v -14.83333302 -5.48496246 43.79999924
v -17.50000000 -5.48496246 43.79999924
v -17.50000000 4.30000019 43.79999924
v -9.50000000 4.30000019 43.79999924
v -9.50000000 4.30000019 25.50000000
v -17.50000000 4.30000019 25.50000000
v -17.50000000 4.30000019 25.50000000
v -9.50000000 4.30000019 25.50000000
v -9.50000000 11.50000000 25.50000000
v -9.50000000 11.50000000 43.50000000
v -12.16666698 11.50000000 43.50000000
v -9.50000000 11.50000000 25.50000000
v -14.83333302 11.50000000 43.50000000
v -17.50000000 11.50000000 43.50000000
v -17.50000000 11.50000000 25.50000000
v -13.50000000 11.44235611 44.08526993
v -17.50000000 11.39777756 44.27645874
v -14.83333302 11.50000000 43.50000000
v -17.50000000 11.50000000 43.50000000
v -12.16666698 11.50000000 43.50000000
v -13.50000000 10.99440861 45.16670990
v -17.50000000 11.09807587 45.00000000
v -17.50000000 10.62132072 45.62131882
v -9.50000000 11.50000000 43.50000000
v -9.50000000 11.39777756 44.27645874
v -9.50000000 10.62132072 45.62131882
v -13.50000000 10.62132072 45.62131882
v -9.50000000 11.09807587 45.00000000
v -13.50000000 10.16671085 45.99440765
v -17.50000000 10.00000000 46.09807587
v -13.50000000 9.64805031 46.27163696
v -17.50000000 9.27645683 46.39777756
v -9.50000000 10.00000000 46.09807587
v -14.83333302 8.50000000 46.50000000
v -17.50000000 8.50000000 46.50000000
v -13.50000000 9.08527088 46.44235611
v -9.50000000 9.27645683 46.39777756
v -9.50000000 8.50000000 46.50000000
v -12.16666698 8.50000000 46.50000000
v -9.50000000 -4.16472197 45.99573517
v -9.50000000 -5.48496246 43.79999924
v -9.50000000 -4.81675434 45.40595245
v -9.50000000 -3.36970997 46.37116623
v -9.50000000 -2.50000000 46.50000000
v -9.50000000 -5.26980495 44.65246582
v -9.50000000 4.30000019 25.50000000
v -9.50000000 4.30000019 43.79999924
v -9.50000000 11.50000000 43.50000000
v -9.50000000 9.27645683 46.39777756
v -9.50000000 8.50000000 46.50000000
v -9.50000000 10.00000000 46.09807587
v -9.50000000 10.62132072 45.62131882
v -9.50000000 11.09807587 45.00000000
v -9.50000000 11.39777756 44.27645874
v -23.50000000 -5.00000000 -12.00000000
v -18.00000000 -5.00000000 -12.00000000
v -23.50000000 -5.00000000 -10.00000000
v -23.50000000 -5.00000000 -3.50000000
v -23.50000000 -5.00000000 3.50000000
v -17.07612038 -5.00000000 29.61731720
v -18.00000000 -5.00000000 23.50000000
v -11.50000000 -5.00000000 23.50000000
v -23.83333397 -5.00000000 -10.00000000
v -24.16666603 -5.00000000 -10.00000000
v -24.50000000 -5.00000000 -3.50000000
v -24.50000000 -5.00000000 -10.00000000
v -24.50000000 -5.00000000 28.00000000
v -24.50000000 -5.00000000 3.50000000
v -17.29289246 -5.00000000 29.29289246
v -17.61731720 -5.00000000 29.07612038
v -17.00000000 -5.00000000 41.50000000
v -17.00000000 -5.00000000 30.00000000
v -11.50000000 -5.00000000 41.50000000
v -24.42387962 -5.00000000 28.38268280
v -24.20710754 -5.00000000 28.70710754
v -23.88268280 -5.00000000 28.92387962
v -23.50000000 -5.00000000 29.00000000
v -18.00000000 -5.00000000 29.00000000
v -23.50000000 -0.89999998 3.50000000
v -23.50000000 -5.00000000 3.50000000
v -24.50000000 -5.00000000 3.50000000
v -24.00000000 -4.05000019 -8.00000000
v -24.50000000 -3.94670701 -8.71841812
v -24.50000000 -4.05000019 -8.00000000
v -23.50000000 -3.94670701 -8.71841812
v -23.50000000 -3.64519644 -9.37863445
v -24.50000000 -3.16989493 -9.92716122
v -23.50000000 -3.16989493 -9.92716122
v -23.50000000 -2.55930829 -10.31956196
v -24.50000000 -2.55930829 -10.31956196
v -23.50000000 -1.86290288 -10.52404499
v -24.50000000 -3.64519644 -9.37863445
v -23.50000000 -4.05000019 -8.00000000
v -23.50000000 -1.13709712 -10.52404499
v -24.50000000 -1.13709712 -10.52404499
v -24.50000000 -1.86290288 -10.52404499
v -24.50000000 -0.44069171 -10.31956196
v -24.50000000 0.16989487 -9.92716122
v -23.50000000 -0.44069171 -10.31956196
v -24.50000000 0.64519650 -9.37863445
v -23.50000000 0.64519650 -9.37863445
v -23.50000000 0.94670707 -8.71841812
v -24.00000000 1.04999995 -8.00000000
v -24.50000000 1.04999995 -8.00000000
v -24.50000000 0.94670707 -8.71841812
v -23.50000000 0.16989487 -9.92716122
v -23.50000000 1.04999995 -8.00000000
v -24.00000000 1.04999995 -8.00000000
v -24.50000000 0.94670707 -7.28158188
v -24.50000000 1.04999995 -8.00000000
v -23.50000000 0.94670707 -7.28158188
v -23.50000000 0.64519650 -6.62136602
v -24.50000000 0.16989487 -6.07283878
v -23.50000000 0.16989487 -6.07283878
v -23.50000000 -0.44069171 -5.68043852
v -24.50000000 -0.44069171 -5.68043852
v -23.50000000 -1.13709712 -5.47595549
v -24.50000000 0.64519650 -6.62136602
v -23.50000000 1.04999995 -8.00000000
v -23.50000000 -1.86290288 -5.47595549
v -24.50000000 -1.86290288 -5.47595549
v -24.50000000 -1.13709712 -5.47595549
v -24.50000000 -2.55930829 -5.68043852
v -23.50000000 -2.55930829 -5.68043852
v -23.50000000 -3.16989493 -6.07283878
v -24.50000000 -3.64519644 -6.62136602
v -23.50000000 -3.64519644 -6.62136602
v -23.50000000 -3.94670701 -7.28158188
v -24.00000000 -4.05000019 -8.00000000
v -24.50000000 -4.05000019 -8.00000000
v -24.50000000 -3.94670701 -7.28158188
v -24.50000000 -3.16989493 -6.07283878
v -23.50000000 -4.05000019 -8.00000000
v -24.50000000 -5.00000000 28.00000000
v -24.50000000 -3.83333325 28.00000000
v -24.50000000 -3.00000000 23.50000000
v -24.50000000 -3.94670701 8.71841812
v -24.50000000 -3.64519644 9.37863445
v -24.50000000 -3.16989493 9.92716122
v -24.50000000 -3.00000000 12.00000000
v -24.50000000 -2.66666675 28.00000000
v -24.50000000 -1.50000000 28.00000000
v -24.50000000 -1.86290288 10.52404499
v -24.50000000 -2.55930829 10.31956196
v -24.50000000 -1.13709712 10.52404499
v -24.50000000 0.00000000 12.00000000
v -24.50000000 -4.05000019 8.00000000
v -24.50000000 -5.00000000 3.50000000
v -24.50000000 -3.94670701 7.28158188
v -24.50000000 -3.64519644 6.62136602
v -24.50000000 -5.00000000 -3.50000000
v -24.50000000 -3.16989493 -6.07283878
v -24.50000000 -3.64519644 -6.62136602
v -24.50000000 -3.16989493 6.07283878
v -24.50000000 -2.55930829 -5.68043852
v -24.50000000 -0.89999998 -3.50000000
v -24.50000000 -1.86290288 -5.47595549
v -24.50000000 -2.55930829 5.68043852
v -24.50000000 -0.89999998 3.50000000
v -24.50000000 0.00000000 23.50000000
v -24.50000000 -0.33333334 28.00000000
v -24.50000000 -0.44069171 10.31956196
v -24.50000000 0.83333331 28.00000000
v -24.50000000 2.00000000 28.00000000
v -24.50000000 0.64519650 9.37863445
v -24.50000000 0.16989487 9.92716122
v -24.50000000 0.94670707 8.71841812
v -24.50000000 -1.13709712 5.47595549
v -24.50000000 -0.44069171 5.68043852
v -24.50000000 -1.86290288 5.47595549
v -24.50000000 0.16989487 -6.07283878
v -24.50000000 0.16989487 6.07283878
v -24.50000000 1.04999995 8.00000000
v -24.50000000 0.64519650 6.62136602
v -24.50000000 0.64519650 -6.62136602
v -24.50000000 0.94670707 7.28158188
v -24.50000000 2.00000000 -10.00000000
v -24.50000000 -0.44069171 -5.68043852
v -24.50000000 -1.13709712 -5.47595549
v -24.50000000 -3.94670701 -7.28158188
v -24.50000000 -4.28557539 -11.53208923
v -24.50000000 -4.05000019 -8.00000000
v -24.50000000 -3.94670701 -8.71841812
v -24.50000000 -4.00000000 -11.73205090
v -24.50000000 -3.64519644 -9.37863445
v -24.50000000 -5.00000000 -10.00000000
v -24.50000000 -3.16989493 -9.92716122
v -24.50000000 -3.34729624 -11.96961594
v -24.50000000 -2.55930829 -10.31956196
v -24.50000000 -3.00000000 -12.00000000
v -24.50000000 -4.73205090 -11.00000000
v -24.50000000 -4.87938547 -10.68404007
v -24.50000000 -4.53208876 -11.28557491
v -24.50000000 -3.68404031 -11.87938499
v -24.50000000 -1.86290288 -10.52404499
v -24.50000000 -1.13709712 -10.52404499
v -24.50000000 -4.96961546 -10.34729671
v -24.50000000 0.16989487 -9.92716122
v -24.50000000 0.64519650 -9.37863445
v -24.50000000 0.34729636 -11.96961594
v -24.50000000 1.04999995 -8.00000000
v -24.50000000 0.94670707 -7.28158188
v -24.50000000 0.94670707 -8.71841812
v -24.50000000 1.28557527 -11.53208923
v -24.50000000 1.00000000 -11.73205090
v -24.50000000 1.73205078 -11.00000000
v -24.50000000 0.00000000 -12.00000000
v -24.50000000 -0.44069171 -10.31956196
v -24.50000000 0.68404031 -11.87938499
v -24.50000000 1.87938523 -10.68404007
v -24.50000000 1.96961546 -10.34729671
v -24.50000000 1.53208888 -11.28557491
v -23.50000000 0.00000000 23.50000000
v -24.50000000 0.00000000 23.50000000
v -24.50000000 0.00000000 12.00000000
v -23.50000000 2.00000000 -12.00000000
v -23.50000000 2.00000000 -10.00000000
v -18.00000000 2.00000000 -12.00000000
v -23.50000000 2.00000000 -0.64031243
v -23.50000000 2.00000000 0.64031243
v -18.00000000 2.00000000 23.50000000
v -23.83333397 2.00000000 -10.00000000
v -24.16666603 2.00000000 -10.00000000
v -24.50000000 2.00000000 -10.00000000
v -24.50000000 2.00000000 28.00000000
v -23.60000038 2.00000000 0.00000000
v -23.57485008 2.00000000 -0.32403705
v -23.57485008 2.00000000 0.32403705
v -17.29289246 2.00000000 29.29289246
v -17.07612038 2.00000000 29.61731720
v -17.00000000 2.00000000 30.00000000
v -11.50000000 2.00000000 23.50000000
v -17.61731720 2.00000000 29.07612038
v -17.00000000 2.00000000 41.50000000
v -11.50000000 2.00000000 41.50000000
v -24.42387962 2.00000000 28.38268280
v -24.20710754 2.00000000 28.70710754
v -23.88268280 2.00000000 28.92387962
v -18.00000000 2.00000000 29.00000000
v -23.50000000 2.00000000 29.00000000
v -23.57408905 0.55000001 -0.32887074
v -23.57408905 -0.17500000 -0.32887074
v -23.54232407 -0.17500000 -0.48878446
v -23.57408905 1.27499998 -0.32887074
v -23.54232407 0.55000001 -0.48878446
v -23.59351158 0.55000001 -0.16494496
v -23.59351158 -0.17500000 -0.16494496
v -23.59351158 1.27499998 -0.16494496
v -23.50000000 -0.89999998 -0.64031243
v -23.50000000 -0.41666666 -0.64031243
v -23.50000000 0.06666667 -0.64031243
v -23.57485008 -0.89999998 -0.32403705
v -23.50000000 1.03333330 -0.64031243
v -23.54232407 1.27499998 -0.48878446
v -23.50000000 1.51666665 -0.64031243
v -23.57485008 2.00000000 -0.32403705
v -23.50000000 2.00000000 -0.64031243
v -23.60000038 -0.89999998 0.00000000
v -23.60000038 0.55000001 0.00000000
v -23.60000038 0.06666667 0.00000000
v -23.60000038 -0.41666666 0.00000000
v -23.60000038 2.00000000 0.00000000
v -23.60000038 1.03333330 0.00000000
v -23.60000038 1.51666665 0.00000000
v -23.57485008 -0.89999998 -0.32403705
v -23.50000000 -0.89999998 -3.50000000
v -23.50000000 -0.89999998 -0.64031243
v -23.57485008 -0.89999998 0.32403705
v -23.50000000 -0.89999998 0.64031243
v -23.50000000 -0.89999998 3.50000000
v -23.60000038 -0.89999998 0.00000000
v -24.50000000 -0.89999998 -3.50000000
v -24.50000000 -0.89999998 3.50000000
v -23.57408333 0.55000001 0.32890704
v -23.57408333 -0.17500000 0.32890704
v -23.59323883 -0.17500000 0.16836652
v -23.57408333 1.27499998 0.32890704
v -23.59323883 0.55000001 0.16836652
v -23.54298401 0.55000001 0.48602331
v -23.54298401 -0.17500000 0.48602331
v -23.54298401 1.27499998 0.48602331
v -23.60000038 -0.89999998 0.00000000
v -23.60000038 -0.41666666 0.00000000
v -23.60000038 0.06666667 0.00000000
v -23.57485008 -0.89999998 0.32403705
v -23.60000038 1.03333330 0.00000000
v -23.59323883 1.27499998 0.16836652
v -23.60000038 1.51666665 0.00000000
v -23.57485008 2.00000000 0.32403705
v -23.60000038 2.00000000 0.00000000
v -23.50000000 0.55000001 0.64031243
v -23.50000000 0.06666667 0.64031243
v -23.50000000 -0.41666666 0.64031243
v -23.50000000 -0.89999998 0.64031243
v -23.50000000 1.03333330 0.64031243
v -23.50000000 2.00000000 0.64031243
v -23.50000000 1.51666665 0.64031243
v -23.50000000 -0.89999998 -3.50000000
v -24.50000000 -0.89999998 -3.50000000
v -24.50000000 -5.00000000 -3.50000000
v -23.83333397 2.00000000 -10.00000000
v -23.50000000 2.00000000 -10.00000000
v -23.50000000 1.96961546 -10.34729671
v -24.00000000 1.96157050 -10.39018059
v -24.00000000 1.66293919 -11.11114025
v -23.50000000 1.87938523 -10.68404007
v -23.50000000 1.73205078 -11.00000000
v -23.50000000 1.53208888 -11.28557491
v -24.16666603 2.00000000 -10.00000000
v -24.50000000 1.96961546 -10.34729671
v -24.50000000 2.00000000 -10.00000000
v -24.50000000 1.87938523 -10.68404007
v -24.00000000 1.41421354 -11.41421318
v -24.50000000 1.53208888 -11.28557491
v -24.50000000 1.28557527 -11.53208923
v -24.50000000 1.73205078 -11.00000000
v -23.50000000 1.28557527 -11.53208923
v -23.50000000 1.00000000 -11.73205090
v -24.00000000 1.11114049 -11.66293907
v -24.00000000 0.76536685 -11.84775925
v -23.50000000 0.68404031 -11.87938499
v -23.50000000 0.34729636 -11.96961594
v -24.00000000 0.39018065 -11.96157074
v -23.50000000 0.00000000 -12.00000000
v -23.83333397 0.00000000 -12.00000000
v -24.50000000 1.00000000 -11.73205090
v -24.50000000 0.68404031 -11.87938499
v -24.50000000 0.34729636 -11.96961594
v -24.16666603 0.00000000 -12.00000000
v -24.50000000 0.00000000 -12.00000000
v -24.16666603 0.00000000 -12.00000000
v -24.16666603 -3.00000000 -12.00000000
v -24.50000000 -3.00000000 -12.00000000
v -23.83333397 0.00000000 -12.00000000
v -23.83333397 -3.00000000 -12.00000000
v -18.00000000 2.00000000 -12.00000000
v -23.50000000 0.00000000 -12.00000000
v -23.50000000 2.00000000 -12.00000000
v -18.00000000 -5.00000000 -12.00000000
v -23.50000000 -3.00000000 -12.00000000
v -23.50000000 -5.00000000 -12.00000000
v -24.16666603 -5.00000000 -10.00000000
v -24.50000000 -5.00000000 -10.00000000
v -24.50000000 -4.96961546 -10.34729671
v -24.00000000 -4.96157074 -10.39018059
v -24.00000000 -4.66293907 -11.11114025
v -24.50000000 -4.87938547 -10.68404007
v -24.50000000 -4.53208876 -11.28557491
v -24.50000000 -4.73205090 -11.00000000
v -23.83333397 -5.00000000 -10.00000000
v -23.50000000 -4.96961546 -10.34729671
v -23.50000000 -5.00000000 -10.00000000
v -23.50000000 -4.87938547 -10.68404007
v -24.00000000 -4.41421366 -11.41421318
v -23.50000000 -4.53208876 -11.28557491
v -23.50000000 -4.28557539 -11.53208923
v -23.50000000 -4.73205090 -11.00000000
v -24.50000000 -4.28557539 -11.53208923
v -24.50000000 -4.00000000 -11.73205090
v -24.00000000 -4.11114025 -11.66293907
v -24.00000000 -3.76536679 -11.84775925
v -24.50000000 -3.68404031 -11.87938499
v -24.50000000 -3.34729624 -11.96961594
v -24.00000000 -3.39018059 -11.96157074
v -24.50000000 -3.00000000 -12.00000000
v -24.16666603 -3.00000000 -12.00000000
v -23.50000000 -4.00000000 -11.73205090
v -23.50000000 -3.68404031 -11.87938499
v -23.50000000 -3.34729624 -11.96961594
v -23.83333397 -3.00000000 -12.00000000
v -23.50000000 -3.00000000 -12.00000000
v -11.50000000 2.00000000 41.50000000
v -17.00000000 2.00000000 41.50000000
v -17.00000000 -5.00000000 41.50000000
v -17.00000000 -3.32028818 39.82251740
v -17.00000000 -3.63987708 39.19528961
v -17.00000000 -5.00000000 41.50000000
v -17.00000000 -3.75000000 38.50000000
v -17.00000000 -2.82251692 40.32028961
v -17.00000000 -1.50000000 40.75000000
v -17.00000000 -2.19528818 40.63987732
v -17.00000000 2.00000000 41.50000000
v -17.00000000 -3.63987708 37.80471039
v -17.00000000 -3.63987708 34.19528961
v -17.00000000 -3.32028818 37.17748260
v -17.00000000 -2.19528818 36.36012268
v -17.00000000 -1.50000000 36.25000000
v -17.00000000 -2.19528818 35.63987732
v -17.00000000 -1.50000000 35.75000000
v -17.00000000 -2.82251692 36.67971039
v -17.00000000 -3.32028818 34.82251740
v -17.00000000 0.32028824 39.82251740
v -17.00000000 -0.17748319 40.32028961
v -17.00000000 -0.80471176 40.63987732
v -17.00000000 0.75000000 38.50000000
v -17.00000000 0.63987714 39.19528961
v -17.00000000 0.63987714 37.80471039
v -17.00000000 -0.80471176 35.63987732
v -17.00000000 -0.17748319 35.32028961
v -17.00000000 -0.80471176 36.36012268
v -17.00000000 -0.17748319 36.67971039
v -17.00000000 0.32028824 37.17748260
v -17.00000000 0.32028824 34.82251740
v -17.00000000 0.63987714 34.19528961
v -17.00000000 -2.82251692 35.32028961
v -17.00000000 -3.75000000 33.50000000
v -17.00000000 -5.00000000 30.00000000
v -17.00000000 -3.63987708 32.80471039
v -17.00000000 -3.32028818 32.17748260
v -17.00000000 -3.83333325 30.00000000
v -17.00000000 -2.82251692 31.67971230
v -17.00000000 -2.19528818 31.36012268
v -17.00000000 -2.66666675 30.00000000
v -17.00000000 -1.50000000 30.00000000
v -17.00000000 2.00000000 30.00000000
v -17.00000000 0.63987714 32.80471039
v -17.00000000 0.75000000 33.50000000
v -17.00000000 0.83333331 30.00000000
v -17.00000000 0.32028824 32.17748260
v -17.00000000 -1.50000000 31.25000000
v -17.00000000 -0.80471176 31.36012268
v -17.00000000 -0.33333334 30.00000000
v -17.00000000 -0.17748319 31.67971230
v -17.29289246 -1.50000000 29.29289246
v -17.29289246 0.25000000 29.29289246
v -17.61731720 0.25000000 29.07612038
v -17.29289246 -3.25000000 29.29289246
v -17.61731720 -1.50000000 29.07612038
v -17.07612038 -1.50000000 29.61731720
v -17.07612038 0.25000000 29.61731720
v -17.07612038 -3.25000000 29.61731720
v -18.00000000 0.83333331 29.00000000
v -17.61731720 2.00000000 29.07612038
v -18.00000000 -0.33333334 29.00000000
v -17.61731720 -3.25000000 29.07612038
v -18.00000000 -2.66666675 29.00000000
v -18.00000000 -3.83333325 29.00000000
v -17.61731720 -5.00000000 29.07612038
v -18.00000000 -5.00000000 29.00000000
v -18.00000000 -1.50000000 29.00000000
v -17.29289246 -5.00000000 29.29289246
v -17.07612038 2.00000000 29.61731720
v -17.29289246 2.00000000 29.29289246
v -17.00000000 0.83333331 30.00000000
v -17.00000000 -0.33333334 30.00000000
v -17.07612038 -5.00000000 29.61731720
v -17.00000000 -3.83333325 30.00000000
v -17.00000000 -2.66666675 30.00000000
v -17.00000000 -5.00000000 30.00000000
v -18.00000000 -3.83333325 29.00000000
v -23.50000000 -3.83333325 29.00000000
v -23.50000000 -5.00000000 29.00000000
v -18.00000000 -2.66666675 29.00000000
v -23.50000000 -2.66666675 29.00000000
v -18.00000000 -0.33333334 29.00000000
v -23.50000000 -0.33333334 29.00000000
v -23.50000000 -1.50000000 29.00000000
v -18.00000000 2.00000000 29.00000000
v -23.50000000 2.00000000 29.00000000
v -23.50000000 0.83333331 29.00000000
v -18.00000000 0.83333331 29.00000000
v -18.00000000 -1.50000000 29.00000000
v -24.20710754 -1.50000000 28.70710754
v -23.88268280 -1.50000000 28.92387962
v -23.88268280 0.25000000 28.92387962
v -24.20710754 -3.25000000 28.70710754
v -23.88268280 -3.25000000 28.92387962
v -24.42387962 -1.50000000 28.38268280
v -24.20710754 0.25000000 28.70710754
v -24.42387962 -3.25000000 28.38268280
v -23.88268280 2.00000000 28.92387962
v -23.50000000 0.83333331 29.00000000
v -23.50000000 2.00000000 29.00000000
v -23.50000000 -0.33333334 29.00000000
v -24.20710754 2.00000000 28.70710754
v -24.42387962 2.00000000 28.38268280
v -24.42387962 0.25000000 28.38268280
v -23.50000000 -2.66666675 29.00000000
v -23.50000000 -1.50000000 29.00000000
v -23.50000000 -3.83333325 29.00000000
v -23.88268280 -5.00000000 28.92387962
v -23.50000000 -5.00000000 29.00000000
v -24.20710754 -5.00000000 28.70710754
v -24.50000000 0.83333331 28.00000000
v -24.50000000 -0.33333334 28.00000000
v -24.50000000 2.00000000 28.00000000
v -24.50000000 -2.66666675 28.00000000
v -24.50000000 -1.50000000 28.00000000
v -24.42387962 -5.00000000 28.38268280
v -24.50000000 -3.83333325 28.00000000
v -24.50000000 -5.00000000 28.00000000
v -15.50000000 -3.75000000 33.50000000
v -17.00000000 -3.63987708 32.80471039
v -17.00000000 -3.75000000 33.50000000
v -14.00000000 -3.63987708 32.80471039
v -14.00000000 -3.32028818 32.17748260
v -17.00000000 -2.19528818 31.36012268
v -17.00000000 -2.82251692 31.67971230
v -14.00000000 -2.82251692 31.67971230
v -14.00000000 -2.19528818 31.36012268
v -14.00000000 -1.50000000 31.25000000
v -17.00000000 -1.50000000 31.25000000
v -17.00000000 -3.32028818 32.17748260
v -14.00000000 -3.75000000 33.50000000
v -17.00000000 -0.17748319 31.67971230
v -17.00000000 -0.80471176 31.36012268
v -14.00000000 -0.80471176 31.36012268
v -17.00000000 0.32028824 32.17748260
v -14.00000000 -0.17748319 31.67971230
v -15.50000000 0.75000000 33.50000000
v -17.00000000 0.75000000 33.50000000
v -17.00000000 0.63987714 32.80471039
v -14.00000000 0.32028824 32.17748260
v -14.00000000 0.63987714 32.80471039
v -14.00000000 0.75000000 33.50000000
v -15.50000000 0.75000000 33.50000000
v -17.00000000 0.63987714 34.19528961
v -17.00000000 0.75000000 33.50000000
v -14.00000000 0.63987714 34.19528961
v -14.00000000 0.32028824 34.82251740
v -17.00000000 -0.80471176 35.63987732
v -17.00000000 -0.17748319 35.32028961
v -14.00000000 -0.17748319 35.32028961
v -14.00000000 -0.80471176 35.63987732
v -14.00000000 -1.50000000 35.75000000
v -17.00000000 -1.50000000 35.75000000
v -17.00000000 0.32028824 34.82251740
v -14.00000000 0.75000000 33.50000000
v -17.00000000 -2.82251692 35.32028961
v -17.00000000 -2.19528818 35.63987732
v -14.00000000 -2.19528818 35.63987732
v -17.00000000 -3.32028818 34.82251740
v -14.00000000 -2.82251692 35.32028961
v -15.50000000 -3.75000000 33.50000000
v -17.00000000 -3.75000000 33.50000000
v -17.00000000 -3.63987708 34.19528961
v -14.00000000 -3.32028818 34.82251740
v -14.00000000 -3.63987708 34.19528961
v -14.00000000 -3.75000000 33.50000000
v -14.00000000 -2.21701336 34.39910507
v -14.00000000 -3.32028818 34.82251740
v -14.00000000 -2.82251692 35.32028961
v -14.00000000 -1.75589907 34.62116623
v -14.00000000 -2.19528818 35.63987732
v -14.00000000 -2.53611422 33.99896622
v -14.00000000 -2.65000010 33.50000000
v -14.00000000 -3.75000000 33.50000000
v -14.00000000 -3.63987708 34.19528961
v -14.00000000 -3.63987708 32.80471039
v -14.00000000 -0.78298670 34.39910507
v -14.00000000 -0.80471176 35.63987732
v -14.00000000 -0.17748319 35.32028961
v -14.00000000 0.32028824 34.82251740
v -14.00000000 -1.50000000 35.75000000
v -14.00000000 -1.24410093 34.62116623
v -14.00000000 0.63987714 34.19528961
v -14.00000000 -0.46388581 33.99896622
v -14.00000000 -0.34999999 33.50000000
v -14.00000000 -3.32028818 32.17748260
v -14.00000000 -2.53611422 33.00103378
v -14.00000000 -2.21701336 32.60089493
v -14.00000000 -1.75589907 32.37883377
v -14.00000000 -2.19528818 31.36012268
v -14.00000000 -2.82251692 31.67971230
v -14.00000000 -1.50000000 31.25000000
v -14.00000000 -1.24410093 32.37883377
v -14.00000000 0.63987714 32.80471039
v -14.00000000 -0.46388581 33.00103378
v -14.00000000 0.75000000 33.50000000
v -14.00000000 0.32028824 32.17748260
v -14.00000000 -0.78298670 32.60089493
v -14.00000000 -0.80471176 31.36012268
v -14.00000000 -0.17748319 31.67971230
v -14.00000000 -2.21701336 39.39910507
v -14.00000000 -3.32028818 39.82251740
v -14.00000000 -2.82251692 40.32028961
v -14.00000000 -1.75589907 39.62116623
v -14.00000000 -2.19528818 40.63987732
v -14.00000000 -2.53611422 38.99896622
v -14.00000000 -2.65000010 38.50000000
v -14.00000000 -3.75000000 38.50000000
v -14.00000000 -3.63987708 39.19528961
v -14.00000000 -3.63987708 37.80471039
v -14.00000000 -0.78298670 39.39910507
v -14.00000000 -0.80471176 40.63987732
v -14.00000000 -0.17748319 40.32028961
v -14.00000000 0.32028824 39.82251740
v -14.00000000 -1.50000000 40.75000000
v -14.00000000 -1.24410093 39.62116623
v -14.00000000 0.63987714 39.19528961
v -14.00000000 -0.46388581 38.99896622
v -14.00000000 -0.34999999 38.50000000
v -14.00000000 -3.32028818 37.17748260
v -14.00000000 -2.53611422 38.00103378
v -14.00000000 -2.21701336 37.60089493
v -14.00000000 -1.75589907 37.37883377
v -14.00000000 -2.19528818 36.36012268
v -14.00000000 -2.82251692 36.67971039
v -14.00000000 -1.50000000 36.25000000
v -14.00000000 -1.24410093 37.37883377
v -14.00000000 0.63987714 37.80471039
v -14.00000000 -0.46388581 38.00103378
v -14.00000000 0.75000000 38.50000000
v -14.00000000 0.32028824 37.17748260
v -14.00000000 -0.78298670 37.60089493
v -14.00000000 -0.80471176 36.36012268
v -14.00000000 -0.17748319 36.67971039
v -15.50000000 -3.75000000 38.50000000
v -17.00000000 -3.63987708 37.80471039
v -17.00000000 -3.75000000 38.50000000
v -14.00000000 -3.63987708 37.80471039
v -14.00000000 -3.32028818 37.17748260
v -17.00000000 -2.82251692 36.67971039
v -14.00000000 -2.82251692 36.67971039
v -14.00000000 -2.19528818 36.36012268
v -14.00000000 -1.50000000 36.25000000
v -17.00000000 -1.50000000 36.25000000
v -17.00000000 -3.32028818 37.17748260
v -14.00000000 -3.75000000 38.50000000
v -17.00000000 -0.17748319 36.67971039
v -17.00000000 -0.80471176 36.36012268
v -14.00000000 -0.80471176 36.36012268
v -17.00000000 0.32028824 37.17748260
v -14.00000000 -0.17748319 36.67971039
v -15.50000000 0.75000000 38.50000000
v -17.00000000 0.75000000 38.50000000
v -17.00000000 0.63987714 37.80471039
v -14.00000000 0.32028824 37.17748260
v -14.00000000 0.63987714 37.80471039
v -14.00000000 0.75000000 38.50000000
v -15.50000000 0.75000000 38.50000000
v -17.00000000 0.63987714 39.19528961
v -17.00000000 0.75000000 38.50000000
v -14.00000000 0.63987714 39.19528961
v -14.00000000 0.32028824 39.82251740
v -17.00000000 -0.17748319 40.32028961
v -14.00000000 -0.17748319 40.32028961
v -14.00000000 -0.80471176 40.63987732
v -14.00000000 -1.50000000 40.75000000
v -17.00000000 -1.50000000 40.75000000
v -17.00000000 0.32028824 39.82251740
v -14.00000000 0.75000000 38.50000000
v -17.00000000 -2.82251692 40.32028961
v -17.00000000 -2.19528818 40.63987732
v -14.00000000 -2.19528818 40.63987732
v -17.00000000 -3.32028818 39.82251740
v -14.00000000 -2.82251692 40.32028961
v -15.50000000 -3.75000000 38.50000000
v -17.00000000 -3.75000000 38.50000000
v -17.00000000 -3.63987708 39.19528961
v -14.00000000 -3.32028818 39.82251740
v -14.00000000 -3.63987708 39.19528961
v -14.00000000 -3.75000000 38.50000000
v -12.75000000 -2.56246138 38.05991364
v -14.00000000 -2.53611422 38.00103378
v -13.16666698 -2.65000010 38.50000000
v -14.00000000 -2.65000010 38.50000000
v -12.33333302 -2.65000010 38.50000000
v -14.00000000 -2.21701336 37.60089493
v -12.75000000 -1.94008589 37.43753815
v -14.00000000 -1.75589907 37.37883377
v -11.50000000 -2.65000010 38.50000000
v -11.50000000 -2.53611422 38.00103378
v -11.50000000 -1.75589907 37.37883377
v -12.75000000 -1.50000000 37.34999847
v -11.50000000 -2.21701336 37.60089493
v -11.50000000 -1.24410093 37.37883377
v -14.00000000 -1.24410093 37.37883377
v -12.75000000 -1.05991411 37.43753815
v -14.00000000 -0.78298670 37.60089493
v -13.16666698 -0.34999999 38.50000000
v -14.00000000 -0.34999999 38.50000000
v -14.00000000 -0.46388581 38.00103378
v -12.75000000 -0.68682718 37.68682861
v -12.75000000 -0.43753853 38.05991364
v -11.50000000 -0.78298670 37.60089493
v -11.50000000 -0.46388581 38.00103378
v -12.33333302 -0.34999999 38.50000000
v -11.50000000 -0.34999999 38.50000000
v -12.75000000 -0.43753853 38.94008636
v -14.00000000 -0.46388581 38.99896622
v -13.16666698 -0.34999999 38.50000000
v -14.00000000 -0.34999999 38.50000000
v -12.33333302 -0.34999999 38.50000000
v -14.00000000 -0.78298670 39.39910507
v -12.75000000 -1.05991411 39.56246185
v -14.00000000 -1.24410093 39.62116623
v -11.50000000 -0.34999999 38.50000000
v -11.50000000 -0.46388581 38.99896622
v -11.50000000 -1.24410093 39.62116623
v -12.75000000 -1.50000000 39.65000153
v -11.50000000 -0.78298670 39.39910507
v -11.50000000 -1.75589907 39.62116623
v -14.00000000 -1.75589907 39.62116623
v -12.75000000 -1.94008589 39.56246185
v -14.00000000 -2.21701336 39.39910507
v -13.16666698 -2.65000010 38.50000000
v -14.00000000 -2.65000010 38.50000000
v -14.00000000 -2.53611422 38.99896622
v -12.75000000 -2.31317282 39.31317139
v -12.75000000 -2.56246138 38.94008636
v -11.50000000 -2.21701336 39.39910507
v -11.50000000 -2.53611422 38.99896622
v -12.33333302 -2.65000010 38.50000000
v -11.50000000 -2.65000010 38.50000000
v -12.75000000 -2.56246138 33.05991364
v -14.00000000 -2.53611422 33.00103378
v -13.16666698 -2.65000010 33.50000000
v -14.00000000 -2.65000010 33.50000000
v -12.33333302 -2.65000010 33.50000000
v -14.00000000 -2.21701336 32.60089493
v -12.75000000 -1.94008589 32.43753815
v -14.00000000 -1.75589907 32.37883377
v -11.50000000 -2.65000010 33.50000000
v -11.50000000 -2.53611422 33.00103378
v -11.50000000 -1.75589907 32.37883377
v -12.75000000 -1.50000000 32.34999847
v -11.50000000 -2.21701336 32.60089493
v -11.50000000 -1.24410093 32.37883377
v -14.00000000 -1.24410093 32.37883377
v -12.75000000 -1.05991411 32.43753815
v -14.00000000 -0.78298670 32.60089493
v -13.16666698 -0.34999999 33.50000000
v -14.00000000 -0.34999999 33.50000000
v -14.00000000 -0.46388581 33.00103378
v -12.75000000 -0.68682718 32.68682861
v -12.75000000 -0.43753853 33.05991364
v -11.50000000 -0.78298670 32.60089493
v -11.50000000 -0.46388581 33.00103378
v -12.33333302 -0.34999999 33.50000000
v -11.50000000 -0.34999999 33.50000000
v -12.75000000 -0.43753853 33.94008636
v -14.00000000 -0.46388581 33.99896622
v -13.16666698 -0.34999999 33.50000000
v -14.00000000 -0.34999999 33.50000000
v -12.33333302 -0.34999999 33.50000000
v -14.00000000 -0.78298670 34.39910507
v -12.75000000 -1.05991411 34.56246185
v -14.00000000 -1.24410093 34.62116623
v -11.50000000 -0.34999999 33.50000000
v -11.50000000 -0.46388581 33.99896622
v -11.50000000 -1.24410093 34.62116623
v -12.75000000 -1.50000000 34.65000153
v -11.50000000 -0.78298670 34.39910507
v -11.50000000 -1.75589907 34.62116623
v -14.00000000 -1.75589907 34.62116623
v -12.75000000 -1.94008589 34.56246185
v -14.00000000 -2.21701336 34.39910507
v -13.16666698 -2.65000010 33.50000000
v -14.00000000 -2.65000010 33.50000000
v -14.00000000 -2.53611422 33.99896622
v -12.75000000 -2.31317282 34.31317139
v -12.75000000 -2.56246138 33.94008636
v -11.50000000 -2.21701336 34.39910507
v -11.50000000 -2.53611422 33.99896622
v -12.33333302 -2.65000010 33.50000000
v -11.50000000 -2.65000010 33.50000000
v -24.50000000 -3.00000000 12.00000000
v -24.50000000 -3.00000000 23.50000000
v -23.50000000 -3.00000000 23.50000000
v -23.50000000 0.00000000 12.00000000
v -24.50000000 0.00000000 12.00000000
v -24.50000000 -3.00000000 12.00000000
v -24.00000000 -4.05000019 8.00000000
v -24.50000000 -3.94670701 7.28158188
v -24.50000000 -4.05000019 8.00000000
v -23.50000000 -3.94670701 7.28158188
v -23.50000000 -3.64519644 6.62136602
v -24.50000000 -3.16989493 6.07283878
v -23.50000000 -3.16989493 6.07283878
v -23.50000000 -2.55930829 5.68043852
v -24.50000000 -2.55930829 5.68043852
v -23.50000000 -1.86290288 5.47595549
v -24.50000000 -3.64519644 6.62136602
v -23.50000000 -4.05000019 8.00000000
v -23.50000000 -1.13709712 5.47595549
v -24.50000000 -1.13709712 5.47595549
v -24.50000000 -1.86290288 5.47595549
v -24.50000000 -0.44069171 5.68043852
v -24.50000000 0.16989487 6.07283878
v -23.50000000 -0.44069171 5.68043852
v -24.50000000 0.94670707 7.28158188
v -24.50000000 0.64519650 6.62136602
v -23.50000000 0.64519650 6.62136602
v -24.00000000 1.04999995 8.00000000
v -24.50000000 1.04999995 8.00000000
v -23.50000000 0.16989487 6.07283878
v -23.50000000 0.94670707 7.28158188
v -23.50000000 1.04999995 8.00000000
v -24.00000000 1.04999995 8.00000000
v -24.50000000 0.94670707 8.71841812
v -24.50000000 1.04999995 8.00000000
v -24.50000000 0.64519650 9.37863445
v -23.50000000 0.94670707 8.71841812
v -24.50000000 0.16989487 9.92716122
v -23.50000000 0.16989487 9.92716122
v -23.50000000 -0.44069171 10.31956196
v -24.50000000 -0.44069171 10.31956196
v -23.50000000 -1.13709712 10.52404499
v -23.50000000 0.64519650 9.37863445
v -23.50000000 1.04999995 8.00000000
v -23.50000000 -1.86290288 10.52404499
v -24.50000000 -1.86290288 10.52404499
v -24.50000000 -1.13709712 10.52404499
v -24.50000000 -2.55930829 10.31956196
v -23.50000000 -2.55930829 10.31956196
v -23.50000000 -3.16989493 9.92716122
v -24.50000000 -3.64519644 9.37863445
v -23.50000000 -3.64519644 9.37863445
v -23.50000000 -3.94670701 8.71841812
v -24.00000000 -4.05000019 8.00000000
v -24.50000000 -4.05000019 8.00000000
v -24.50000000 -3.94670701 8.71841812
v -24.50000000 -3.16989493 9.92716122
v -23.50000000 -4.05000019 8.00000000
v -8.50000000 -1.99879181 39.12546539
v -8.50000000 -2.29999995 38.50000000
v -8.50000000 -2.22077513 38.84710693
v -8.50000000 -1.67801678 39.27994156
v -8.50000000 -1.67801678 37.72005844
v -8.50000000 -2.22077513 38.15289307
v -8.50000000 -1.99879181 37.87453461
v -8.50000000 -1.32198322 37.72005844
v -8.50000000 -1.00120819 39.12546539
v -8.50000000 -1.32198322 39.27994156
v -8.50000000 -0.77922493 38.84710693
v -8.50000000 -0.77922493 38.15289307
v -8.50000000 -1.00120819 37.87453461
v -8.50000000 -0.69999999 38.50000000
v -10.00000000 -0.76089638 38.19385147
v -8.50000000 -0.77922493 38.15289307
v -9.50000000 -0.69999999 38.50000000
v -8.50000000 -0.69999999 38.50000000
v -10.50000000 -0.69999999 38.50000000
v -8.50000000 -1.00120819 37.87453461
v -10.00000000 -1.19385326 37.76089478
v -8.50000000 -1.32198322 37.72005844
v -11.50000000 -0.69999999 38.50000000
v -11.50000000 -0.77922493 38.15289307
v -11.50000000 -1.32198322 37.72005844
v -10.00000000 -1.50000000 37.70000076
v -11.50000000 -1.00120819 37.87453461
v -11.50000000 -1.67801678 37.72005844
v -8.50000000 -1.67801678 37.72005844
v -10.00000000 -1.80614674 37.76089478
v -8.50000000 -1.99879181 37.87453461
v -9.50000000 -2.29999995 38.50000000
v -8.50000000 -2.29999995 38.50000000
v -8.50000000 -2.22077513 38.15289307
v -10.00000000 -2.06568551 37.93431473
v -10.00000000 -2.23910356 38.19385147
v -11.50000000 -1.99879181 37.87453461
v -11.50000000 -2.22077513 38.15289307
v -10.50000000 -2.29999995 38.50000000
v -11.50000000 -2.29999995 38.50000000
v -10.00000000 -2.23910356 38.80614853
v -8.50000000 -2.22077513 38.84710693
v -9.50000000 -2.29999995 38.50000000
v -8.50000000 -2.29999995 38.50000000
v -10.50000000 -2.29999995 38.50000000
v -8.50000000 -1.99879181 39.12546539
v -10.00000000 -1.80614674 39.23910522
v -8.50000000 -1.67801678 39.27994156
v -11.50000000 -2.29999995 38.50000000
v -11.50000000 -2.22077513 38.84710693
v -11.50000000 -1.67801678 39.27994156
v -10.00000000 -1.50000000 39.29999924
v -11.50000000 -1.99879181 39.12546539
v -11.50000000 -1.32198322 39.27994156
v -10.00000000 -1.19385326 39.23910522
v -8.50000000 -1.32198322 39.27994156
v -8.50000000 -1.00120819 39.12546539
v -9.50000000 -0.69999999 38.50000000
v -8.50000000 -0.69999999 38.50000000
v -8.50000000 -0.77922493 38.84710693
v -10.00000000 -0.93431455 39.06568527
v -10.00000000 -0.76089638 38.80614853
v -11.50000000 -1.00120819 39.12546539
v -11.50000000 -0.77922493 38.84710693
v -10.50000000 -0.69999999 38.50000000
v -11.50000000 -0.69999999 38.50000000
v -11.50000000 -2.53611422 38.99896622
v -11.50000000 -2.29999995 38.50000000
v -11.50000000 -2.65000010 38.50000000
v -11.50000000 -2.21701336 39.39910507
v -11.50000000 -2.22077513 38.84710693
v -11.50000000 -1.99879181 39.12546539
v -11.50000000 -1.75589907 39.62116623
v -11.50000000 -1.67801678 39.27994156
v -11.50000000 -1.24410093 39.62116623
v -11.50000000 -1.32198322 39.27994156
v -11.50000000 -2.22077513 38.15289307
v -11.50000000 -2.53611422 38.00103378
v -11.50000000 -2.21701336 37.60089493
v -11.50000000 -1.75589907 37.37883377
v -11.50000000 -1.99879181 37.87453461
v -11.50000000 -1.67801678 37.72005844
v -11.50000000 -1.32198322 37.72005844
v -11.50000000 -1.00120819 39.12546539
v -11.50000000 -0.78298670 39.39910507
v -11.50000000 -0.77922493 38.84710693
v -11.50000000 -0.46388581 38.99896622
v -11.50000000 -0.69999999 38.50000000
v -11.50000000 -0.34999999 38.50000000
v -11.50000000 -1.24410093 37.37883377
v -11.50000000 -1.00120819 37.87453461
v -11.50000000 -0.78298670 37.60089493
v -11.50000000 -0.77922493 38.15289307
v -11.50000000 -0.46388581 38.00103378
v -8.50000000 -1.67801678 34.27994156
v -8.50000000 -2.22077513 33.84710693
v -8.50000000 -1.99879181 34.12546539
v -8.50000000 -0.77922493 33.84710693
v -8.50000000 -2.22077513 33.15289307
v -8.50000000 -2.29999995 33.50000000
v -8.50000000 -1.67801678 32.72005844
v -8.50000000 -1.99879181 32.87453461
v -8.50000000 -1.32198322 32.72005844
v -8.50000000 -1.32198322 34.27994156
v -8.50000000 -1.00120819 34.12546539
v -8.50000000 -0.77922493 33.15289307
v -8.50000000 -1.00120819 32.87453461
v -8.50000000 -0.69999999 33.50000000
v -10.00000000 -0.76089638 33.19385147
v -8.50000000 -0.77922493 33.15289307
v -9.50000000 -0.69999999 33.50000000
v -8.50000000 -0.69999999 33.50000000
v -10.50000000 -0.69999999 33.50000000
v -8.50000000 -1.00120819 32.87453461
v -10.00000000 -1.19385326 32.76089478
v -8.50000000 -1.32198322 32.72005844
v -11.50000000 -0.69999999 33.50000000
v -11.50000000 -0.77922493 33.15289307
v -11.50000000 -1.32198322 32.72005844
v -10.00000000 -1.50000000 32.70000076
v -11.50000000 -1.00120819 32.87453461
v -11.50000000 -1.67801678 32.72005844
v -8.50000000 -1.67801678 32.72005844
v -10.00000000 -1.80614674 32.76089478
v -8.50000000 -1.99879181 32.87453461
v -9.50000000 -2.29999995 33.50000000
v -8.50000000 -2.29999995 33.50000000
v -8.50000000 -2.22077513 33.15289307
v -10.00000000 -2.06568551 32.93431473
v -10.00000000 -2.23910356 33.19385147
v -11.50000000 -1.99879181 32.87453461
v -11.50000000 -2.22077513 33.15289307
v -10.50000000 -2.29999995 33.50000000
v -11.50000000 -2.29999995 33.50000000
v -10.00000000 -2.23910356 33.80614853
v -8.50000000 -2.22077513 33.84710693
v -9.50000000 -2.29999995 33.50000000
v -8.50000000 -2.29999995 33.50000000
v -10.50000000 -2.29999995 33.50000000
v -8.50000000 -1.99879181 34.12546539
v -10.00000000 -1.80614674 34.23910522
v -8.50000000 -1.67801678 34.27994156
v -11.50000000 -2.29999995 33.50000000
v -11.50000000 -2.22077513 33.84710693
v -11.50000000 -1.67801678 34.27994156
v -10.00000000 -1.50000000 34.29999924
v -11.50000000 -1.99879181 34.12546539
v -11.50000000 -1.32198322 34.27994156
v -10.00000000 -1.19385326 34.23910522
v -8.50000000 -1.32198322 34.27994156
v -8.50000000 -1.00120819 34.12546539
v -9.50000000 -0.69999999 33.50000000
v -8.50000000 -0.69999999 33.50000000
v -8.50000000 -0.77922493 33.84710693
v -10.00000000 -0.93431455 34.06568527
v -10.00000000 -0.76089638 33.80614853
v -11.50000000 -1.00120819 34.12546539
v -11.50000000 -0.77922493 33.84710693
v -10.50000000 -0.69999999 33.50000000
v -11.50000000 -0.69999999 33.50000000
v -11.50000000 -2.22077513 33.84710693
v -11.50000000 -2.65000010 33.50000000
v -11.50000000 -2.53611422 33.99896622
v -11.50000000 -1.99879181 34.12546539
v -11.50000000 -2.29999995 33.50000000
v -11.50000000 -1.67801678 34.27994156
v -11.50000000 -2.21701336 34.39910507
v -11.50000000 -1.75589907 34.62116623
v -11.50000000 -1.24410093 34.62116623
v -11.50000000 -2.22077513 33.15289307
v -11.50000000 -2.53611422 33.00103378
v -11.50000000 -2.21701336 32.60089493
v -11.50000000 -1.75589907 32.37883377
v -11.50000000 -1.99879181 32.87453461
v -11.50000000 -1.67801678 32.72005844
v -11.50000000 -1.24410093 32.37883377
v -11.50000000 -0.78298670 34.39910507
v -11.50000000 -1.00120819 34.12546539
v -11.50000000 -1.32198322 34.27994156
v -11.50000000 -0.46388581 33.99896622
v -11.50000000 -0.77922493 33.84710693
v -11.50000000 -0.34999999 33.50000000
v -11.50000000 -0.69999999 33.50000000
v -11.50000000 -1.32198322 32.72005844
v -11.50000000 -1.00120819 32.87453461
v -11.50000000 -0.78298670 32.60089493
v -11.50000000 -0.46388581 33.00103378
v -11.50000000 -0.77922493 33.15289307
v -23.50000000 -3.16989493 6.07283878
v -23.50000000 -1.86290288 5.47595549
v -23.50000000 -2.55930829 5.68043852
v -23.50000000 -3.94670701 7.28158188
v -23.50000000 -3.64519644 6.62136602
v -23.50000000 -0.44069171 10.31956196
v -23.50000000 -0.44069171 5.68043852
v -23.50000000 -1.13709712 5.47595549
v -23.50000000 0.16989487 6.07283878
v -23.50000000 0.64519650 6.62136602
v -23.50000000 0.94670707 7.28158188
v -23.50000000 1.04999995 8.00000000
v -23.50000000 -4.05000019 8.00000000
v -23.50000000 -3.64519644 9.37863445
v -23.50000000 -2.55930829 10.31956196
v -23.50000000 -3.16989493 9.92716122
v -23.50000000 -1.86290288 10.52404499
v -23.50000000 -1.13709712 10.52404499
v -23.50000000 0.64519650 9.37863445
v -23.50000000 0.94670707 8.71841812
v -23.50000000 0.16989487 9.92716122
v -23.50000000 -3.94670701 8.71841812
v -23.50000000 0.00000000 12.00000000
v -23.50000000 -3.00000000 12.00000000
v -23.50000000 -3.00000000 23.50000000
v -23.50000000 -3.68404031 -11.87938499
v -23.50000000 -5.00000000 -12.00000000
v -23.50000000 -4.00000000 -11.73205090
v -23.50000000 -4.28557539 -11.53208923
v -23.50000000 -3.34729624 -11.96961594
v -23.50000000 -3.00000000 -12.00000000
v -23.50000000 -4.96961546 -10.34729671
v -23.50000000 -4.87938547 -10.68404007
v -23.50000000 -5.00000000 -10.00000000
v -23.50000000 -4.53208876 -11.28557491
v -23.50000000 -4.73205090 -11.00000000
v -23.50000000 2.00000000 -12.00000000
v -23.50000000 0.00000000 -12.00000000
v -23.50000000 0.34729636 -11.96961594
v -23.50000000 1.00000000 -11.73205090
v -23.50000000 0.68404031 -11.87938499
v -23.50000000 1.28557527 -11.53208923
v -23.50000000 1.53208888 -11.28557491
v -23.50000000 1.73205078 -11.00000000
v -23.50000000 1.96961546 -10.34729671
v -23.50000000 2.00000000 -10.00000000
v -23.50000000 1.87938523 -10.68404007
v -23.50000000 -0.89999998 -0.64031243
v -23.50000000 -0.89999998 -3.50000000
v -23.50000000 -5.00000000 -3.50000000
v -23.50000000 -0.41666666 -0.64031243
v -23.50000000 -0.89999998 0.64031243
v -23.50000000 -5.00000000 3.50000000
v -23.50000000 0.55000001 -0.64031243
v -23.50000000 0.06666667 -0.64031243
v -23.50000000 0.06666667 0.64031243
v -23.50000000 1.51666665 -0.64031243
v -23.50000000 1.03333330 -0.64031243
v -23.50000000 1.03333330 0.64031243
v -23.50000000 2.00000000 -0.64031243
v -23.50000000 1.51666665 0.64031243
v -23.50000000 0.55000001 0.64031243
v -23.50000000 -0.41666666 0.64031243
v -23.50000000 -0.89999998 3.50000000
v -18.00000000 2.00000000 23.50000000
v -18.00000000 -5.00000000 23.50000000
v -18.00000000 -5.00000000 -12.00000000
v -23.50000000 -3.94670701 -8.71841812
v -23.50000000 -2.55930829 -10.31956196
v -23.50000000 -3.16989493 -9.92716122
v -23.50000000 -0.44069171 -5.68043852
v -23.50000000 -0.44069171 -10.31956196
v -23.50000000 -3.64519644 -9.37863445
v -23.50000000 -1.13709712 -10.52404499
v -23.50000000 -1.86290288 -10.52404499
v -23.50000000 0.16989487 -9.92716122
v -23.50000000 0.64519650 -9.37863445
v -23.50000000 1.04999995 -8.00000000
v -23.50000000 0.94670707 -8.71841812
v -23.50000000 -3.94670701 -7.28158188
v -23.50000000 -4.05000019 -8.00000000
v -23.50000000 -3.64519644 -6.62136602
v -23.50000000 -1.13709712 -5.47595549
v -23.50000000 -2.55930829 -5.68043852
v -23.50000000 -3.16989493 -6.07283878
v -23.50000000 -1.86290288 -5.47595549
v -23.50000000 0.94670707 -7.28158188
v -23.50000000 0.64519650 -6.62136602
v -23.50000000 0.16989487 -6.07283878
v -23.50000000 -3.00000000 23.50000000
v -11.50000000 -5.00000000 23.50000000
v -11.50000000 2.00000000 23.50000000
v -11.50000000 2.29999995 23.50000000
v -17.50000000 -5.30000019 23.50000000
v -11.50000000 -5.30000019 23.50000000
v -11.50000000 -5.30000019 41.79999924
v -17.50000000 8.50000000 48.50000000
v -9.50000000 -2.50000000 46.50000000
v -17.50000000 4.30000019 43.79999924
v -17.50000000 11.50000000 25.50000000
v -9.50000000 11.50000000 25.50000000
v -24.50000000 -0.89999998 3.50000000
v -23.50000000 0.00000000 12.00000000
v -23.50000000 0.55000001 -0.64031243
v -23.60000038 0.55000001 0.00000000
v -23.50000000 -5.00000000 -3.50000000
v -24.50000000 0.00000000 -12.00000000
v -11.50000000 -5.00000000 41.50000000
v -18.00000000 2.00000000 29.00000000
v -17.00000000 2.00000000 30.00000000
v -17.00000000 -1.50000000 30.00000000
v -18.00000000 -5.00000000 29.00000000
v -17.00000000 -2.19528818 36.36012268
v -17.00000000 -0.80471176 40.63987732
v -23.50000000 -3.00000000 12.00000000
v -23.50000000 -3.00000000 12.00000000
v -23.50000000 0.00000000 23.50000000
v -23.50000000 2.00000000 0.64031243
v -18.00000000 2.00000000 -12.00000000
vt 0.04796500 0.39054900
vt 0.07964400 0.39054900
vt 0.07964400 0.40110800
vt 0.99333501 0.63702500
vt 0.98707998 0.62701398
vt 0.94603002 0.60713500
vt 0.99721903 0.64818400
vt 0.99853498 0.65993297
vt 0.97876602 0.61865401
vt 0.96881098 0.61236298
vt 0.95771301 0.60845798
vt 0.73600799 0.60713500
vt 0.73600799 0.82888800
vt 0.94603002 0.82888800
vt 0.99721903 0.78783798
vt 0.99853498 0.77608901
vt 0.99333501 0.79899800
vt 0.98707998 0.80900800
vt 0.96881098 0.82365900
vt 0.97876602 0.81736898
vt 0.95771301 0.82756400
vt 0.05279800 0.30944300
vt 0.07039800 0.29910600
vt 0.10559700 0.31092000
vt 0.10559700 0.29910600
vt 0.03519900 0.29910600
vt 0.10559700 0.32273400
vt 0.05279800 0.33011800
vt 0.10559700 0.33454800
vt 0.00000000 0.29910600
vt 0.00000000 0.31092000
vt 0.00000000 0.33454800
vt 0.05279800 0.34045500
vt 0.00000000 0.32273400
vt 0.00000000 0.34636199
vt 0.10559700 0.34636199
vt 0.10559700 0.35817599
vt 0.05279800 0.35079199
vt 0.07039800 0.38180301
vt 0.10559700 0.36998999
vt 0.10559700 0.38180301
vt 0.05279800 0.36112899
vt 0.05279800 0.37146601
vt 0.00000000 0.35817599
vt 0.00000000 0.36998999
vt 0.03519900 0.38180301
vt 0.00000000 0.38180301
vt 0.33493999 0.28348699
vt 0.33493999 0.17935500
vt 0.54613298 0.21406600
vt 0.54613298 0.17935500
vt 0.54613298 0.24877700
vt 0.54613298 0.28348699
vt 0.34439400 0.85122502
vt 0.28187299 0.85122502
vt 0.28187299 0.73373801
vt 0.27666301 0.92780101
vt 0.27666301 0.85437202
vt 0.34439400 0.85437202
vt 0.34439400 0.93094802
vt 0.28187299 0.95402598
vt 0.28187299 0.93094802
vt 0.38607499 0.95402598
vt 0.38607499 0.73373801
vt 0.34439400 0.92780101
vt 0.73600799 0.00000000
vt 0.92925000 0.00000000
vt 0.92608202 0.00316800
vt 0.92925000 0.08025300
vt 0.73600799 0.08025300
vt 0.92608202 0.07708600
vt 0.00000000 0.92698002
vt 0.06189300 0.92698002
vt 0.06189300 0.73373801
vt 0.97876602 0.27029800
vt 0.98707998 0.27865800
vt 0.96604401 0.28711301
vt 0.96881098 0.26400700
vt 0.95813203 0.28232899
vt 0.97223800 0.29399800
vt 0.99333501 0.28866899
vt 0.97753298 0.31157699
vt 0.99721903 0.29982799
vt 0.99853498 0.31157699
vt 0.97618002 0.30239299
vt 0.94918001 0.28005701
vt 0.94918001 0.38338301
vt 0.92817801 0.36226299
vt 0.94603002 0.25877899
vt 0.95771301 0.26010200
vt 0.73600799 0.25877899
vt 0.92817801 0.28200999
vt 0.73600799 0.36226299
vt 0.75701100 0.38338301
vt 0.99853498 0.42773300
vt 0.97753298 0.42773300
vt 0.99721903 0.43948200
vt 0.97645998 0.43593201
vt 0.99333501 0.45064199
vt 0.97331202 0.44357300
vt 0.98707998 0.46065301
vt 0.97876602 0.46901301
vt 0.96830601 0.45013401
vt 0.96881098 0.47530299
vt 0.96178102 0.45516801
vt 0.95418298 0.45833299
vt 0.94603002 0.48053199
vt 0.94603002 0.45941201
vt 0.95771301 0.47920799
vt 0.73600799 0.48053199
vt 0.75701100 0.45941201
vt 0.06335800 0.73373801
vt 0.06335800 0.92698002
vt 0.12525100 0.92698002
vt 0.29555500 0.58443803
vt 0.37580800 0.58443803
vt 0.37580800 0.52254498
vt 0.33493999 0.28495201
vt 0.54613298 0.28495201
vt 0.33493999 0.31966299
vt 0.33493999 0.35437301
vt 0.33493999 0.38908401
vt 0.54613298 0.38908401
vt 0.05279800 0.21800099
vt 0.07039800 0.20766300
vt 0.10559700 0.21947700
vt 0.10559700 0.20766300
vt 0.03519900 0.20766300
vt 0.10559700 0.23129100
vt 0.05279800 0.23867500
vt 0.10559700 0.24310499
vt 0.00000000 0.20766300
vt 0.00000000 0.21947700
vt 0.00000000 0.24310499
vt 0.05279800 0.24901199
vt 0.00000000 0.23129100
vt 0.00000000 0.25491899
vt 0.10559700 0.25491899
vt 0.10559700 0.26673299
vt 0.05279800 0.25934899
vt 0.07039800 0.29036099
vt 0.10559700 0.27854699
vt 0.10559700 0.29036099
vt 0.05279800 0.26968601
vt 0.05279800 0.28002399
vt 0.00000000 0.26673299
vt 0.00000000 0.27854699
vt 0.03519900 0.29036099
vt 0.00000000 0.29036099
vt 0.12671600 0.76893699
vt 0.12671600 0.73373801
vt 0.24287200 0.73373801
vt 0.12671600 0.83933401
vt 0.12671600 0.80413598
vt 0.24287200 0.80413598
vt 0.24287200 0.76893699
vt 0.15312099 0.52205300
vt 0.15312099 0.63821000
vt 0.18128100 0.63821000
vt 0.09680300 0.52205300
vt 0.09680300 0.63821000
vt 0.12496200 0.63821000
vt 0.12496200 0.52205300
vt 0.19802500 0.34046900
vt 0.24026300 0.33465999
vt 0.21210399 0.33465999
vt 0.19802500 0.35208699
vt 0.24026300 0.35324800
vt 0.24026300 0.34395400
vt 0.18394500 0.33465999
vt 0.15578599 0.33465999
vt 0.15578599 0.34395400
vt 0.15578599 0.35324800
vt 0.19802500 0.35789499
vt 0.15578599 0.36254299
vt 0.19802500 0.36370400
vt 0.24026300 0.36254299
vt 0.19802500 0.36951301
vt 0.24026300 0.37183699
vt 0.24026300 0.38113099
vt 0.19802500 0.37532201
vt 0.21210399 0.38113099
vt 0.15578599 0.37183699
vt 0.15578599 0.38113099
vt 0.18394500 0.38113099
vt 0.25192800 0.19673701
vt 0.22376899 0.09341100
vt 0.25192800 0.09341100
vt 0.19560900 0.09341100
vt 0.16745000 0.09341100
vt 0.16745000 0.19673701
vt 0.00000000 0.00000000
vt 0.19324200 0.00000000
vt 0.19324200 0.08447700
vt 0.12671600 0.85331202
vt 0.12671600 0.93778902
vt 0.20128100 0.93778902
vt 0.73600799 0.12607200
vt 0.73600799 0.15423100
vt 0.92608202 0.12607200
vt 0.73600799 0.18239000
vt 0.73600799 0.21054900
vt 0.92608202 0.21054900
vt 0.04223900 0.45828700
vt 0.08447700 0.46035501
vt 0.05631800 0.45208499
vt 0.08447700 0.45208499
vt 0.02815900 0.45208499
vt 0.04223900 0.47069201
vt 0.08447700 0.46862400
vt 0.08447700 0.47689399
vt 0.00000000 0.45208499
vt 0.00000000 0.46035501
vt 0.00000000 0.47689399
vt 0.04223900 0.47689399
vt 0.00000000 0.46862400
vt 0.04223900 0.48309600
vt 0.08447700 0.48516399
vt 0.04223900 0.48929900
vt 0.08447700 0.49343401
vt 0.00000000 0.48516399
vt 0.05631800 0.50170302
vt 0.08447700 0.50170302
vt 0.04223900 0.49550101
vt 0.00000000 0.49343401
vt 0.00000000 0.50170302
vt 0.02815900 0.50170302
vt 0.55136800 0.01382700
vt 0.52818203 0.00000000
vt 0.54514003 0.00699800
vt 0.55533302 0.02215400
vt 0.55669302 0.03126300
vt 0.53718400 0.00225300
vt 0.33493999 0.10248200
vt 0.52818203 0.10248200
vt 0.52501398 0.17789100
vt 0.55561399 0.15460300
vt 0.55669302 0.14647000
vt 0.55244899 0.16218001
vt 0.54741400 0.16868800
vt 0.54085302 0.17368101
vt 0.53321302 0.17682000
vt 0.53526199 0.39054900
vt 0.59272099 0.39054900
vt 0.53526199 0.41161299
vt 0.53526199 0.48007300
vt 0.53526199 0.55379897
vt 0.60237199 0.82887399
vt 0.59272099 0.76444501
vt 0.66062599 0.76444501
vt 0.53178000 0.41161299
vt 0.52829802 0.41161299
vt 0.52481502 0.48007300
vt 0.52481502 0.41161299
vt 0.52481502 0.81184000
vt 0.52481502 0.55379897
vt 0.60010803 0.82545698
vt 0.59671801 0.82317400
vt 0.60316801 0.95402598
vt 0.60316801 0.83290499
vt 0.66062599 0.95402598
vt 0.52561003 0.81587100
vt 0.52787501 0.81928700
vt 0.53126401 0.82157099
vt 0.53526199 0.82237202
vt 0.59272099 0.82237202
vt 0.14303000 0.40446499
vt 0.18632500 0.40446499
vt 0.18632500 0.41502401
vt 0.00000000 0.63885897
vt 0.00767800 0.63357902
vt 0.00000000 0.63357902
vt 0.00767800 0.64413798
vt 0.01535600 0.64413798
vt 0.02303400 0.63357902
vt 0.02303400 0.64413798
vt 0.03071200 0.64413798
vt 0.03071200 0.63357902
vt 0.03839000 0.64413798
vt 0.01535600 0.63357902
vt 0.00000000 0.64413798
vt 0.04606800 0.64413798
vt 0.04606800 0.63357902
vt 0.03839000 0.63357902
vt 0.05374600 0.63357902
vt 0.06142400 0.63357902
vt 0.05374600 0.64413798
vt 0.06910200 0.63357902
vt 0.06910200 0.64413798
vt 0.07677900 0.64413798
vt 0.08445700 0.63885897
vt 0.08445700 0.63357902
vt 0.07677900 0.63357902
vt 0.06142400 0.64413798
vt 0.08445700 0.64413798
vt 0.00000000 0.19957300
vt 0.00767800 0.19429301
vt 0.00000000 0.19429301
vt 0.00767800 0.20485300
vt 0.01535600 0.20485300
vt 0.02303400 0.19429301
vt 0.02303400 0.20485300
vt 0.03071200 0.20485300
vt 0.03071200 0.19429301
vt 0.03839000 0.20485300
vt 0.01535600 0.19429301
vt 0.00000000 0.20485300
vt 0.04606800 0.20485300
vt 0.04606800 0.19429301
vt 0.03839000 0.19429301
vt 0.05374600 0.19429301
vt 0.05374600 0.20485300
vt 0.06142400 0.20485300
vt 0.06910200 0.19429301
vt 0.06910200 0.20485300
vt 0.07677900 0.20485300
vt 0.08445700 0.19957300
vt 0.08445700 0.19429301
vt 0.07677900 0.19429301
vt 0.06142400 0.19429301
vt 0.08445700 0.20485300
vt 0.73454398 0.00000000
vt 0.72246802 0.00000000
vt 0.71384299 0.04751800
vt 0.72364199 0.20360699
vt 0.72052097 0.19663499
vt 0.71560103 0.19084300
vt 0.71384299 0.16895500
vt 0.71039301 0.00000000
vt 0.69831699 0.00000000
vt 0.70207298 0.18454000
vt 0.70928103 0.18669900
vt 0.69456100 0.18454000
vt 0.68279201 0.16895500
vt 0.72471100 0.21119300
vt 0.73454398 0.25871199
vt 0.72364199 0.21877900
vt 0.72052097 0.22575100
vt 0.73454398 0.33262900
vt 0.71560103 0.35979801
vt 0.72052097 0.36559001
vt 0.71560103 0.23154300
vt 0.70928103 0.35565400
vt 0.69210702 0.33262900
vt 0.70207298 0.35349500
vt 0.70928103 0.23568700
vt 0.69210702 0.25871199
vt 0.68279201 0.04751800
vt 0.68624198 0.00000000
vt 0.68735301 0.18669900
vt 0.67416602 0.00000000
vt 0.66209102 0.00000000
vt 0.67611402 0.19663499
vt 0.68103302 0.19084300
vt 0.67299300 0.20360699
vt 0.69456100 0.23784600
vt 0.68735301 0.23568700
vt 0.70207298 0.23784600
vt 0.68103302 0.35979801
vt 0.68103302 0.23154300
vt 0.67192400 0.21119300
vt 0.67611402 0.22575100
vt 0.67611402 0.36559001
vt 0.67299300 0.21877900
vt 0.66209102 0.40126699
vt 0.68735301 0.35565400
vt 0.69456100 0.35349500
vt 0.72364199 0.37256199
vt 0.72714901 0.41744599
vt 0.72471100 0.38014799
vt 0.72364199 0.38773400
vt 0.72419298 0.41955701
vt 0.72052097 0.39470601
vt 0.73454398 0.40126699
vt 0.71560103 0.40049800
vt 0.71743703 0.42206600
vt 0.70928103 0.40464199
vt 0.71384299 0.42238599
vt 0.73176998 0.41182700
vt 0.73329502 0.40849000
vt 0.72970098 0.41484201
vt 0.72092301 0.42111301
vt 0.70207298 0.40680099
vt 0.69456100 0.40680099
vt 0.73422903 0.40493399
vt 0.68103302 0.40049800
vt 0.67611402 0.39470601
vt 0.67919701 0.42206600
vt 0.67192400 0.38014799
vt 0.67299300 0.37256199
vt 0.67299300 0.38773400
vt 0.66948497 0.41744599
vt 0.67244101 0.41955701
vt 0.66486400 0.41182700
vt 0.68279201 0.42238599
vt 0.68735301 0.40464199
vt 0.67571199 0.42111301
vt 0.66333902 0.40849000
vt 0.66240501 0.40493399
vt 0.66693401 0.41484201
vt 0.28345200 0.64398098
vt 0.29401100 0.64398098
vt 0.29401100 0.52254498
vt 0.39798701 0.39054900
vt 0.39798701 0.41161299
vt 0.45544499 0.39054900
vt 0.39798701 0.51019198
vt 0.39798701 0.52367997
vt 0.45544499 0.76444501
vt 0.39450401 0.41161299
vt 0.39102200 0.41161299
vt 0.38754001 0.41161299
vt 0.38754001 0.81184000
vt 0.39694199 0.51693600
vt 0.39720500 0.51352298
vt 0.39720500 0.52034903
vt 0.46283200 0.82545698
vt 0.46509701 0.82887399
vt 0.46589199 0.83290499
vt 0.52335000 0.76444501
vt 0.45944300 0.82317400
vt 0.46589199 0.95402598
vt 0.52335000 0.95402598
vt 0.38833499 0.81587100
vt 0.39059901 0.81928700
vt 0.39398900 0.82157099
vt 0.45544499 0.82237202
vt 0.39798701 0.82237202
vt 0.01365500 0.40586001
vt 0.01365500 0.39820400
vt 0.01202100 0.39820400
vt 0.01365500 0.41351601
vt 0.01202100 0.40586001
vt 0.01530900 0.40586001
vt 0.01530900 0.39820400
vt 0.01530900 0.41351601
vt 0.01044500 0.39054900
vt 0.01044500 0.39565301
vt 0.01044500 0.40075600
vt 0.01370400 0.39054900
vt 0.01044500 0.41096401
vt 0.01202100 0.41351601
vt 0.01044500 0.41606799
vt 0.01370400 0.42117199
vt 0.01044500 0.42117199
vt 0.01696300 0.39054900
vt 0.01696300 0.40586001
vt 0.01696300 0.40075600
vt 0.01696300 0.39565301
vt 0.01696300 0.42117199
vt 0.01696300 0.41096401
vt 0.01696300 0.41606799
vt 0.24232601 0.85409802
vt 0.27519801 0.85331202
vt 0.24559900 0.85331202
vt 0.23561800 0.85409802
vt 0.23234400 0.85331202
vt 0.20274600 0.85331202
vt 0.23897199 0.85436100
vt 0.27519801 0.86380500
vt 0.20274600 0.86380500
vt 0.00330800 0.40586001
vt 0.00330800 0.39820400
vt 0.00168800 0.39820400
vt 0.00330800 0.41351601
vt 0.00168800 0.40586001
vt 0.00491300 0.40586001
vt 0.00491300 0.39820400
vt 0.00491300 0.41351601
vt 0.00000000 0.39054900
vt 0.00000000 0.39565301
vt 0.00000000 0.40075600
vt 0.00325900 0.39054900
vt 0.00000000 0.41096401
vt 0.00168800 0.41351601
vt 0.00000000 0.41606799
vt 0.00325900 0.42117199
vt 0.00000000 0.42117199
vt 0.00651800 0.40586001
vt 0.00651800 0.40075600
vt 0.00651800 0.39565301
vt 0.00651800 0.39054900
vt 0.00651800 0.41096401
vt 0.00651800 0.42117199
vt 0.00651800 0.41606799
vt 0.14303000 0.40110800
vt 0.14303000 0.39054900
vt 0.18632500 0.39054900
vt 0.08884800 0.40543899
vt 0.09236800 0.40543899
vt 0.09236800 0.40911499
vt 0.08708800 0.40957400
vt 0.08708800 0.41784400
vt 0.09236800 0.41279000
vt 0.09236800 0.41646600
vt 0.09236800 0.42014101
vt 0.08532800 0.40543899
vt 0.08180800 0.40911499
vt 0.08180800 0.40543899
vt 0.08180800 0.41279000
vt 0.08708800 0.42197901
vt 0.08180800 0.42014101
vt 0.08180800 0.42381600
vt 0.08180800 0.41646600
vt 0.09236800 0.42381600
vt 0.09236800 0.42749199
vt 0.08708800 0.42611399
vt 0.08708800 0.43024799
vt 0.09236800 0.43116701
vt 0.09236800 0.43484300
vt 0.08708800 0.43438300
vt 0.09236800 0.43851799
vt 0.08884800 0.43851799
vt 0.08180800 0.42749199
vt 0.08180800 0.43116701
vt 0.08180800 0.43484300
vt 0.08532800 0.43851799
vt 0.08180800 0.43851799
vt 0.21474899 0.45735100
vt 0.24642800 0.45735100
vt 0.24642800 0.45390701
vt 0.21474899 0.46079600
vt 0.24642800 0.46079600
vt 0.19362900 0.52108002
vt 0.21474899 0.46424100
vt 0.19362900 0.46424100
vt 0.26754701 0.52108002
vt 0.24642800 0.46424100
vt 0.26754701 0.46424100
vt 0.07192600 0.40543899
vt 0.07544600 0.40543899
vt 0.07544600 0.40911499
vt 0.07016600 0.40957400
vt 0.07016600 0.41784400
vt 0.07544600 0.41279000
vt 0.07544600 0.42014101
vt 0.07544600 0.41646600
vt 0.06840700 0.40543899
vt 0.06488700 0.40911499
vt 0.06488700 0.40543899
vt 0.06488700 0.41279000
vt 0.07016600 0.42197901
vt 0.06488700 0.42014101
vt 0.06488700 0.42381600
vt 0.06488700 0.41646600
vt 0.07544600 0.42381600
vt 0.07544600 0.42749199
vt 0.07016600 0.42611399
vt 0.07016600 0.43024799
vt 0.07544600 0.43116701
vt 0.07544600 0.43484300
vt 0.07016600 0.43438300
vt 0.07544600 0.43851799
vt 0.07192600 0.43851799
vt 0.06488700 0.42749199
vt 0.06488700 0.43116701
vt 0.06488700 0.43484300
vt 0.06840700 0.43851799
vt 0.06488700 0.43851799
vt 0.09873000 0.45317000
vt 0.09873000 0.51124799
vt 0.17264800 0.51124799
vt 0.17350000 0.22540100
vt 0.18012300 0.22202601
vt 0.15578599 0.20766300
vt 0.18746500 0.22086300
vt 0.16824301 0.23065700
vt 0.16370600 0.24462201
vt 0.16486900 0.23728000
vt 0.15578599 0.28158101
vt 0.19480699 0.22202601
vt 0.23292100 0.22202601
vt 0.20142999 0.22540100
vt 0.21006100 0.23728000
vt 0.21122400 0.24462201
vt 0.21766700 0.23728000
vt 0.21650399 0.24462201
vt 0.20668700 0.23065700
vt 0.22629800 0.22540100
vt 0.17350000 0.26384401
vt 0.16824301 0.25858799
vt 0.16486900 0.25196400
vt 0.18746500 0.26838100
vt 0.18012300 0.26721901
vt 0.19480699 0.26721901
vt 0.21766700 0.25196400
vt 0.22104201 0.25858799
vt 0.21006100 0.25196400
vt 0.20668700 0.25858799
vt 0.20142999 0.26384401
vt 0.22629800 0.26384401
vt 0.23292100 0.26721901
vt 0.22104201 0.23065700
vt 0.24026300 0.22086300
vt 0.27722201 0.20766300
vt 0.24760500 0.22202601
vt 0.25422901 0.22540100
vt 0.27722201 0.21998300
vt 0.25948501 0.23065700
vt 0.26286000 0.23728000
vt 0.27722201 0.23230299
vt 0.27722201 0.24462201
vt 0.27722201 0.28158101
vt 0.24760500 0.26721901
vt 0.24026300 0.26838100
vt 0.27722201 0.26926100
vt 0.25422901 0.26384401
vt 0.26402301 0.24462201
vt 0.26286000 0.25196400
vt 0.27722201 0.25694200
vt 0.25948501 0.25858799
vt 0.20186900 0.58337700
vt 0.20186900 0.56489801
vt 0.19774900 0.56489801
vt 0.20186900 0.60185701
vt 0.19774900 0.58337700
vt 0.20598900 0.58337700
vt 0.20598900 0.56489801
vt 0.20598900 0.60185701
vt 0.19362900 0.55873799
vt 0.19774900 0.54641801
vt 0.19362900 0.57105798
vt 0.19774900 0.60185701
vt 0.19362900 0.59569699
vt 0.19362900 0.60801703
vt 0.19774900 0.62033600
vt 0.19362900 0.62033600
vt 0.19362900 0.58337700
vt 0.20186900 0.62033600
vt 0.20598900 0.54641801
vt 0.20186900 0.54641801
vt 0.21010900 0.55873799
vt 0.21010900 0.57105798
vt 0.20598900 0.62033600
vt 0.21010900 0.60801703
vt 0.21010900 0.59569699
vt 0.21010900 0.62033600
vt 0.06159800 0.52205300
vt 0.06159800 0.58013099
vt 0.07391800 0.58013099
vt 0.04927800 0.52205300
vt 0.04927800 0.58013099
vt 0.02463900 0.52205300
vt 0.02463900 0.58013099
vt 0.03695900 0.58013099
vt 0.00000000 0.52205300
vt 0.00000000 0.58013099
vt 0.01232000 0.58013099
vt 0.01232000 0.52205300
vt 0.03695900 0.52205300
vt 0.24859600 0.61321998
vt 0.24447601 0.61321998
vt 0.24447601 0.59473997
vt 0.24859600 0.63169903
vt 0.24447601 0.63169903
vt 0.25271600 0.61321998
vt 0.24859600 0.59473997
vt 0.25271600 0.63169903
vt 0.24447601 0.57626098
vt 0.24035600 0.58858103
vt 0.24035600 0.57626098
vt 0.24035600 0.60089999
vt 0.24859600 0.57626098
vt 0.25271600 0.57626098
vt 0.25271600 0.59473997
vt 0.24035600 0.62553900
vt 0.24035600 0.61321998
vt 0.24035600 0.63785899
vt 0.24447601 0.65017903
vt 0.24035600 0.65017903
vt 0.24859600 0.65017903
vt 0.25683600 0.58858103
vt 0.25683600 0.60089999
vt 0.25683600 0.57626098
vt 0.25683600 0.62553900
vt 0.25683600 0.61321998
vt 0.25271600 0.65017903
vt 0.25683600 0.63785899
vt 0.25683600 0.65017903
vt 0.28763500 0.50531298
vt 0.29508701 0.48954600
vt 0.28763500 0.48954600
vt 0.29508701 0.52108002
vt 0.30253899 0.52108002
vt 0.31744301 0.48954600
vt 0.30999100 0.48954600
vt 0.30999100 0.52108002
vt 0.31744301 0.52108002
vt 0.32489601 0.52108002
vt 0.32489601 0.48954600
vt 0.30253899 0.48954600
vt 0.28763500 0.52108002
vt 0.33980000 0.48954600
vt 0.33234799 0.48954600
vt 0.33234799 0.52108002
vt 0.34725201 0.48954600
vt 0.33980000 0.52108002
vt 0.36215600 0.50531298
vt 0.36215600 0.48954600
vt 0.35470399 0.48954600
vt 0.34725201 0.52108002
vt 0.35470399 0.52108002
vt 0.36215600 0.52108002
vt 0.19362900 0.40565601
vt 0.20108099 0.39054900
vt 0.19362900 0.39054900
vt 0.20108099 0.42076299
vt 0.20853300 0.42076299
vt 0.22343799 0.39054900
vt 0.21598600 0.39054900
vt 0.21598600 0.42076299
vt 0.22343799 0.42076299
vt 0.23089001 0.42076299
vt 0.23089001 0.39054900
vt 0.20853300 0.39054900
vt 0.19362900 0.42076299
vt 0.24579400 0.39054900
vt 0.23834200 0.39054900
vt 0.23834200 0.42076299
vt 0.25324601 0.39054900
vt 0.24579400 0.42076299
vt 0.26815099 0.40565601
vt 0.26815099 0.39054900
vt 0.26069799 0.39054900
vt 0.25324601 0.42076299
vt 0.26069799 0.42076299
vt 0.26815099 0.42076299
vt 0.35892701 0.45431200
vt 0.37057799 0.44984099
vt 0.36532101 0.44458500
vt 0.35405800 0.45196700
vt 0.35869801 0.44121000
vt 0.36229700 0.45853701
vt 0.36350000 0.46380600
vt 0.37511501 0.46380600
vt 0.37395200 0.45646399
vt 0.37395200 0.47114801
vt 0.34378499 0.45431200
vt 0.34401399 0.44121000
vt 0.33739099 0.44458500
vt 0.33213401 0.44984099
vt 0.35135600 0.44004700
vt 0.34865400 0.45196700
vt 0.32876000 0.45646399
vt 0.34041500 0.45853701
vt 0.33921200 0.46380600
vt 0.37057799 0.47777200
vt 0.36229700 0.46907499
vt 0.35892701 0.47330099
vt 0.35405800 0.47564599
vt 0.35869801 0.48640299
vt 0.36532101 0.48302799
vt 0.35135600 0.48756599
vt 0.34865400 0.47564599
vt 0.32876000 0.47114801
vt 0.34041500 0.46907499
vt 0.32759699 0.46380600
vt 0.33213401 0.47777200
vt 0.34378499 0.47330099
vt 0.34401399 0.48640299
vt 0.33739099 0.48302799
vt 0.35892701 0.40481400
vt 0.37057799 0.40034300
vt 0.36532101 0.39508599
vt 0.35405800 0.40246901
vt 0.35869801 0.39171201
vt 0.36229700 0.40903899
vt 0.36350000 0.41430801
vt 0.37511501 0.41430801
vt 0.37395200 0.40696600
vt 0.37395200 0.42164999
vt 0.34378499 0.40481400
vt 0.34401399 0.39171201
vt 0.33739099 0.39508599
vt 0.33213401 0.40034300
vt 0.35135600 0.39054900
vt 0.34865400 0.40246901
vt 0.32876000 0.40696600
vt 0.34041500 0.40903899
vt 0.33921200 0.41430801
vt 0.37057799 0.42827299
vt 0.36229700 0.41957700
vt 0.35892701 0.42380199
vt 0.35405800 0.42614701
vt 0.35869801 0.43690401
vt 0.36532101 0.43353000
vt 0.35135600 0.43806699
vt 0.34865400 0.42614701
vt 0.32876000 0.42164999
vt 0.34041500 0.41957700
vt 0.32759699 0.41430801
vt 0.33213401 0.42827299
vt 0.34378499 0.42380199
vt 0.34401399 0.43690401
vt 0.33739099 0.43353000
vt 0.30347401 0.39054900
vt 0.31931400 0.39800099
vt 0.31931400 0.39054900
vt 0.28763500 0.39800099
vt 0.28763500 0.40545300
vt 0.31931400 0.41290501
vt 0.28763500 0.41290501
vt 0.28763500 0.42035699
vt 0.28763500 0.42780900
vt 0.31931400 0.42780900
vt 0.31931400 0.40545300
vt 0.28763500 0.39054900
vt 0.31931400 0.44271401
vt 0.31931400 0.43526101
vt 0.28763500 0.43526101
vt 0.31931400 0.45016599
vt 0.28763500 0.44271401
vt 0.30347401 0.46507001
vt 0.31931400 0.46507001
vt 0.31931400 0.45761800
vt 0.28763500 0.45016599
vt 0.28763500 0.45761800
vt 0.28763500 0.46507001
vt 0.19362900 0.43733501
vt 0.20108099 0.42222801
vt 0.19362900 0.42222801
vt 0.20108099 0.45244199
vt 0.20853300 0.45244199
vt 0.21598600 0.42222801
vt 0.21598600 0.45244199
vt 0.22343799 0.45244199
vt 0.23089001 0.45244199
vt 0.23089001 0.42222801
vt 0.20853300 0.42222801
vt 0.19362900 0.45244199
vt 0.24579400 0.42222801
vt 0.23834200 0.42222801
vt 0.23834200 0.45244199
vt 0.25324601 0.42222801
vt 0.24579400 0.45244199
vt 0.26815099 0.43733501
vt 0.26815099 0.42222801
vt 0.26069799 0.42222801
vt 0.25324601 0.45244199
vt 0.26069799 0.45244199
vt 0.26815099 0.45244199
vt 0.14776801 0.43158001
vt 0.14844500 0.41837999
vt 0.14303000 0.42717999
vt 0.14303000 0.41837999
vt 0.14303000 0.43597999
vt 0.15386000 0.41837999
vt 0.15724400 0.43158001
vt 0.15927500 0.41837999
vt 0.14303000 0.44477999
vt 0.14844500 0.44477999
vt 0.15927500 0.44477999
vt 0.16198200 0.43158001
vt 0.15386000 0.44477999
vt 0.16469000 0.44477999
vt 0.16469000 0.41837999
vt 0.16672000 0.43158001
vt 0.17010500 0.41837999
vt 0.18093400 0.42717999
vt 0.18093400 0.41837999
vt 0.17551900 0.41837999
vt 0.17145801 0.43158001
vt 0.17619599 0.43158001
vt 0.17010500 0.44477999
vt 0.17551900 0.44477999
vt 0.18093400 0.43597999
vt 0.18093400 0.44477999
vt 0.21725699 0.55961800
vt 0.21793300 0.54641801
vt 0.21251801 0.55521798
vt 0.21251801 0.54641801
vt 0.21251801 0.56401801
vt 0.22334801 0.54641801
vt 0.22673300 0.55961800
vt 0.22876300 0.54641801
vt 0.21251801 0.57281798
vt 0.21793300 0.57281798
vt 0.22876300 0.57281798
vt 0.23147100 0.55961800
vt 0.22334801 0.57281798
vt 0.23417801 0.57281798
vt 0.23417801 0.54641801
vt 0.23620901 0.55961800
vt 0.23959300 0.54641801
vt 0.25042301 0.55521798
vt 0.25042301 0.54641801
vt 0.24500801 0.54641801
vt 0.24094699 0.55961800
vt 0.24568500 0.55961800
vt 0.23959300 0.57281798
vt 0.24500801 0.57281798
vt 0.25042301 0.56401801
vt 0.25042301 0.57281798
vt 0.10346800 0.40374801
vt 0.10414500 0.39054900
vt 0.09873000 0.39934799
vt 0.09873000 0.39054900
vt 0.09873000 0.40814799
vt 0.10956000 0.39054900
vt 0.11294400 0.40374801
vt 0.11497500 0.39054900
vt 0.09873000 0.41694799
vt 0.10414500 0.41694799
vt 0.11497500 0.41694799
vt 0.11768300 0.40374801
vt 0.10956000 0.41694799
vt 0.12039000 0.41694799
vt 0.12039000 0.39054900
vt 0.12242100 0.40374801
vt 0.12580501 0.39054900
vt 0.13663501 0.39934799
vt 0.13663501 0.39054900
vt 0.13122000 0.39054900
vt 0.12715900 0.40374801
vt 0.13189700 0.40374801
vt 0.12580501 0.41694799
vt 0.13122000 0.41694799
vt 0.13663501 0.40814799
vt 0.13663501 0.41694799
vt 0.10346800 0.43505901
vt 0.10414500 0.42185900
vt 0.09873000 0.43065900
vt 0.09873000 0.42185900
vt 0.09873000 0.43945900
vt 0.10956000 0.42185900
vt 0.11294400 0.43505901
vt 0.11497500 0.42185900
vt 0.09873000 0.44825801
vt 0.10414500 0.44825801
vt 0.11497500 0.44825801
vt 0.11768300 0.43505901
vt 0.10956000 0.44825801
vt 0.12039000 0.44825801
vt 0.12039000 0.42185900
vt 0.12242100 0.43505901
vt 0.12580501 0.42185900
vt 0.13663501 0.43065900
vt 0.13663501 0.42185900
vt 0.13122000 0.42185900
vt 0.12715900 0.43505901
vt 0.13189700 0.43505901
vt 0.12580501 0.44825801
vt 0.13122000 0.44825801
vt 0.13663501 0.43945900
vt 0.13663501 0.44825801
vt 0.27134800 0.52254498
vt 0.27134800 0.64398098
vt 0.28190801 0.64398098
vt 0.04796500 0.43711799
vt 0.05852500 0.43711799
vt 0.05852500 0.40543899
vt 0.00000000 0.65197903
vt 0.00767800 0.64669901
vt 0.00000000 0.64669901
vt 0.00767800 0.65725899
vt 0.01535600 0.65725899
vt 0.02303400 0.64669901
vt 0.02303400 0.65725899
vt 0.03071200 0.65725899
vt 0.03071200 0.64669901
vt 0.03839000 0.65725899
vt 0.01535600 0.64669901
vt 0.00000000 0.65725899
vt 0.04606800 0.65725899
vt 0.04606800 0.64669901
vt 0.03839000 0.64669901
vt 0.05374600 0.64669901
vt 0.06142400 0.64669901
vt 0.05374600 0.65725899
vt 0.07677900 0.64669901
vt 0.06910200 0.64669901
vt 0.06910200 0.65725899
vt 0.08445700 0.65197903
vt 0.08445700 0.64669901
vt 0.06142400 0.65725899
vt 0.07677900 0.65725899
vt 0.08445700 0.65725899
vt 0.26452500 0.52254498
vt 0.26980501 0.53022200
vt 0.26980501 0.52254498
vt 0.26980501 0.53789997
vt 0.25924501 0.53022200
vt 0.26980501 0.54557800
vt 0.25924501 0.54557800
vt 0.25924501 0.55325598
vt 0.26980501 0.55325598
vt 0.25924501 0.56093401
vt 0.25924501 0.53789997
vt 0.25924501 0.52254498
vt 0.25924501 0.56861198
vt 0.26980501 0.56861198
vt 0.26980501 0.56093401
vt 0.26980501 0.57629001
vt 0.25924501 0.57629001
vt 0.25924501 0.58396798
vt 0.26980501 0.59164602
vt 0.25924501 0.59164602
vt 0.25924501 0.59932399
vt 0.26452500 0.60700202
vt 0.26980501 0.60700202
vt 0.26980501 0.59932399
vt 0.26980501 0.58396798
vt 0.25924501 0.60700202
vt 0.02407100 0.42294800
vt 0.02089000 0.42955300
vt 0.02172700 0.42588699
vt 0.02745800 0.42131701
vt 0.02745800 0.43778899
vt 0.02172700 0.43321800
vt 0.02407100 0.43615699
vt 0.03121700 0.43778899
vt 0.03460500 0.42294800
vt 0.03121700 0.42131701
vt 0.03694900 0.42588699
vt 0.03694900 0.43321800
vt 0.03460500 0.43615699
vt 0.03778500 0.42955300
vt 0.21858500 0.86856598
vt 0.23442499 0.86903697
vt 0.22386500 0.86527002
vt 0.23442499 0.86527002
vt 0.21330500 0.86527002
vt 0.23442499 0.87280297
vt 0.21858500 0.87515801
vt 0.23442499 0.87656999
vt 0.20274600 0.86527002
vt 0.20274600 0.86903697
vt 0.20274600 0.87656999
vt 0.21858500 0.87845403
vt 0.20274600 0.87280297
vt 0.20274600 0.88033700
vt 0.23442499 0.88033700
vt 0.21858500 0.88174999
vt 0.23442499 0.88410401
vt 0.22386500 0.89163798
vt 0.23442499 0.89163798
vt 0.23442499 0.88787103
vt 0.21858500 0.88504601
vt 0.21858500 0.88834202
vt 0.20274600 0.88410401
vt 0.20274600 0.88787103
vt 0.21330500 0.89163798
vt 0.20274600 0.89163798
vt 0.01583900 0.16420200
vt 0.03167900 0.16467300
vt 0.02111900 0.16090600
vt 0.03167900 0.16090600
vt 0.01056000 0.16090600
vt 0.03167900 0.16844000
vt 0.01583900 0.17079400
vt 0.03167900 0.17220700
vt 0.00000000 0.16090600
vt 0.00000000 0.16467300
vt 0.00000000 0.17220700
vt 0.01583900 0.17409000
vt 0.00000000 0.16844000
vt 0.00000000 0.17597400
vt 0.01583900 0.17738600
vt 0.03167900 0.17597400
vt 0.03167900 0.17974000
vt 0.02111900 0.18727399
vt 0.03167900 0.18727399
vt 0.03167900 0.18350700
vt 0.01583900 0.18068200
vt 0.01583900 0.18397801
vt 0.00000000 0.17974000
vt 0.00000000 0.18350700
vt 0.01056000 0.18727399
vt 0.00000000 0.18727399
vt 0.21372101 0.62461102
vt 0.21621400 0.62988001
vt 0.21251801 0.62988001
vt 0.21709099 0.62038499
vt 0.21705100 0.62621403
vt 0.21939500 0.62327498
vt 0.22195999 0.61804098
vt 0.22278200 0.62164402
vt 0.22736400 0.61804098
vt 0.22654200 0.62164402
vt 0.21705100 0.63354498
vt 0.21372101 0.63514900
vt 0.21709099 0.63937402
vt 0.22195999 0.64171898
vt 0.21939500 0.63648403
vt 0.22278200 0.63811600
vt 0.22654200 0.63811600
vt 0.22992900 0.62327498
vt 0.23223300 0.62038499
vt 0.23227300 0.62621403
vt 0.23560300 0.62461102
vt 0.23311000 0.62988001
vt 0.23680601 0.62988001
vt 0.22736400 0.64171898
vt 0.22992900 0.63648403
vt 0.23223300 0.63937402
vt 0.23227300 0.63354498
vt 0.23560300 0.63514900
vt 0.02745800 0.39054900
vt 0.02172700 0.39511901
vt 0.02407100 0.39218000
vt 0.03694900 0.39511901
vt 0.02172700 0.40245000
vt 0.02089000 0.39878500
vt 0.02745800 0.40702099
vt 0.02407100 0.40538901
vt 0.03121700 0.40702099
vt 0.03121700 0.39054900
vt 0.03460500 0.39218000
vt 0.03694900 0.40245000
vt 0.03460500 0.40538901
vt 0.03778500 0.39878500
vt 0.00329600 0.61005598
vt 0.00376700 0.59421700
vt 0.00000000 0.60477698
vt 0.00000000 0.59421700
vt 0.00000000 0.61533600
vt 0.00753400 0.59421700
vt 0.00988800 0.61005598
vt 0.01130100 0.59421700
vt 0.00000000 0.62589598
vt 0.00376700 0.62589598
vt 0.01130100 0.62589598
vt 0.01318400 0.61005598
vt 0.00753400 0.62589598
vt 0.01506800 0.62589598
vt 0.01506800 0.59421700
vt 0.01648000 0.61005598
vt 0.01883500 0.59421700
vt 0.02636800 0.60477698
vt 0.02636800 0.59421700
vt 0.02260100 0.59421700
vt 0.01977600 0.61005598
vt 0.02307200 0.61005598
vt 0.01883500 0.62589598
vt 0.02260100 0.62589598
vt 0.02636800 0.61533600
vt 0.02636800 0.62589598
vt 0.05169800 0.61005598
vt 0.05216900 0.59421700
vt 0.04840200 0.60477698
vt 0.04840200 0.59421700
vt 0.04840200 0.61533600
vt 0.05593500 0.59421700
vt 0.05829000 0.61005598
vt 0.05970200 0.59421700
vt 0.04840200 0.62589598
vt 0.05216900 0.62589598
vt 0.05970200 0.62589598
vt 0.06158600 0.61005598
vt 0.05593500 0.62589598
vt 0.06346900 0.62589598
vt 0.06488200 0.61005598
vt 0.06346900 0.59421700
vt 0.06723600 0.59421700
vt 0.07477000 0.60477698
vt 0.07477000 0.59421700
vt 0.07100300 0.59421700
vt 0.06817800 0.61005598
vt 0.07147400 0.61005598
vt 0.06723600 0.62589598
vt 0.07100300 0.62589598
vt 0.07477000 0.61533600
vt 0.07477000 0.62589598
vt 0.21705100 0.58443499
vt 0.21251801 0.58810002
vt 0.21372101 0.58283103
vt 0.21939500 0.58149499
vt 0.21621400 0.58810002
vt 0.22278200 0.57986403
vt 0.21709099 0.57860601
vt 0.22195999 0.57626098
vt 0.22736400 0.57626098
vt 0.21705100 0.59176600
vt 0.21372101 0.59336901
vt 0.21709099 0.59759402
vt 0.22195999 0.59993899
vt 0.21939500 0.59470499
vt 0.22278200 0.59633601
vt 0.22736400 0.59993899
vt 0.23223300 0.57860601
vt 0.22992900 0.58149499
vt 0.22654200 0.57986403
vt 0.23560300 0.58283103
vt 0.23227300 0.58443499
vt 0.23680601 0.58810002
vt 0.23311000 0.58810002
vt 0.22654200 0.59633601
vt 0.22992900 0.59470499
vt 0.23223300 0.59759402
vt 0.23560300 0.59336901
vt 0.23227300 0.59176600
vt 0.04456100 0.09971400
vt 0.03075900 0.09341100
vt 0.03811300 0.09557000
vt 0.05276400 0.11247800
vt 0.04958000 0.10550600
vt 0.01574100 0.14455800
vt 0.01574100 0.09557000
vt 0.02309500 0.09341100
vt 0.00929400 0.09971400
vt 0.00427500 0.10550600
vt 0.00109100 0.11247800
vt 0.00000000 0.12006400
vt 0.05385400 0.12006400
vt 0.04958000 0.13462199
vt 0.03811300 0.14455800
vt 0.04456100 0.14041400
vt 0.03075900 0.14671700
vt 0.02309500 0.14671700
vt 0.00427500 0.13462199
vt 0.00109100 0.12764999
vt 0.00929400 0.14041400
vt 0.05276400 0.12764999
vt 0.15578599 0.32824001
vt 0.15578599 0.29656100
vt 0.27722201 0.29656100
vt 0.22771101 0.53644103
vt 0.22643700 0.52254498
vt 0.22926700 0.53310400
vt 0.23137800 0.53008902
vt 0.22675800 0.53999603
vt 0.22643700 0.54366398
vt 0.24388900 0.52286500
vt 0.24033301 0.52381802
vt 0.24755700 0.52254498
vt 0.23398100 0.52748501
vt 0.23699699 0.52537400
vt 0.19362900 0.54366398
vt 0.19362900 0.52254498
vt 0.19395000 0.52621198
vt 0.19645900 0.53310400
vt 0.19490300 0.52976799
vt 0.19857000 0.53612000
vt 0.20117299 0.53872299
vt 0.20418900 0.54083401
vt 0.21108100 0.54334301
vt 0.21474899 0.54366398
vt 0.20752500 0.54238999
vt 0.32617801 0.61550099
vt 0.32617801 0.58590198
vt 0.36947301 0.58590198
vt 0.32107401 0.61550099
vt 0.32617801 0.62875599
vt 0.36947301 0.65835500
vt 0.31086600 0.61550099
vt 0.31597000 0.61550099
vt 0.31597000 0.62875599
vt 0.30065900 0.61550099
vt 0.30576301 0.61550099
vt 0.30576301 0.62875599
vt 0.29555500 0.61550099
vt 0.30065900 0.62875599
vt 0.31086600 0.62875599
vt 0.32107401 0.62875599
vt 0.32617801 0.65835500
vt 0.00000000 0.73227298
vt 0.00000000 0.65982002
vt 0.37486801 0.65982002
vt 0.25550899 0.91419500
vt 0.24085900 0.89728802
vt 0.24730600 0.90143102
vt 0.21848699 0.94627500
vt 0.21848699 0.89728802
vt 0.25232500 0.90722400
vt 0.22584100 0.89512801
vt 0.23350500 0.89512801
vt 0.21203899 0.90143102
vt 0.20702000 0.90722400
vt 0.20274600 0.92178100
vt 0.20383599 0.91419500
vt 0.25550899 0.92936802
vt 0.25659999 0.92178100
vt 0.25232500 0.93633902
vt 0.22584100 0.94843400
vt 0.24085900 0.94627500
vt 0.24730600 0.94213200
vt 0.23350500 0.94843400
vt 0.20383599 0.92936802
vt 0.20702000 0.93633902
vt 0.21203899 0.94213200
vt 0.04796500 0.40110800
vt 0.73600799 0.00316800
vt 0.73600799 0.07708600
vt 0.00000000 0.73373801
vt 0.73600799 0.28200999
vt 0.12525100 0.73373801
vt 0.29555500 0.52254498
vt 0.24287200 0.83933401
vt 0.18128100 0.52205300
vt 0.00000000 0.08447700
vt 0.20128100 0.85331202
vt 0.33493999 0.17789100
vt 0.14303000 0.41502401
vt 0.28345200 0.52254498
vt 0.01044500 0.40586001
vt 0.00000000 0.40586001
vt 0.18632500 0.40110800
vt 0.21474899 0.45390701
vt 0.17264800 0.45317000
vt 0.19362900 0.54641801
vt 0.21010900 0.54641801
vt 0.21010900 0.58337700
vt 0.07391800 0.52205300
vt 0.31931400 0.42035699
vt 0.22343799 0.42222801
vt 0.28190801 0.52254498
vt 0.04796500 0.40543899
vt 0.27722201 0.32824001
vt 0.29555500 0.62875599
vt 0.37486801 0.73227298
f 1/1 2/2 3/3
f 4/4 5/5 6/6
f 7/7 4/4 6/6
f 8/8 7/7 6/6
f 5/5 9/9 6/6
f 6/6 9/9 10/10
f 11/11 6/6 10/10
f 12/12 13/13 14/14
f 8/8 6/6 14/14
f 15/15 16/16 14/14
f 14/14 17/17 15/15
f 17/17 14/14 18/18
f 14/14 19/19 20/20
f 21/21 19/19 14/14
f 20/20 18/18 14/14
f 22/22 23/23 24/24
f 25/25 24/24 23/23
f 26/26 23/23 22/22
f 22/22 24/24 27/27
f 28/28 22/22 27/27
f 29/29 28/28 27/27
f 30/30 26/26 31/31
f 31/31 26/26 22/22
f 32/32 28/28 33/33
f 29/29 33/33 28/28
f 28/28 32/32 34/34
f 32/32 33/33 35/35
f 22/22 34/34 31/31
f 22/22 28/28 34/34
f 29/29 36/36 33/33
f 36/36 37/37 38/38
f 33/33 38/38 35/35
f 39/39 40/40 41/41
f 37/37 40/40 42/42
f 39/39 43/43 40/40
f 44/44 35/35 38/38
f 45/45 44/44 42/42
f 45/45 43/43 46/46
f 39/39 46/46 43/43
f 46/46 47/47 45/45
f 48/48 49/49 50/50
f 51/51 50/50 49/49
f 48/48 52/52 53/53
f 54/54 55/55 56/56
f 57/57 58/58 59/59
f 60/60 61/61 62/62
f 63/63 59/59 54/54
f 56/56 64/64 54/54
f 64/64 63/63 54/54
f 63/63 60/60 65/65
f 59/59 63/63 65/65
f 61/61 60/60 63/63
f 66/66 67/67 68/68
f 67/67 69/69 68/68
f 69/69 70/70 71/71
f 72/72 73/73 74/74
f 75/75 76/76 77/77
f 78/78 75/75 79/79
f 80/80 76/76 81/81
f 82/82 83/83 84/84
f 85/85 80/80 81/81
f 83/83 82/82 85/85
f 86/86 87/87 88/88
f 83/83 85/85 81/81
f 76/76 80/80 77/77
f 89/89 90/90 86/86
f 79/79 86/86 90/90
f 91/91 89/89 92/92
f 86/86 92/92 89/89
f 78/78 79/79 90/90
f 93/93 88/88 94/94
f 79/79 75/75 77/77
f 82/82 84/84 95/95
f 96/96 95/95 97/97
f 97/97 98/98 96/96
f 98/98 97/97 99/99
f 100/100 99/99 101/101
f 101/101 102/102 103/103
f 100/100 101/101 103/103
f 104/104 105/105 102/102
f 98/98 99/99 100/100
f 105/105 103/103 102/102
f 105/105 104/104 106/106
f 107/107 108/108 109/109
f 106/106 109/109 108/108
f 107/107 110/110 111/111
f 110/110 93/93 94/94
f 104/104 109/109 106/106
f 112/112 113/113 114/114
f 115/115 116/116 117/117
f 118/118 119/119 120/120
f 121/121 120/120 119/119
f 122/122 121/121 123/123
f 119/119 123/123 121/121
f 124/124 125/125 126/126
f 127/127 126/126 125/125
f 128/128 125/125 124/124
f 124/124 126/126 129/129
f 130/130 124/124 129/129
f 131/131 130/130 129/129
f 132/132 128/128 133/133
f 133/133 128/128 124/124
f 134/134 130/130 135/135
f 131/131 135/135 130/130
f 130/130 134/134 136/136
f 137/137 134/134 135/135
f 124/124 136/136 133/133
f 124/124 130/130 136/136
f 131/131 138/138 135/135
f 138/138 139/139 140/140
f 141/141 142/142 143/143
f 139/139 142/142 144/144
f 141/141 145/145 142/142
f 146/146 137/137 140/140
f 147/147 146/146 144/144
f 147/147 145/145 148/148
f 141/141 148/148 145/145
f 148/148 149/149 147/147
f 150/150 151/151 152/152
f 153/153 154/154 155/155
f 154/154 150/150 156/156
f 157/157 158/158 159/159
f 160/160 161/161 162/162
f 163/163 162/162 158/158
f 164/164 165/165 166/166
f 167/167 168/168 169/169
f 165/165 164/164 169/169
f 170/170 164/164 166/166
f 170/170 171/171 164/164
f 171/171 172/172 164/164
f 173/173 174/174 167/167
f 168/168 167/167 174/174
f 175/175 176/176 174/174
f 173/173 167/167 172/172
f 168/168 174/174 177/177
f 178/178 179/179 177/177
f 180/180 179/179 181/181
f 180/180 181/181 182/182
f 183/183 178/178 175/175
f 181/181 178/178 183/183
f 184/184 185/185 181/181
f 182/182 181/181 185/185
f 183/183 184/184 181/181
f 181/181 179/179 178/178
f 186/186 187/187 188/188
f 186/186 189/189 187/187
f 190/190 189/189 191/191
f 186/186 191/191 189/189
f 192/192 193/193 194/194
f 195/195 196/196 197/197
f 198/198 199/199 200/200
f 201/201 200/200 199/199
f 202/202 203/203 201/201
f 200/200 201/201 203/203
f 204/204 205/205 206/206
f 207/207 206/206 205/205
f 208/208 204/204 206/206
f 205/205 204/204 209/209
f 210/210 209/209 211/211
f 212/212 213/213 208/208
f 213/213 204/204 208/208
f 214/214 215/215 209/209
f 216/216 209/209 213/213
f 217/217 218/218 211/211
f 219/219 218/218 217/217
f 215/215 214/214 217/217
f 218/218 219/219 220/220
f 221/221 219/219 217/217
f 222/222 223/223 220/220
f 222/222 220/220 224/224
f 225/225 224/224 219/219
f 226/226 227/227 224/224
f 222/222 224/224 227/227
f 225/225 226/226 224/224
f 228/228 229/229 230/230
f 231/231 229/229 228/228
f 232/232 229/229 231/231
f 229/229 233/233 230/230
f 234/234 235/235 236/236
f 235/235 229/229 232/232
f 237/237 236/236 238/238
f 236/236 237/237 239/239
f 239/239 240/240 236/236
f 236/236 241/241 242/242
f 241/241 236/236 240/240
f 238/238 236/236 235/235
f 243/243 244/244 245/245
f 246/246 245/245 244/244
f 247/247 246/246 244/244
f 248/248 249/249 250/250
f 244/244 249/249 247/247
f 251/251 245/245 246/246
f 252/252 251/251 246/246
f 253/253 254/254 252/252
f 253/253 252/252 246/246
f 255/255 256/256 247/247
f 249/249 257/257 258/258
f 249/249 248/248 257/257
f 259/259 260/260 261/261
f 250/250 260/260 248/248
f 260/260 250/250 261/261
f 262/262 255/255 263/263
f 264/264 263/263 255/255
f 264/264 255/255 265/265
f 265/265 249/249 266/266
f 249/249 258/258 266/266
f 267/267 268/268 269/269
f 270/270 271/271 272/272
f 271/271 273/273 274/274
f 275/275 276/276 277/277
f 278/278 277/277 279/279
f 280/280 274/274 276/276
f 281/281 273/273 270/270
f 273/273 271/271 270/270
f 282/282 283/283 284/284
f 285/285 283/283 282/282
f 286/286 285/285 287/287
f 288/288 289/289 290/290
f 291/291 292/292 293/293
f 288/288 286/286 294/294
f 291/291 290/290 295/295
f 290/290 291/291 293/293
f 296/296 297/297 298/298
f 297/297 299/299 300/300
f 301/301 302/302 303/303
f 304/304 303/303 305/305
f 306/306 300/300 302/302
f 307/307 299/299 296/296
f 299/299 297/297 296/296
f 308/308 309/309 310/310
f 311/311 309/309 308/308
f 311/311 312/312 313/313
f 314/314 315/315 316/316
f 317/317 318/318 319/319
f 320/320 313/313 315/315
f 317/317 316/316 321/321
f 316/316 317/317 319/319
f 322/322 323/323 324/324
f 325/325 324/324 326/326
f 325/325 322/322 324/324
f 327/327 326/326 328/328
f 324/324 329/329 330/330
f 323/323 329/329 324/324
f 331/331 332/332 328/328
f 327/327 328/328 332/332
f 331/331 328/328 333/333
f 328/328 326/326 324/324
f 333/333 328/328 334/334
f 335/335 322/322 325/325
f 336/336 337/337 338/338
f 335/335 337/337 336/336
f 339/339 340/340 341/341
f 335/335 336/336 322/322
f 342/342 336/336 338/338
f 343/343 344/344 345/345
f 336/336 346/346 347/347
f 346/346 336/336 342/342
f 343/343 340/340 339/339
f 348/348 330/330 349/349
f 324/324 330/330 348/348
f 350/350 333/333 334/334
f 351/351 348/348 349/349
f 352/352 348/348 351/351
f 353/353 354/354 334/334
f 350/350 334/334 354/354
f 348/348 352/352 355/355
f 353/353 334/334 348/348
f 353/353 348/348 355/355
f 347/347 356/356 357/357
f 346/346 358/358 347/347
f 358/358 356/356 347/347
f 359/359 344/344 347/347
f 360/360 347/347 357/357
f 347/347 360/360 359/359
f 352/352 361/361 355/355
f 360/360 362/362 363/363
f 362/362 364/364 363/363
f 365/365 364/364 361/361
f 366/366 367/367 344/344
f 367/367 345/345 344/344
f 365/365 361/361 352/352
f 339/339 341/341 368/368
f 369/369 370/370 371/371
f 339/339 368/368 370/370
f 372/372 371/371 373/373
f 370/370 374/374 339/339
f 373/373 375/375 376/376
f 375/375 377/377 378/378
f 379/379 374/374 370/370
f 339/339 344/344 343/343
f 374/374 379/379 380/380
f 381/381 370/370 369/369
f 381/381 379/379 370/370
f 371/371 372/372 369/369
f 382/382 373/373 376/376
f 382/382 372/372 373/373
f 377/377 383/383 378/378
f 378/378 376/376 375/375
f 378/378 383/383 384/384
f 374/374 380/380 385/385
f 344/344 359/359 366/366
f 386/386 387/387 388/388
f 360/360 363/363 359/359
f 365/365 389/389 390/390
f 391/391 389/389 392/392
f 391/391 393/393 387/387
f 365/365 394/394 389/389
f 364/364 365/365 390/390
f 395/395 396/396 386/386
f 364/364 390/390 363/363
f 391/391 392/392 393/393
f 393/393 397/397 387/387
f 387/387 397/397 388/388
f 388/388 395/395 386/386
f 398/398 365/365 399/399
f 365/365 398/398 394/394
f 394/394 400/400 389/389
f 389/389 400/400 392/392
f 396/396 395/395 384/384
f 401/401 402/402 403/403
f 404/404 405/405 406/406
f 407/407 406/406 405/405
f 407/407 408/408 406/406
f 406/406 408/408 409/409
f 410/410 407/407 405/405
f 411/411 407/407 410/410
f 412/412 407/407 411/411
f 413/413 414/414 412/412
f 412/412 414/414 415/415
f 407/407 412/412 415/415
f 416/416 414/414 413/413
f 416/416 413/413 408/408
f 409/409 417/417 418/418
f 419/419 420/420 418/418
f 409/409 421/421 417/417
f 422/422 423/423 419/419
f 420/420 419/419 423/423
f 424/424 425/425 413/413
f 426/426 413/413 425/425
f 421/421 409/409 427/427
f 428/428 413/413 426/426
f 428/428 408/408 413/413
f 409/409 428/428 427/427
f 420/420 409/409 418/418
f 429/429 430/430 431/431
f 432/432 429/429 433/433
f 434/434 435/435 430/430
f 436/436 434/434 429/429
f 431/431 437/437 438/438
f 431/431 438/438 439/439
f 431/431 430/430 440/440
f 431/431 439/439 433/433
f 440/440 437/437 431/431
f 441/441 442/442 433/433
f 442/442 441/441 443/443
f 444/444 432/432 442/442
f 443/443 445/445 442/442
f 446/446 440/440 435/435
f 434/434 447/447 448/448
f 435/435 449/449 446/446
f 435/435 448/448 449/449
f 436/436 444/444 450/450
f 436/436 432/432 444/444
f 447/447 434/434 451/451
f 436/436 452/452 451/451
f 436/436 450/450 452/452
f 435/435 440/440 430/430
f 453/453 454/454 455/455
f 456/456 457/457 458/458
f 459/459 460/460 453/453
f 454/454 453/453 460/460
f 461/461 459/459 456/456
f 460/460 459/459 461/461
f 458/458 461/461 456/456
f 462/462 463/463 464/464
f 465/465 462/462 466/466
f 467/467 468/468 463/463
f 469/469 467/467 462/462
f 464/464 470/470 471/471
f 464/464 471/471 472/472
f 470/470 464/464 473/473
f 464/464 472/472 466/466
f 474/474 475/475 466/466
f 475/475 474/474 476/476
f 477/477 475/475 478/478
f 476/476 478/478 475/475
f 475/475 477/477 465/465
f 473/473 464/464 463/463
f 468/468 473/473 463/463
f 467/467 479/479 480/480
f 468/468 481/481 482/482
f 468/468 480/480 481/481
f 468/468 482/482 473/473
f 479/479 467/467 483/483
f 484/484 469/469 477/477
f 469/469 485/485 483/483
f 469/469 484/484 485/485
f 486/486 487/487 488/488
f 489/489 490/490 491/491
f 492/492 489/489 491/491
f 493/493 492/492 494/494
f 495/495 496/496 493/493
f 491/491 494/494 492/492
f 497/497 489/489 492/492
f 498/498 499/499 497/497
f 492/492 498/498 497/497
f 492/492 500/500 498/498
f 493/493 501/501 502/502
f 502/502 501/501 503/503
f 500/500 493/493 504/504
f 500/500 492/492 493/493
f 501/501 496/496 505/505
f 505/505 506/506 507/507
f 508/508 507/507 506/506
f 501/501 507/507 503/503
f 509/509 510/510 511/511
f 510/510 512/512 513/513
f 510/510 513/513 511/511
f 507/507 508/508 514/514
f 508/508 511/511 515/515
f 516/516 511/511 517/517
f 513/513 517/517 511/511
f 517/517 518/518 516/516
f 519/519 520/520 521/521
f 522/522 523/523 520/520
f 524/524 525/525 526/526
f 527/527 528/528 525/525
f 525/525 528/528 523/523
f 527/527 529/529 528/528
f 530/530 531/531 532/532
f 533/533 530/530 532/532
f 534/534 533/533 535/535
f 536/536 534/534 537/537
f 532/532 535/535 533/533
f 538/538 530/530 533/533
f 539/539 540/540 538/538
f 533/533 539/539 538/538
f 533/533 541/541 539/539
f 534/534 542/542 543/543
f 536/536 542/542 534/534
f 543/543 542/542 544/544
f 541/541 534/534 545/545
f 541/541 533/533 534/534
f 542/542 536/536 546/546
f 546/546 547/547 548/548
f 549/549 548/548 547/547
f 542/542 548/548 544/544
f 550/550 551/551 552/552
f 551/551 553/553 554/554
f 551/551 554/554 552/552
f 548/548 549/549 555/555
f 549/549 552/552 556/556
f 557/557 552/552 558/558
f 554/554 558/558 552/552
f 558/558 559/559 557/557
f 560/560 561/561 562/562
f 563/563 564/564 565/565
f 566/566 565/565 564/564
f 567/567 563/563 565/565
f 565/565 568/568 569/569
f 565/565 569/569 567/567
f 570/570 568/568 565/565
f 565/565 566/566 571/571
f 572/572 571/571 573/573
f 574/574 575/575 576/576
f 576/576 575/575 577/577
f 578/578 579/579 573/573
f 571/571 572/572 565/565
f 570/570 580/580 581/581
f 570/570 581/581 582/582
f 583/583 584/584 570/570
f 580/580 570/570 584/584
f 585/585 583/583 570/570
f 568/568 570/570 582/582
f 586/586 577/577 575/575
f 587/587 588/588 589/589
f 589/589 590/590 591/591
f 592/592 590/590 585/585
f 586/586 588/588 587/587
f 592/592 585/585 570/570
f 593/593 578/578 574/574
f 594/594 565/565 572/572
f 595/595 594/594 596/596
f 574/574 576/576 593/593
f 578/578 593/593 579/579
f 573/573 579/579 572/572
f 597/597 598/598 596/596
f 595/595 596/596 598/598
f 599/599 598/598 597/597
f 600/600 601/601 599/599
f 598/598 599/599 601/601
f 602/602 601/601 600/600
f 594/594 595/595 565/565
f 589/589 591/591 587/587
f 603/603 604/604 605/605
f 570/570 603/603 605/605
f 604/604 606/606 607/607
f 590/590 592/592 591/591
f 602/602 608/608 609/609
f 600/600 608/608 602/602
f 610/610 602/602 609/609
f 606/606 610/610 611/611
f 609/609 611/611 610/610
f 606/606 604/604 603/603
f 611/611 607/607 606/606
f 592/592 570/570 605/605
f 612/612 613/613 614/614
f 615/615 612/612 616/616
f 617/617 618/618 613/613
f 619/619 617/617 612/612
f 620/620 614/614 621/621
f 614/614 620/620 622/622
f 621/621 614/614 613/613
f 614/614 622/622 616/616
f 623/623 624/624 625/625
f 626/626 625/625 627/627
f 616/616 628/628 624/624
f 623/623 626/626 629/629
f 625/625 626/626 623/623
f 618/618 630/630 631/631
f 618/618 632/632 630/630
f 632/632 618/618 633/633
f 633/633 618/618 617/617
f 615/615 629/629 634/634
f 635/635 619/619 634/634
f 619/619 636/636 617/617
f 634/634 637/637 635/635
f 619/619 635/635 636/636
f 638/638 639/639 640/640
f 641/641 642/642 639/639
f 643/643 644/644 645/645
f 646/646 647/647 648/648
f 649/649 648/648 644/644
f 650/650 645/645 642/642
f 651/651 652/652 653/653
f 654/654 655/655 652/652
f 656/656 651/651 657/657
f 658/658 654/654 651/651
f 659/659 660/660 661/661
f 653/653 662/662 660/660
f 659/659 663/663 657/657
f 653/653 652/652 662/662
f 663/663 664/664 665/665
f 660/660 659/659 653/653
f 666/666 667/667 652/652
f 655/655 668/668 666/666
f 655/655 669/669 668/668
f 669/669 670/670 668/668
f 655/655 654/654 671/671
f 672/672 665/665 664/664
f 656/656 665/665 673/673
f 664/664 674/674 672/672
f 665/665 672/672 673/673
f 675/675 656/656 676/676
f 677/677 671/671 654/654
f 678/678 658/658 675/675
f 678/678 679/679 677/677
f 658/658 678/678 677/677
f 658/658 656/656 675/675
f 680/680 681/681 682/682
f 681/681 683/683 684/684
f 685/685 686/686 687/687
f 688/688 689/689 690/690
f 686/686 691/691 684/684
f 692/692 683/683 680/680
f 683/683 681/681 680/680
f 693/693 694/694 695/695
f 696/696 693/693 697/697
f 698/698 699/699 700/700
f 700/700 696/696 701/701
f 702/702 698/698 700/700
f 694/694 690/690 689/689
f 698/698 702/702 703/703
f 704/704 705/705 706/706
f 705/705 707/707 708/708
f 709/709 710/710 711/711
f 712/712 713/713 714/714
f 710/710 715/715 708/708
f 716/716 707/707 704/704
f 707/707 705/705 704/704
f 717/717 718/718 719/719
f 720/720 717/717 721/721
f 722/722 723/723 724/724
f 724/724 720/720 725/725
f 726/726 722/722 724/724
f 718/718 714/714 713/713
f 722/722 726/726 727/727
f 728/728 729/729 730/730
f 731/731 728/728 732/732
f 730/730 732/732 728/728
f 728/728 733/733 729/729
f 734/734 735/735 736/736
f 736/736 733/733 734/734
f 734/734 737/737 735/735
f 729/729 733/733 736/736
f 738/738 739/739 740/740
f 740/740 741/741 738/738
f 742/742 739/739 743/743
f 742/742 743/743 731/731
f 741/741 744/744 745/745
f 745/745 744/744 746/746
f 745/745 738/738 741/741
f 743/743 739/739 738/738
f 731/731 732/732 742/742
f 747/747 748/748 749/749
f 749/749 750/750 751/751
f 737/737 748/748 747/747
f 749/749 751/751 752/752
f 751/751 750/750 753/753
f 752/752 747/747 749/749
f 754/754 753/753 750/750
f 755/755 756/756 746/746
f 746/746 757/757 755/755
f 755/755 758/758 756/756
f 744/744 757/757 746/746
f 759/759 760/760 754/754
f 753/753 754/754 760/760
f 758/758 761/761 759/759
f 760/760 759/759 761/761
f 756/756 758/758 759/759
f 737/737 734/734 748/748
f 762/762 763/763 764/764
f 765/765 762/762 766/766
f 764/764 766/766 762/762
f 762/762 767/767 763/763
f 768/768 769/769 770/770
f 770/770 767/767 768/768
f 768/768 771/771 769/769
f 763/763 767/767 770/770
f 772/772 773/773 774/774
f 774/774 775/775 772/772
f 776/776 773/773 777/777
f 776/776 777/777 765/765
f 775/775 778/778 779/779
f 779/779 778/778 780/780
f 779/779 772/772 775/775
f 777/777 773/773 772/772
f 765/765 766/766 776/776
f 781/781 782/782 783/783
f 783/783 784/784 785/785
f 771/771 782/782 781/781
f 783/783 785/785 786/786
f 785/785 784/784 787/787
f 786/786 781/781 783/783
f 788/788 787/787 784/784
f 789/789 790/790 780/780
f 780/780 791/791 789/789
f 789/789 792/792 790/790
f 778/778 791/791 780/780
f 793/793 794/794 788/788
f 787/787 788/788 794/794
f 792/792 795/795 793/793
f 794/794 793/793 795/795
f 790/790 792/792 793/793
f 771/771 768/768 782/782
f 796/796 797/797 798/798
f 797/797 799/799 800/800
f 801/801 802/802 803/803
f 803/803 804/804 805/805
f 806/806 800/800 802/802
f 807/807 799/799 796/796
f 799/799 797/797 796/796
f 808/808 809/809 810/810
f 811/811 808/808 812/812
f 813/813 814/814 815/815
f 815/815 811/811 816/816
f 817/817 813/813 815/815
f 809/809 805/805 804/804
f 813/813 817/817 818/818
f 819/819 820/820 821/821
f 820/820 822/822 823/823
f 824/824 825/825 826/826
f 826/826 827/827 828/828
f 829/829 823/823 825/825
f 830/830 822/822 819/819
f 822/822 820/820 819/819
f 831/831 832/832 833/833
f 834/834 831/831 835/835
f 836/836 837/837 838/838
f 838/838 834/834 839/839
f 840/840 836/836 838/838
f 832/832 828/828 827/827
f 836/836 840/840 841/841
f 842/842 843/843 844/844
f 845/845 844/844 843/843
f 846/846 842/842 844/844
f 842/842 847/847 843/843
f 848/848 847/847 842/842
f 849/849 847/847 848/848
f 850/850 851/851 846/846
f 851/851 842/842 846/846
f 852/852 853/853 848/848
f 849/849 848/848 853/853
f 848/848 854/854 852/852
f 852/852 855/855 853/853
f 842/842 851/851 854/854
f 842/842 854/854 848/848
f 853/853 856/856 849/849
f 856/856 857/857 858/858
f 853/853 855/855 857/857
f 859/859 860/860 861/861
f 858/858 862/862 861/861
f 859/859 861/861 863/863
f 864/864 862/862 857/857
f 865/865 863/863 862/862
f 865/865 866/866 863/863
f 859/859 863/863 866/866
f 866/866 865/865 867/867
f 856/856 853/853 857/857
f 868/868 869/869 870/870
f 871/871 870/870 869/869
f 872/872 868/868 870/870
f 868/868 873/873 869/869
f 874/874 873/873 868/868
f 875/875 873/873 874/874
f 876/876 877/877 872/872
f 877/877 868/868 872/872
f 878/878 879/879 874/874
f 875/875 874/874 879/879
f 874/874 880/880 878/878
f 878/878 881/881 879/879
f 868/868 877/877 880/880
f 868/868 880/880 874/874
f 879/879 882/882 875/875
f 882/882 883/883 884/884
f 879/879 881/881 883/883
f 885/885 886/886 887/887
f 884/884 888/888 887/887
f 885/885 887/887 889/889
f 890/890 888/888 883/883
f 891/891 889/889 888/888
f 891/891 892/892 889/889
f 885/885 889/889 892/892
f 892/892 891/891 893/893
f 882/882 879/879 883/883
f 894/894 895/895 896/896
f 897/897 896/896 895/895
f 898/898 894/894 896/896
f 894/894 899/899 895/895
f 900/900 899/899 894/894
f 901/901 899/899 900/900
f 902/902 903/903 898/898
f 903/903 894/894 898/898
f 904/904 905/905 900/900
f 901/901 900/900 905/905
f 900/900 906/906 904/904
f 904/904 907/907 905/905
f 894/894 903/903 906/906
f 894/894 906/906 900/900
f 905/905 908/908 901/901
f 908/908 909/909 910/910
f 905/905 907/907 909/909
f 911/911 912/912 913/913
f 910/910 914/914 913/913
f 911/911 913/913 915/915
f 916/916 914/914 909/909
f 917/917 915/915 914/914
f 917/917 918/918 915/915
f 911/911 915/915 918/918
f 918/918 917/917 919/919
f 908/908 905/905 909/909
f 920/920 921/921 922/922
f 923/923 922/922 921/921
f 924/924 920/920 922/922
f 920/920 925/925 921/921
f 926/926 925/925 920/920
f 927/927 925/925 926/926
f 928/928 929/929 924/924
f 929/929 920/920 924/924
f 930/930 931/931 926/926
f 927/927 926/926 931/931
f 926/926 932/932 930/930
f 930/930 933/933 931/931
f 920/920 929/929 932/932
f 920/920 932/932 926/926
f 931/931 934/934 927/927
f 934/934 935/935 936/936
f 931/931 933/933 935/935
f 937/937 938/938 939/939
f 936/936 940/940 939/939
f 937/937 939/939 941/941
f 942/942 940/940 935/935
f 943/943 941/941 940/940
f 943/943 944/944 941/941
f 937/937 941/941 944/944
f 944/944 943/943 945/945
f 934/934 931/931 935/935
f 946/946 947/947 948/948
f 949/949 950/950 951/951
f 952/952 953/953 954/954
f 953/953 955/955 956/956
f 957/957 958/958 959/959
f 960/960 959/959 961/961
f 962/962 956/956 958/958
f 963/963 955/955 952/952
f 955/955 953/953 952/952
f 964/964 965/965 966/966
f 967/967 965/965 964/964
f 968/968 967/967 969/969
f 970/970 971/971 972/972
f 973/973 974/974 970/970
f 971/971 968/968 975/975
f 973/973 976/976 977/977
f 976/976 973/973 970/970
f 978/978 979/979 980/980
f 981/981 979/979 982/982
f 983/983 984/984 985/985
f 986/986 985/985 987/987
f 981/981 988/988 984/984
f 989/989 982/982 978/978
f 982/982 979/979 978/978
f 990/990 991/991 992/992
f 993/993 991/991 990/990
f 993/993 994/994 995/995
f 996/996 997/997 998/998
f 999/999 1000/1000 1001/1001
f 1002/1002 995/995 997/997
f 999/999 998/998 1003/1003
f 998/998 999/999 1001/1001
f 1004/1004 1005/1005 1006/1006
f 1007/1007 1008/1008 1004/1004
f 1009/1009 1005/1005 1004/1004
f 1010/1010 1009/1009 1004/1004
f 1010/1010 1004/1004 1008/1008
f 1008/1008 1007/1007 1011/1011
f 1012/1012 1011/1011 1013/1013
f 1014/1014 1011/1011 1012/1012
f 1015/1015 1016/1016 1011/1011
f 1014/1014 1015/1015 1011/1011
f 1015/1015 1014/1014 1017/1017
f 1007/1007 1013/1013 1011/1011
f 1018/1018 1019/1019 1020/1020
f 1021/1021 1020/1020 1019/1019
f 1022/1022 1018/1018 1020/1020
f 1018/1018 1023/1023 1019/1019
f 1024/1024 1023/1023 1018/1018
f 1025/1025 1023/1023 1024/1024
f 1026/1026 1027/1027 1022/1022
f 1027/1027 1018/1018 1022/1022
f 1028/1028 1029/1029 1024/1024
f 1025/1025 1024/1024 1029/1029
f 1024/1024 1030/1030 1028/1028
f 1028/1028 1031/1031 1029/1029
f 1018/1018 1027/1027 1030/1030
f 1018/1018 1030/1030 1024/1024
f 1029/1029 1032/1032 1025/1025
f 1032/1032 1033/1033 1034/1034
f 1029/1029 1031/1031 1033/1033
f 1035/1035 1036/1036 1037/1037
f 1034/1034 1038/1038 1037/1037
f 1035/1035 1037/1037 1039/1039
f 1040/1040 1038/1038 1033/1033
f 1041/1041 1039/1039 1038/1038
f 1041/1041 1042/1042 1039/1039
f 1035/1035 1039/1039 1042/1042
f 1042/1042 1041/1041 1043/1043
f 1032/1032 1029/1029 1033/1033
f 1044/1044 1045/1045 1046/1046
f 1047/1047 1046/1046 1045/1045
f 1048/1048 1044/1044 1046/1046
f 1044/1044 1049/1049 1045/1045
f 1050/1050 1049/1049 1044/1044
f 1051/1051 1049/1049 1050/1050
f 1052/1052 1053/1053 1048/1048
f 1053/1053 1044/1044 1048/1048
f 1054/1054 1055/1055 1050/1050
f 1051/1051 1050/1050 1055/1055
f 1050/1050 1056/1056 1054/1054
f 1057/1057 1058/1058 1055/1055
f 1044/1044 1053/1053 1056/1056
f 1044/1044 1056/1056 1050/1050
f 1051/1051 1055/1055 1059/1059
f 1059/1059 1058/1058 1060/1060
f 1061/1061 1062/1062 1063/1063
f 1060/1060 1064/1064 1063/1063
f 1061/1061 1063/1063 1065/1065
f 1066/1066 1064/1064 1058/1058
f 1067/1067 1065/1065 1064/1064
f 1067/1067 1068/1068 1065/1065
f 1061/1061 1065/1065 1068/1068
f 1068/1068 1067/1067 1069/1069
f 1070/1070 1071/1071 1072/1072
f 1073/1073 1074/1074 1070/1070
f 1070/1070 1074/1074 1071/1071
f 1075/1075 1073/1073 1076/1076
f 1076/1076 1077/1077 1075/1075
f 1076/1076 1078/1078 1079/1079
f 1074/1074 1073/1073 1075/1075
f 1080/1080 1081/1081 1071/1071
f 1072/1072 1071/1071 1081/1081
f 1082/1082 1081/1081 1080/1080
f 1083/1083 1084/1084 1085/1085
f 1084/1084 1083/1083 1082/1082
f 1083/1083 1085/1085 1086/1086
f 1080/1080 1084/1084 1082/1082
f 1087/1087 1079/1079 1078/1078
f 1088/1088 1087/1087 1078/1078
f 1089/1089 1088/1088 1090/1090
f 1090/1090 1091/1091 1089/1089
f 1091/1091 1090/1090 1092/1092
f 1087/1087 1088/1088 1089/1089
f 1093/1093 1086/1086 1094/1094
f 1095/1095 1093/1093 1094/1094
f 1083/1083 1086/1086 1093/1093
f 1096/1096 1091/1091 1097/1097
f 1096/1096 1097/1097 1095/1095
f 1094/1094 1096/1096 1095/1095
f 1091/1091 1092/1092 1097/1097
f 1098/1098 1099/1099 1100/1100
f 1099/1099 1101/1101 1102/1102
f 1102/1102 1103/1103 1099/1099
f 1102/1102 1104/1104 1105/1105
f 1104/1104 1102/1102 1106/1106
f 1101/1101 1099/1099 1098/1098
f 1101/1101 1107/1107 1108/1108
f 1102/1102 1101/1101 1106/1106
f 1109/1109 1110/1110 1106/1106
f 1101/1101 1109/1109 1106/1106
f 1109/1109 1101/1101 1111/1111
f 1107/1107 1101/1101 1098/1098
f 1112/1112 1113/1113 1114/1114
f 1115/1115 1114/1114 1113/1113
f 1116/1116 1112/1112 1114/1114
f 1112/1112 1117/1117 1113/1113
f 1118/1118 1117/1117 1112/1112
f 1119/1119 1117/1117 1118/1118
f 1120/1120 1121/1121 1116/1116
f 1121/1121 1112/1112 1116/1116
f 1122/1122 1123/1123 1118/1118
f 1119/1119 1118/1118 1123/1123
f 1118/1118 1124/1124 1122/1122
f 1122/1122 1125/1125 1123/1123
f 1112/1112 1121/1121 1124/1124
f 1112/1112 1124/1124 1118/1118
f 1119/1119 1123/1123 1126/1126
f 1126/1126 1127/1127 1128/1128
f 1123/1123 1125/1125 1127/1127
f 1129/1129 1130/1130 1131/1131
f 1128/1128 1132/1132 1131/1131
f 1129/1129 1131/1131 1133/1133
f 1134/1134 1132/1132 1127/1127
f 1135/1135 1133/1133 1132/1132
f 1135/1135 1136/1136 1133/1133
f 1129/1129 1133/1133 1136/1136
f 1136/1136 1135/1135 1137/1137
f 1138/1138 1139/1139 1140/1140
f 1141/1141 1140/1140 1139/1139
f 1142/1142 1138/1138 1140/1140
f 1138/1138 1143/1143 1139/1139
f 1144/1144 1143/1143 1138/1138
f 1145/1145 1143/1143 1144/1144
f 1146/1146 1147/1147 1142/1142
f 1147/1147 1138/1138 1142/1142
f 1148/1148 1149/1149 1144/1144
f 1145/1145 1144/1144 1149/1149
f 1144/1144 1150/1150 1148/1148
f 1151/1151 1152/1152 1149/1149
f 1138/1138 1147/1147 1150/1150
f 1138/1138 1150/1150 1144/1144
f 1149/1149 1153/1153 1145/1145
f 1153/1153 1152/1152 1154/1154
f 1155/1155 1156/1156 1157/1157
f 1154/1154 1158/1158 1157/1157
f 1155/1155 1157/1157 1159/1159
f 1160/1160 1158/1158 1152/1152
f 1161/1161 1159/1159 1158/1158
f 1161/1161 1162/1162 1159/1159
f 1155/1155 1159/1159 1162/1162
f 1162/1162 1161/1161 1163/1163
f 1153/1153 1149/1149 1152/1152
f 1164/1164 1165/1165 1166/1166
f 1167/1167 1164/1164 1166/1166
f 1164/1164 1168/1168 1165/1165
f 1169/1169 1170/1170 1171/1171
f 1170/1170 1169/1169 1167/1167
f 1169/1169 1171/1171 1172/1172
f 1166/1166 1170/1170 1167/1167
f 1173/1173 1174/1174 1168/1168
f 1165/1165 1168/1168 1174/1174
f 1175/1175 1174/1174 1173/1173
f 1176/1176 1177/1177 1178/1178
f 1177/1177 1176/1176 1175/1175
f 1176/1176 1178/1178 1179/1179
f 1173/1173 1177/1177 1175/1175
f 1180/1180 1181/1181 1182/1182
f 1169/1169 1172/1172 1182/1182
f 1172/1172 1180/1180 1182/1182
f 1181/1181 1183/1183 1184/1184
f 1183/1183 1185/1185 1184/1184
f 1180/1180 1183/1183 1181/1181
f 1185/1185 1186/1186 1184/1184
f 1179/1179 1187/1187 1188/1188
f 1189/1189 1179/1179 1188/1188
f 1178/1178 1187/1187 1179/1179
f 1190/1190 1191/1191 1186/1186
f 1191/1191 1190/1190 1189/1189
f 1190/1190 1186/1186 1185/1185
f 1188/1188 1191/1191 1189/1189
f 1192/1192 1193/1193 1194/1194
f 1195/1195 1193/1193 1196/1196
f 1192/1192 1196/1196 1193/1193
f 1197/1197 1193/1193 1195/1195
f 1198/1198 1199/1199 1193/1193
f 1197/1197 1198/1198 1193/1193
f 1200/1200 1198/1198 1201/1201
f 1202/1202 1201/1201 1198/1198
f 1202/1202 1198/1198 1203/1203
f 1204/1204 1205/1205 1195/1195
f 1197/1197 1195/1195 1205/1205
f 1206/1206 1197/1197 1207/1207
f 1207/1207 1197/1197 1205/1205
f 1206/1206 1208/1208 1209/1209
f 1210/1210 1211/1211 1197/1197
f 1203/1203 1197/1197 1211/1211
f 1212/1212 1210/1210 1197/1197
f 1203/1203 1198/1198 1197/1197
f 1197/1197 1206/1206 1209/1209
f 1205/1205 1204/1204 1213/1213
f 1214/1214 1215/1215 1216/1216
f 1217/1217 1218/1218 1219/1219
f 1220/1220 1219/1219 1218/1218
f 1218/1218 1221/1221 1222/1222
f 1218/1218 1217/1217 1221/1221
f 1218/1218 1223/1223 1224/1224
f 1218/1218 1225/1225 1223/1223
f 1218/1218 1226/1226 1220/1220
f 1218/1218 1227/1227 1226/1226
f 1218/1218 1224/1224 1227/1227
f 1228/1228 1229/1229 1230/1230
f 1231/1231 1228/1228 1232/1232
f 1230/1230 1232/1232 1228/1228
f 1233/1233 1228/1228 1231/1231
f 1228/1228 1234/1234 1235/1235
f 1228/1228 1233/1233 1234/1234
f 1228/1228 1236/1236 1237/1237
f 1228/1228 1238/1238 1236/1236
f 1228/1228 1235/1235 1238/1238
f 1239/1239 1240/1240 1241/1241
f 1242/1242 1239/1239 1243/1243
f 1241/1241 1244/1244 1243/1243
f 1245/1245 1246/1246 1247/1247
f 1248/1248 1249/1249 1250/1250
f 1251/1251 1248/1248 1252/1252
f 1249/1249 1245/1245 1253/1253
f 1246/1246 1242/1242 1254/1254
f 1243/1243 1244/1244 1255/1255
f 1256/1256 1257/1257 1258/1258
f 1259/1259 1260/1260 1261/1261
f 1262/1262 1263/1263 1260/1260
f 1264/1264 1259/1259 1261/1261
f 1262/1262 1260/1260 1259/1259
f 1265/1265 1266/1266 1263/1263
f 1263/1263 1266/1266 1260/1260
f 1267/1267 1263/1263 1268/1268
f 1269/1269 1270/1270 1268/1268
f 1269/1269 1268/1268 1263/1263
f 1271/1271 1259/1259 1272/1272
f 1262/1262 1259/1259 1273/1273
f 1274/1274 1273/1273 1275/1275
f 1276/1276 1275/1275 1273/1273
f 1275/1275 1277/1277 1274/1274
f 1278/1278 1269/1269 1279/1279
f 1262/1262 1279/1279 1269/1269
f 1280/1280 1279/1279 1262/1262
f 1269/1269 1263/1263 1262/1262
f 1262/1262 1273/1273 1274/1274
f 1273/1273 1259/1259 1271/1271
f 1/1 3/3 1281/1281
f 12/12 14/14 6/6
f 8/8 14/14 16/16
f 36/36 38/38 33/33
f 37/37 42/42 38/38
f 40/40 43/43 42/42
f 44/44 38/38 42/42
f 45/45 42/42 43/43
f 48/48 50/50 52/52
f 57/57 59/59 65/65
f 66/66 68/68 1282/1282
f 69/69 71/71 68/68
f 70/70 1283/1283 71/71
f 72/72 74/74 1284/1284
f 86/86 88/88 92/92
f 91/91 92/92 1285/1285
f 88/88 87/87 94/94
f 82/82 95/95 96/96
f 107/107 111/111 108/108
f 110/110 94/94 111/111
f 112/112 114/114 1286/1286
f 115/115 117/117 1287/1287
f 137/137 135/135 140/140
f 138/138 140/140 135/135
f 139/139 144/144 140/140
f 142/142 145/145 144/144
f 146/146 140/140 144/144
f 147/147 144/144 145/145
f 150/150 152/152 156/156
f 153/153 155/155 1288/1288
f 154/154 156/156 155/155
f 157/157 159/159 1289/1289
f 160/160 162/162 163/163
f 163/163 158/158 157/157
f 167/167 169/169 164/164
f 175/175 174/174 173/173
f 167/167 164/164 172/172
f 174/174 176/176 177/177
f 178/178 177/177 176/176
f 178/178 176/176 175/175
f 192/192 194/194 1290/1290
f 195/195 197/197 1291/1291
f 205/205 209/209 210/210
f 209/209 215/215 211/211
f 214/214 209/209 216/216
f 209/209 204/204 213/213
f 217/217 211/211 215/215
f 214/214 221/221 217/217
f 219/219 224/224 220/220
f 225/225 219/219 221/221
f 234/234 236/236 1292/1292
f 235/235 232/232 238/238
f 249/249 265/265 247/247
f 255/255 247/247 265/265
f 267/267 269/269 1293/1293
f 271/271 274/274 280/280
f 275/275 277/277 278/278
f 278/278 279/279 284/284
f 280/280 276/276 275/275
f 282/282 284/284 279/279
f 285/285 282/282 287/287
f 286/286 287/287 294/294
f 288/288 290/290 293/293
f 288/288 294/294 289/289
f 297/297 300/300 306/306
f 301/301 303/303 304/304
f 304/304 305/305 310/310
f 306/306 302/302 301/301
f 308/308 310/310 305/305
f 311/311 308/308 312/312
f 311/311 313/313 320/320
f 314/314 316/316 319/319
f 320/320 315/315 314/314
f 378/378 384/384 395/395
f 401/401 403/403 1294/1294
f 408/408 428/428 409/409
f 429/429 431/431 433/433
f 432/432 433/433 442/442
f 434/434 430/430 429/429
f 436/436 429/429 432/432
f 439/439 1295/1295 433/433
f 441/441 433/433 1295/1295
f 444/444 442/442 445/445
f 434/434 448/448 435/435
f 434/434 436/436 451/451
f 462/462 464/464 466/466
f 465/465 466/466 475/475
f 467/467 463/463 462/462
f 469/469 462/462 465/465
f 472/472 1296/1296 466/466
f 474/474 466/466 1296/1296
f 467/467 480/480 468/468
f 467/467 469/469 483/483
f 469/469 465/465 477/477
f 486/486 488/488 1297/1297
f 493/493 494/494 495/495
f 496/496 501/501 493/493
f 493/493 502/502 504/504
f 505/505 507/507 501/501
f 508/508 506/506 509/509
f 507/507 514/514 503/503
f 509/509 511/511 508/508
f 508/508 515/515 514/514
f 511/511 516/516 515/515
f 519/519 521/521 1298/1298
f 522/522 520/520 519/519
f 527/527 525/525 524/524
f 525/525 523/523 522/522
f 534/534 535/535 537/537
f 534/534 543/543 545/545
f 546/546 548/548 542/542
f 549/549 547/547 550/550
f 548/548 555/555 544/544
f 550/550 552/552 549/549
f 549/549 556/556 555/555
f 552/552 557/557 556/556
f 560/560 562/562 1299/1299
f 586/586 575/575 588/588
f 612/612 614/614 616/616
f 615/615 616/616 623/623
f 617/617 613/613 612/612
f 619/619 612/612 615/615
f 620/620 621/621 1300/1300
f 621/621 613/613 631/631
f 622/622 628/628 616/616
f 616/616 624/624 623/623
f 623/623 629/629 615/615
f 618/618 631/631 613/613
f 632/632 1301/1301 630/630
f 633/633 617/617 1302/1302
f 615/615 634/634 619/619
f 636/636 1302/1302 617/617
f 638/638 640/640 1303/1303
f 641/641 639/639 638/638
f 643/643 645/645 650/650
f 646/646 648/648 649/649
f 649/649 644/644 643/643
f 650/650 642/642 641/641
f 651/651 653/653 657/657
f 654/654 652/652 651/651
f 656/656 657/657 665/665
f 658/658 651/651 656/656
f 659/659 657/657 653/653
f 652/652 667/667 662/662
f 663/663 665/665 657/657
f 666/666 652/652 655/655
f 655/655 671/671 669/669
f 656/656 673/673 676/676
f 677/677 654/654 658/658
f 681/681 684/684 691/691
f 685/685 687/687 688/688
f 688/688 690/690 685/685
f 686/686 684/684 687/687
f 693/693 695/695 697/697
f 696/696 697/697 701/701
f 700/700 701/701 702/702
f 694/694 689/689 695/695
f 705/705 708/708 715/715
f 709/709 711/711 712/712
f 712/712 714/714 709/709
f 710/710 708/708 711/711
f 717/717 719/719 721/721
f 720/720 721/721 725/725
f 724/724 725/725 726/726
f 718/718 713/713 719/719
f 797/797 800/800 806/806
f 801/801 803/803 1304/1304
f 803/803 805/805 1304/1304
f 806/806 802/802 801/801
f 808/808 810/810 812/812
f 811/811 812/812 816/816
f 815/815 816/816 817/817
f 809/809 804/804 810/810
f 820/820 823/823 829/829
f 824/824 826/826 1305/1305
f 826/826 828/828 1305/1305
f 829/829 825/825 824/824
f 831/831 833/833 835/835
f 834/834 835/835 839/839
f 838/838 839/839 840/840
f 832/832 827/827 833/833
f 857/857 862/862 858/858
f 862/862 863/863 861/861
f 864/864 857/857 855/855
f 865/865 862/862 864/864
f 883/883 888/888 884/884
f 888/888 889/889 887/887
f 890/890 883/883 881/881
f 891/891 888/888 890/890
f 909/909 914/914 910/910
f 914/914 915/915 913/913
f 916/916 909/909 907/907
f 917/917 914/914 916/916
f 935/935 940/940 936/936
f 940/940 941/941 939/939
f 942/942 935/935 933/933
f 943/943 940/940 942/942
f 946/946 948/948 1306/1306
f 949/949 951/951 1307/1307
f 953/953 956/956 962/962
f 957/957 959/959 960/960
f 960/960 961/961 966/966
f 962/962 958/958 957/957
f 964/964 966/966 961/961
f 967/967 964/964 969/969
f 968/968 969/969 975/975
f 970/970 972/972 976/976
f 971/971 975/975 972/972
f 981/981 982/982 988/988
f 983/983 985/985 986/986
f 986/986 987/987 992/992
f 981/981 984/984 983/983
f 990/990 992/992 987/987
f 993/993 990/990 994/994
f 993/993 995/995 1002/1002
f 996/996 998/998 1001/1001
f 1002/1002 997/997 996/996
f 1033/1033 1038/1038 1034/1034
f 1038/1038 1039/1039 1037/1037
f 1040/1040 1033/1033 1031/1031
f 1041/1041 1038/1038 1040/1040
f 1057/1057 1055/1055 1054/1054
f 1055/1055 1058/1058 1059/1059
f 1058/1058 1064/1064 1060/1060
f 1064/1064 1065/1065 1063/1063
f 1066/1066 1058/1058 1057/1057
f 1067/1067 1064/1064 1066/1066
f 1076/1076 1079/1079 1077/1077
f 1123/1123 1127/1127 1126/1126
f 1127/1127 1132/1132 1128/1128
f 1132/1132 1133/1133 1131/1131
f 1134/1134 1127/1127 1125/1125
f 1135/1135 1132/1132 1134/1134
f 1151/1151 1149/1149 1148/1148
f 1152/1152 1158/1158 1154/1154
f 1158/1158 1159/1159 1157/1157
f 1160/1160 1152/1152 1151/1151
f 1161/1161 1158/1158 1160/1160
f 1214/1214 1216/1216 1308/1308
f 1242/1242 1243/1243 1254/1254
f 1241/1241 1243/1243 1239/1239
f 1245/1245 1247/1247 1253/1253
f 1248/1248 1250/1250 1252/1252
f 1251/1251 1252/1252 1309/1309
f 1249/1249 1253/1253 1250/1250
f 1246/1246 1254/1254 1247/1247
f 1256/1256 1258/1258 1310/1310

