mtllib material.mtl
usemtl material_gripper_base_0
v 26.79791832 12.94999981 15.79791832
v 26.99237251 12.67500019 15.99237251
v 27.34943771 12.94999981 15.42940521
v 26.60346413 13.22500038 15.60346413
v 26.42940521 12.94999981 16.34943771
v 26.68347168 12.67500019 16.45467567
v 26.17533875 13.22500038 16.24419975
v 28.00000000 12.76666641 15.48333359
v 27.70235825 12.39999962 15.88918495
v 28.00000000 12.39999962 15.85000038
v 27.45467567 12.67500019 15.68347168
v 27.18682671 12.39999962 16.18682671
v 27.42499924 12.39999962 16.00407028
v 28.00000000 13.50000000 14.75000000
v 27.41765785 13.50000000 14.82666683
v 28.00000000 13.13333321 15.11666679
v 27.24419975 13.22500038 15.17533779
v 26.87500000 13.50000000 15.05144310
v 27.00407028 12.39999962 16.42499924
v 26.88918495 12.39999962 16.70235825
v 26.48333359 12.76666641 17.00000000
v 26.85000038 12.39999962 17.00000000
v 26.40900993 13.50000000 15.40900993
v 26.05144310 13.50000000 15.87500000
v 25.82666779 13.50000000 16.41765785
v 26.11666679 13.13333321 17.00000000
v 25.75000000 13.50000000 17.00000000
v -29.20208168 12.94999981 15.79791832
v -29.00762749 12.67500019 15.99237251
v -28.65056229 12.94999981 15.42940521
v -29.39653587 13.22500038 15.60346413
v -29.57059479 12.94999981 16.34943771
v -29.31652832 12.67500019 16.45467567
v -29.82466125 13.22500038 16.24419975
v -28.00000000 12.76666641 15.48333359
v -28.29764175 12.39999962 15.88918495
v -28.00000000 12.39999962 15.85000038
v -28.54532433 12.67500019 15.68347168
v -28.81317329 12.39999962 16.18682671
v -28.57500076 12.39999962 16.00407028
v -28.00000000 13.50000000 14.75000000
v -28.58234215 13.50000000 14.82666683
v -28.00000000 13.13333321 15.11666679
v -28.75580025 13.22500038 15.17533779
v -29.12500000 13.50000000 15.05144310
v -28.99592972 12.39999962 16.42499924
v -29.11081505 12.39999962 16.70235825
v -29.51666641 12.76666641 17.00000000
v -29.14999962 12.39999962 17.00000000
v -29.59099007 13.50000000 15.40900993
v -29.94855690 13.50000000 15.87500000
v -30.17333221 13.50000000 16.41765785
v -29.88333321 13.13333321 17.00000000
v -30.25000000 13.50000000 17.00000000
v -8.20208168 12.94999981 17.29791832
v -8.00762749 12.67500019 17.49237251
v -7.65056181 12.94999981 16.92940521
v -8.39653587 13.22500038 17.10346413
v -7.75579977 13.22500038 16.67533875
v -8.57059479 12.94999981 17.84943771
v -8.31652832 12.67500019 17.95467567
v -8.82466221 13.22500038 17.74419975
v -7.00000000 12.76666641 16.98333359
v -7.29764175 12.39999962 17.38918495
v -7.00000000 12.39999962 17.35000038
v -7.54532385 12.67500019 17.18347168
v -7.81317282 12.39999962 17.68682671
v -7.57499981 12.39999962 17.50407028
v -7.00000000 13.50000000 16.25000000
v -7.58234262 13.50000000 16.32666779
v -7.00000000 13.13333321 16.61666679
v -8.12500000 13.50000000 16.55144310
v -7.99592924 12.39999962 17.92499924
v -8.11081505 12.39999962 18.20235825
v -8.51666641 12.76666641 18.50000000
v -8.14999962 12.39999962 18.50000000
v -8.59099007 13.50000000 16.90900993
v -8.94855690 13.50000000 17.37500000
v -9.17333317 13.50000000 17.91765785
v -8.88333321 13.13333321 18.50000000
v -9.25000000 13.50000000 18.50000000
v 5.79791832 12.94999981 17.29791832
v 5.99237299 12.67500019 17.49237251
v 6.34943819 12.94999981 16.92940521
v 5.60346413 13.22500038 17.10346413
v 6.24420023 13.22500038 16.67533875
v 5.42940474 12.94999981 17.84943771
v 5.68347168 12.67500019 17.95467567
v 5.17533779 13.22500038 17.74419975
v 7.00000000 12.76666641 16.98333359
v 6.70235825 12.39999962 17.38918495
v 7.00000000 12.39999962 17.35000038
v 6.45467615 12.67500019 17.18347168
v 6.18682718 12.39999962 17.68682671
v 6.42500019 12.39999962 17.50407028
v 7.00000000 13.50000000 16.25000000
v 6.41765738 13.50000000 16.32666779
v 7.00000000 13.13333321 16.61666679
v 5.87500000 13.50000000 16.55144310
v 6.00407076 12.39999962 17.92499924
v 5.88918543 12.39999962 18.20235825
v 5.48333311 12.76666641 18.50000000
v 5.84999990 12.39999962 18.50000000
v 5.40900993 13.50000000 16.90900993
v 5.05144262 13.50000000 17.37500000
v 4.82666683 13.50000000 17.91765785
v 5.11666679 13.13333321 18.50000000
v 4.75000000 13.50000000 18.50000000
v 25.79791832 12.94999981 -23.20208168
v 25.99237251 12.67500019 -23.00762749
v 26.34943771 12.94999981 -23.57059479
v 25.60346413 13.22500038 -23.39653587
v 26.24419975 13.22500038 -23.82466125
v 25.42940521 12.94999981 -22.65056229
v 25.68347168 12.67500019 -22.54532433
v 25.17533875 13.22500038 -22.75580025
v 27.00000000 12.76666641 -23.51666641
v 26.70235825 12.39999962 -23.11081505
v 27.00000000 12.39999962 -23.14999962
v 26.45467567 12.67500019 -23.31652832
v 26.18682671 12.39999962 -22.81317329
v 26.42499924 12.39999962 -22.99592972
v 27.00000000 13.50000000 -24.25000000
v 26.41765785 13.50000000 -24.17333221
v 27.00000000 13.13333321 -23.88333321
v 25.87500000 13.50000000 -23.94855690
v 26.00407028 12.39999962 -22.57500076
v 25.88918495 12.39999962 -22.29764175
v 25.48333359 12.76666641 -22.00000000
v 25.85000038 12.39999962 -22.00000000
v 25.40900993 13.50000000 -23.59099007
v 25.05144310 13.50000000 -23.12500000
v 24.82666779 13.50000000 -22.58234215
v 25.11666679 13.13333321 -22.00000000
v 24.75000000 13.50000000 -22.00000000
v -28.20208168 12.94999981 -23.20208168
v -28.00762749 12.67500019 -23.00762749
v -27.65056229 12.94999981 -23.57059479
v -28.39653587 13.22500038 -23.39653587
v -27.75580025 13.22500038 -23.82466125
v -28.57059479 12.94999981 -22.65056229
v -28.31652832 12.67500019 -22.54532433
v -28.82466125 13.22500038 -22.75580025
v -27.00000000 12.76666641 -23.51666641
v -27.29764175 12.39999962 -23.11081505
v -27.00000000 12.39999962 -23.14999962
v -27.54532433 12.67500019 -23.31652832
v -27.81317329 12.39999962 -22.81317329
v -27.57500076 12.39999962 -22.99592972
v -27.00000000 13.50000000 -24.25000000
v -27.58234215 13.50000000 -24.17333221
v -27.00000000 13.13333321 -23.88333321
v -28.12500000 13.50000000 -23.94855690
v -27.99592972 12.39999962 -22.57500076
v -28.11081505 12.39999962 -22.29764175
v -28.51666641 12.76666641 -22.00000000
v -28.14999962 12.39999962 -22.00000000
v -28.59099007 13.50000000 -23.59099007
v -28.94855690 13.50000000 -23.12500000
v -29.17333221 13.50000000 -22.58234215
v -28.88333321 13.13333321 -22.00000000
v -29.25000000 13.50000000 -22.00000000
v -9.66023159 -1.00000000 21.75106239
v -27.00000000 2.50000000 21.75106239
v -27.00000000 -5.50000000 21.75106239
v 27.00000000 -5.50000000 21.75106239
v 9.66023159 -1.00000000 21.75106239
v -9.66023159 -0.50000000 21.75106239
v -9.66023159 -0.00000000 21.75106239
v -9.66023159 1.00000000 21.75106239
v -9.66023159 0.50000000 21.75106239
v -9.66023159 1.50000000 21.75106239
v -9.66023159 2.00000000 21.75106239
v 9.66023159 2.00000000 21.75106239
v 27.00000000 2.50000000 21.75106239
v 9.66023159 -0.50000000 21.75106239
v 9.66023159 0.00000000 21.75106239
v 9.66023159 1.00000000 21.75106239
v 9.66023159 0.50000000 21.75106239
v 9.66023159 1.50000000 21.75106239
v -9.35280132 2.00000000 21.93569756
v 9.35280132 2.00000000 21.93569756
v -9.66023159 2.00000000 21.75106239
v -9.00000000 2.00000000 22.00000000
v 9.00000000 2.00000000 22.00000000
v 9.66023159 2.00000000 21.75106239
v -9.36049461 0.50000000 21.93276215
v -9.52224064 0.50000000 21.85279846
v -9.52224064 -0.25000000 21.85279846
v -9.36049461 1.25000000 21.93276215
v -9.52224064 1.25000000 21.85279846
v -9.18335629 0.50000000 21.98304749
v -9.36049461 -0.25000000 21.93276215
v -9.18335629 1.25000000 21.98304749
v -9.66023159 -0.50000000 21.75106239
v -9.66023159 -1.00000000 21.75106239
v -9.66023159 -0.00000000 21.75106239
v -9.35280132 -1.00000000 21.93569756
v -9.66023159 1.50000000 21.75106239
v -9.66023159 1.00000000 21.75106239
v -9.66023159 2.00000000 21.75106239
v -9.35280132 2.00000000 21.93569756
v -9.00000000 -1.00000000 22.00000000
v -9.18335629 -0.25000000 21.98304749
v -9.00000000 -0.00000000 22.00000000
v -9.00000000 -0.50000000 22.00000000
v -9.00000000 2.00000000 22.00000000
v -9.00000000 0.50000000 22.00000000
v -9.00000000 1.00000000 22.00000000
v -9.00000000 1.50000000 22.00000000
v 9.00000000 2.00000000 22.00000000
v -9.00000000 2.00000000 22.00000000
v -9.00000000 1.50000000 22.00000000
v 9.00000000 1.50000000 22.00000000
v -9.00000000 1.00000000 22.00000000
v 9.00000000 0.50000000 22.00000000
v 9.00000000 1.00000000 22.00000000
v 9.00000000 0.00000000 22.00000000
v -9.00000000 -0.00000000 22.00000000
v -9.00000000 -0.50000000 22.00000000
v 9.00000000 -0.50000000 22.00000000
v -9.00000000 -1.00000000 22.00000000
v -9.00000000 0.50000000 22.00000000
v 9.36049461 0.50000000 21.93276215
v 9.52224064 0.50000000 21.85279846
v 9.52224064 1.25000000 21.85279846
v 9.36049461 -0.25000000 21.93276215
v 9.52224064 -0.25000000 21.85279846
v 9.18335629 0.50000000 21.98304749
v 9.36049461 1.25000000 21.93276215
v 9.18335629 -0.25000000 21.98304749
v 9.66023159 1.50000000 21.75106239
v 9.66023159 2.00000000 21.75106239
v 9.66023159 1.00000000 21.75106239
v 9.35280132 2.00000000 21.93569756
v 9.66023159 -0.50000000 21.75106239
v 9.66023159 0.00000000 21.75106239
v 9.66023159 -1.00000000 21.75106239
v 9.35280132 -1.00000000 21.93569756
v 9.00000000 2.00000000 22.00000000
v 9.18335629 1.25000000 21.98304749
v 9.00000000 1.00000000 22.00000000
v 9.00000000 1.50000000 22.00000000
v 9.00000000 -1.00000000 22.00000000
v 9.00000000 0.50000000 22.00000000
v 9.00000000 0.00000000 22.00000000
v 9.00000000 -0.50000000 22.00000000
v 9.00000000 -1.00000000 22.00000000
v -9.00000000 -1.00000000 22.00000000
v 9.35280132 -1.00000000 21.93569756
v -9.35280132 -1.00000000 21.93569756
v 9.66023159 -1.00000000 21.75106239
v -9.66023159 -1.00000000 21.75106239
v -9.06000042 -2.81999993 -29.08034515
v -9.02539253 -2.33612967 -28.79999924
v -9.06000042 -2.81999993 -28.79999924
v -9.03404903 -2.40216923 -29.37147141
v -9.06000042 -2.81999993 -29.36069107
v -8.75274849 -1.40758896 -28.79999924
v -8.92227650 -1.86210930 -28.79999924
v -8.84206200 -1.62296665 -29.39094734
v -8.95966721 -2.00165772 -29.38155746
v -8.68644238 -1.27059710 -29.39964104
v -8.52026176 -0.98182124 -28.79999924
v -8.22954845 -0.59347349 -28.79999924
v -8.28319454 -0.65724981 -29.41494370
v -7.88652658 -0.25045145 -28.79999924
v -8.04631233 -0.39830193 -29.42155075
v -7.07241106 0.27274880 -28.79999924
v -7.49817896 0.04026201 -28.79999924
v -7.25581694 0.18213171 -29.43720245
v -6.14387035 0.54539293 -28.79999924
v -6.61789083 0.44227612 -28.79999924
v -6.43244410 0.49109435 -29.44659233
v -6.98003006 0.31322730 -29.44102669
v -7.79289293 -0.17221457 -29.42746353
v -5.65999985 0.57999998 -28.79999924
v -5.90821743 0.57091343 -29.44937515
v -8.49831295 -0.94827574 -29.40764046
v -7.52802420 0.02081934 -29.43268013
v -6.70442438 0.41561088 -29.44415855
v -6.16637039 0.54207003 -29.44833183
v -5.65999985 0.57999998 -29.44972229
v -4.70210934 0.44227612 -28.79999924
v -5.17612934 0.54539293 -28.79999924
v -4.88759947 0.49110538 -29.44659424
v -4.24758911 0.27274880 -28.79999924
v -4.34003258 0.31325379 -29.44102859
v -3.43347359 -0.25045145 -28.79999924
v -3.82182121 0.04026201 -28.79999924
v -3.52716899 -0.17216474 -29.42746544
v -2.79973793 -0.98182124 -28.79999924
v -3.09045148 -0.59347349 -28.79999924
v -3.03685284 -0.65719247 -29.41494560
v -3.27374339 -0.39824709 -29.42155457
v -4.06424904 0.18216665 -29.43720436
v -2.39772391 -1.86210930 -28.79999924
v -2.56725121 -1.40758896 -28.79999924
v -2.47795510 -1.62292147 -29.39094925
v -2.29460716 -2.33612967 -28.79999924
v -2.36034155 -2.00162411 -29.38155746
v -2.28595352 -2.40215087 -29.37147331
v -2.25999999 -2.81999993 -29.08034515
v -2.25999999 -2.81999993 -28.79999924
v -2.25999999 -2.81999993 -29.36069107
v -2.63358521 -1.27054417 -29.39964294
v -4.61563253 0.41562918 -29.44415855
v -5.41178989 0.57091480 -29.44937515
v -5.15365410 0.54207528 -29.44833183
v -2.82172441 -0.94821882 -29.40764236
v -3.79204082 0.02086230 -29.43268204
v -4.21367693 -0.90475863 -28.79999924
v -3.82182121 0.04026201 -28.79999924
v -3.43347359 -0.25045145 -28.79999924
v -3.88637853 -1.20313048 -28.79999924
v -3.09045148 -0.59347349 -28.79999924
v -4.59022808 -0.67160809 -28.79999924
v -5.00320864 -0.51161844 -28.79999924
v -5.17612934 0.54539293 -28.79999924
v -4.70210934 0.44227612 -28.79999924
v -4.24758911 0.27274880 -28.79999924
v -5.43855572 -0.43023798 -28.79999924
v -2.56725121 -1.40758896 -28.79999924
v -3.61947894 -1.55656278 -28.79999924
v -2.79973793 -0.98182124 -28.79999924
v -2.39772391 -1.86210930 -28.79999924
v -2.29460716 -2.33612967 -28.79999924
v -3.30086446 -2.37900114 -28.79999924
v -3.42206669 -1.95301998 -28.79999924
v -2.25999999 -2.81999993 -28.79999924
v -3.25999999 -2.81999993 -28.79999924
v -2.29460716 -3.30387044 -28.79999924
v -5.88144398 -0.43023798 -28.79999924
v -6.14387035 0.54539293 -28.79999924
v -5.65999985 0.57999998 -28.79999924
v -6.31679106 -0.51161844 -28.79999924
v -6.61789083 0.44227612 -28.79999924
v -7.07241106 0.27274880 -28.79999924
v -7.49817896 0.04026201 -28.79999924
v -6.72977209 -0.67160809 -28.79999924
v -7.10632324 -0.90475863 -28.79999924
v -7.88652658 -0.25045145 -28.79999924
v -8.22954845 -0.59347349 -28.79999924
v -7.43362141 -1.20313048 -28.79999924
v -8.75274849 -1.40758896 -28.79999924
v -7.70052099 -1.55656278 -28.79999924
v -7.89793348 -1.95301998 -28.79999924
v -8.52026176 -0.98182124 -28.79999924
v -9.02539253 -2.33612967 -28.79999924
v -8.92227650 -1.86210930 -28.79999924
v -8.01913548 -2.37900114 -28.79999924
v -8.06000042 -2.81999993 -28.79999924
v -2.39772391 -3.77789068 -28.79999924
v -3.30086446 -3.26099873 -28.79999924
v -2.56725121 -4.23241091 -28.79999924
v -3.42206669 -3.68698001 -28.79999924
v -2.79973793 -4.65817881 -28.79999924
v -3.61947894 -4.08343697 -28.79999924
v -3.09045148 -5.04652643 -28.79999924
v -3.88637853 -4.43686962 -28.79999924
v -3.43347359 -5.38954878 -28.79999924
v -4.21367693 -4.73524141 -28.79999924
v -3.82182121 -5.68026209 -28.79999924
v -4.59022808 -4.96839190 -28.79999924
v -4.24758911 -5.91274881 -28.79999924
v -5.00320864 -5.12838173 -28.79999924
v -5.17612934 -6.18539286 -28.79999924
v -5.43855572 -5.20976210 -28.79999924
v -5.65999985 -6.21999979 -28.79999924
v -4.70210934 -6.08227634 -28.79999924
v -5.88144398 -5.20976210 -28.79999924
v -9.02539253 -3.30387044 -28.79999924
v -8.01913548 -3.26099873 -28.79999924
v -8.22954845 -5.04652643 -28.79999924
v -8.52026176 -4.65817881 -28.79999924
v -7.70052099 -4.08343697 -28.79999924
v -8.75274849 -4.23241091 -28.79999924
v -7.89793348 -3.68698001 -28.79999924
v -8.92227650 -3.77789068 -28.79999924
v -9.06000042 -2.81999993 -28.79999924
v -7.43362141 -4.43686962 -28.79999924
v -6.31679106 -5.12838173 -28.79999924
v -7.07241106 -5.91274881 -28.79999924
v -6.72977209 -4.96839190 -28.79999924
v -6.14387035 -6.18539286 -28.79999924
v -6.61789083 -6.08227634 -28.79999924
v -7.10632324 -4.73524141 -28.79999924
v -7.88652658 -5.38954878 -28.79999924
v -7.49817896 -5.68026209 -28.79999924
v -8.06000042 -2.81999993 -28.75106239
v -8.06000042 -2.81999993 -28.79999924
v -8.01913548 -2.37900114 -28.79999924
v -7.87731075 -1.90155971 -28.77553177
v -7.70052099 -1.55656278 -28.75106239
v -7.89793348 -1.95301998 -28.75106239
v -7.35705614 -1.12294376 -28.77553177
v -7.43362141 -1.20313048 -28.75106239
v -8.01913548 -2.37900114 -28.75106239
v -7.10632324 -0.90475863 -28.75106239
v -6.72977209 -0.67160809 -28.75106239
v -6.57844019 -0.60268915 -28.77553177
v -6.31679106 -0.51161844 -28.75106239
v -6.99336863 -0.82447290 -28.77553177
v -5.88144398 -0.43023798 -28.75106239
v -5.65999985 -0.41999999 -28.77553177
v -7.70052099 -1.55656278 -28.79999924
v -7.89793348 -1.95301998 -28.79999924
v -7.10632324 -0.90475863 -28.79999924
v -6.72977209 -0.67160809 -28.79999924
v -6.31679106 -0.51161844 -28.79999924
v -5.88144398 -0.43023798 -28.79999924
v -5.43855572 -0.43023798 -28.79999924
v -5.43855572 -0.43023798 -28.75106239
v -4.74155998 -0.60268915 -28.77553177
v -5.00320864 -0.51161844 -28.75106239
v -4.32663155 -0.82447290 -28.77553177
v -4.21367693 -0.90475863 -28.75106239
v -4.59022808 -0.67160809 -28.75106239
v -4.59022808 -0.67160809 -28.79999924
v -5.00320864 -0.51161844 -28.79999924
v -3.96294379 -1.12294376 -28.77553177
v -3.88637853 -1.20313048 -28.75106239
v -3.61947894 -1.55656278 -28.75106239
v -3.66447282 -1.48663139 -28.77553177
v -3.44268918 -1.90155971 -28.77553177
v -3.30086446 -2.37900114 -28.75106239
v -3.42206669 -1.95301998 -28.75106239
v -3.25999999 -2.81999993 -28.75106239
v -3.30086446 -2.37900114 -28.79999924
v -4.21367693 -0.90475863 -28.79999924
v -3.88637853 -1.20313048 -28.79999924
v -3.61947894 -1.55656278 -28.79999924
v -3.42206669 -1.95301998 -28.79999924
v -3.25999999 -2.81999993 -28.75106239
v -3.25999999 -2.81999993 -28.79999924
v -3.30086446 -3.26099873 -28.79999924
v -3.44268918 -3.73844028 -28.77553177
v -3.61947894 -4.08343697 -28.75106239
v -3.42206669 -3.68698001 -28.75106239
v -3.96294379 -4.51705647 -28.77553177
v -3.88637853 -4.43686962 -28.75106239
v -3.30086446 -3.26099873 -28.75106239
v -4.21367693 -4.73524141 -28.75106239
v -4.59022808 -4.96839190 -28.75106239
v -4.74155998 -5.03731108 -28.77553177
v -5.00320864 -5.12838173 -28.75106239
v -4.32663155 -4.81552696 -28.77553177
v -5.43855572 -5.20976210 -28.75106239
v -5.65999985 -5.21999979 -28.77553177
v -3.61947894 -4.08343697 -28.79999924
v -3.42206669 -3.68698001 -28.79999924
v -4.21367693 -4.73524141 -28.79999924
v -4.59022808 -4.96839190 -28.79999924
v -5.00320864 -5.12838173 -28.79999924
v -5.43855572 -5.20976210 -28.79999924
v -5.88144398 -5.20976210 -28.79999924
v -5.88144398 -5.20976210 -28.75106239
v -6.57844019 -5.03731108 -28.77553177
v -6.31679106 -5.12838173 -28.75106239
v -6.99336863 -4.81552696 -28.77553177
v -7.10632324 -4.73524141 -28.75106239
v -6.72977209 -4.96839190 -28.75106239
v -6.72977209 -4.96839190 -28.79999924
v -6.31679106 -5.12838173 -28.79999924
v -7.35705614 -4.51705647 -28.77553177
v -7.43362141 -4.43686962 -28.75106239
v -7.70052099 -4.08343697 -28.75106239
v -7.65552711 -4.15336847 -28.77553177
v -7.87731075 -3.73844028 -28.77553177
v -8.01913548 -3.26099873 -28.75106239
v -7.89793348 -3.68698001 -28.75106239
v -8.06000042 -2.81999993 -28.75106239
v -8.01913548 -3.26099873 -28.79999924
v -7.10632324 -4.73524141 -28.79999924
v -7.43362141 -4.43686962 -28.79999924
v -7.70052099 -4.08343697 -28.79999924
v -7.89793348 -3.68698001 -28.79999924
v -2.25999999 -2.81999993 -29.08034515
v -2.29460716 -3.30387044 -28.79999924
v -2.25999999 -2.81999993 -28.79999924
v -2.28595138 -3.23783088 -29.34991074
v -2.39772391 -3.77789068 -28.79999924
v -2.47793818 -4.01703358 -29.33043480
v -2.56725121 -4.23241091 -28.79999924
v -2.36033320 -3.63834238 -29.33982468
v -2.79973793 -4.65817881 -28.79999924
v -2.63355803 -4.36940289 -29.32173920
v -3.03680539 -4.98274994 -29.30643845
v -3.09045148 -5.04652643 -28.79999924
v -3.82182121 -5.68026209 -28.79999924
v -3.43347359 -5.38954878 -28.79999924
v -3.52710700 -5.46778536 -29.29391861
v -4.24758911 -5.91274881 -28.79999924
v -4.06418324 -5.82213163 -29.28417969
v -5.17612934 -6.18539286 -28.79999924
v -4.70210934 -6.08227634 -28.79999924
v -4.88755608 -6.13109446 -29.27478981
v -5.65999985 -6.21999979 -29.27165794
v -5.65999985 -6.21999979 -28.79999924
v -5.41178226 -6.21091366 -29.27200699
v -4.33996964 -5.95322752 -29.28035355
v -3.27368784 -5.24169827 -29.29982948
v -5.15362978 -6.18207026 -29.27305031
v -2.82168674 -4.69172430 -29.31374168
v -2.25999999 -2.81999993 -29.36069107
v -4.61557579 -6.05561066 -29.27722359
v -3.79197550 -5.66081953 -29.28870201
v -6.16634607 -6.18207502 -29.27305031
v -6.14387035 -6.18539286 -28.79999924
v -5.90821028 -6.21091461 -29.27200699
v -6.61789083 -6.08227634 -28.79999924
v -6.43240070 -6.13110542 -29.27478790
v -7.49817896 -5.68026209 -28.79999924
v -7.07241106 -5.91274881 -28.79999924
v -7.25575113 -5.82216644 -29.28417778
v -6.97996712 -5.95325375 -29.28035164
v -7.79283094 -5.46783543 -29.29391670
v -7.88652658 -5.38954878 -28.79999924
v -8.52026176 -4.65817881 -28.79999924
v -8.22954845 -5.04652643 -28.79999924
v -8.28314686 -4.98280764 -29.30643654
v -8.75274849 -4.23241091 -28.79999924
v -8.68641472 -4.36945581 -29.32173920
v -9.02539253 -3.30387044 -28.79999924
v -8.92227650 -3.77789068 -28.79999924
v -8.95965862 -3.63837576 -29.33982277
v -9.06000042 -2.81999993 -29.08034515
v -9.06000042 -2.81999993 -28.79999924
v -8.84204483 -4.01707840 -29.33043289
v -8.04625702 -5.24175310 -29.29982758
v -9.03404617 -3.23784924 -29.34990883
v -6.70436764 -6.05562925 -29.27722168
v -7.52795935 -5.66086245 -29.28869820
v -8.49827576 -4.69178104 -29.31373978
v -9.06000042 -2.81999993 -29.36069107
v 1.94518542 -2.81999993 -29.08034515
v 1.98299694 -2.29132676 -28.79999924
v 1.94518542 -2.81999993 -28.79999924
v 1.97353971 -2.36348128 -29.37247086
v 1.94518542 -2.81999993 -29.36069107
v 2.28088593 -1.27681029 -28.79999924
v 2.09566164 -1.77341580 -28.79999924
v 2.18330312 -1.51213026 -29.39374924
v 2.05480886 -1.92588532 -29.38348961
v 2.35333228 -1.12713408 -29.40324783
v 2.53489923 -0.81161964 -28.79999924
v 2.85253048 -0.38731384 -28.79999924
v 2.79391742 -0.45699537 -29.41996765
v 3.22731376 -0.01253051 -28.79999924
v 3.05273318 -0.17407085 -29.42718697
v 4.11681032 0.55911416 -28.79999924
v 3.65161967 0.30510083 -28.79999924
v 3.91642261 0.46010661 -29.44428635
v 5.13132668 0.85700309 -28.79999924
v 4.61341572 0.74433845 -28.79999924
v 4.81603336 0.79767686 -29.45454597
v 4.21774483 0.60334069 -29.44846535
v 3.32961726 0.07295052 -29.43364716
v 5.65999985 0.89481449 -28.79999924
v 5.38879919 0.88488662 -29.45758629
v 2.55888033 -0.77496809 -29.41198730
v 3.61901045 0.28385791 -29.43934631
v 4.51886988 0.71520418 -29.45188522
v 5.10674334 0.85337251 -29.45644569
v 5.65999985 0.89481449 -29.45796585
v 6.70658398 0.74433845 -28.79999924
v 6.18867302 0.85700309 -28.79999924
v 6.50391912 0.79768890 -29.45454788
v 7.20318985 0.55911416 -28.79999924
v 7.10218620 0.60336959 -29.44846725
v 8.09268570 -0.01253051 -28.79999924
v 7.66838026 0.30510083 -28.79999924
v 7.99031544 0.07300496 -29.43364906
v 8.78510094 -0.81161964 -28.79999924
v 8.46746922 -0.38731384 -28.79999924
v 8.52603149 -0.45693269 -29.41996956
v 8.26720619 -0.17401093 -29.42718887
v 7.40350580 0.46014479 -29.44428825
v 9.22433853 -1.77341580 -28.79999924
v 9.03911400 -1.27681029 -28.79999924
v 9.13667870 -1.51208091 -29.39374924
v 9.33700275 -2.29132676 -28.79999924
v 9.26518250 -1.92584872 -29.38348961
v 9.34645748 -2.36346102 -29.37247086
v 9.37481499 -2.81999993 -29.08034515
v 9.37481499 -2.81999993 -28.79999924
v 9.37481499 -2.81999993 -29.36069107
v 8.96663857 -1.12707615 -29.40324974
v 6.80106831 0.71522421 -29.45188713
v 5.93119240 0.88488811 -29.45758629
v 6.21322966 0.85337824 -29.45644760
v 8.76107883 -0.77490586 -29.41198921
v 7.70091820 0.28390485 -29.43934822
v 7.66838026 0.30510083 -28.79999924
v 7.10632324 -0.90475863 -28.79999924
v 6.72977209 -0.67160809 -28.79999924
v 8.09268570 -0.01253051 -28.79999924
v 7.43362141 -1.20313048 -28.79999924
v 8.46746922 -0.38731384 -28.79999924
v 6.31679106 -0.51161844 -28.79999924
v 6.18867302 0.85700309 -28.79999924
v 6.70658398 0.74433845 -28.79999924
v 7.20318985 0.55911416 -28.79999924
v 5.88144398 -0.43023798 -28.79999924
v 7.70052099 -1.55656278 -28.79999924
v 8.78510094 -0.81161964 -28.79999924
v 9.22433853 -1.77341580 -28.79999924
v 7.89793348 -1.95301998 -28.79999924
v 9.03911400 -1.27681029 -28.79999924
v 8.06000042 -2.81999993 -28.79999924
v 9.33700275 -2.29132676 -28.79999924
v 9.37481499 -2.81999993 -28.79999924
v 9.33700275 -3.34867334 -28.79999924
v 8.01913548 -2.37900114 -28.79999924
v 5.43855572 -0.43023798 -28.79999924
v 5.13132668 0.85700309 -28.79999924
v 5.65999985 0.89481449 -28.79999924
v 5.00320864 -0.51161844 -28.79999924
v 4.61341572 0.74433845 -28.79999924
v 4.11681032 0.55911416 -28.79999924
v 3.22731376 -0.01253051 -28.79999924
v 3.65161967 0.30510083 -28.79999924
v 4.21367693 -0.90475863 -28.79999924
v 4.59022808 -0.67160809 -28.79999924
v 3.88637853 -1.20313048 -28.79999924
v 2.85253048 -0.38731384 -28.79999924
v 2.28088593 -1.27681029 -28.79999924
v 3.61947894 -1.55656278 -28.79999924
v 3.42206669 -1.95301998 -28.79999924
v 2.53489923 -0.81161964 -28.79999924
v 1.98299694 -2.29132676 -28.79999924
v 2.09566164 -1.77341580 -28.79999924
v 3.30086446 -2.37900114 -28.79999924
v 3.25999999 -2.81999993 -28.79999924
v 9.22433853 -3.86658430 -28.79999924
v 8.01913548 -3.26099873 -28.79999924
v 9.03911400 -4.36318970 -28.79999924
v 7.89793348 -3.68698001 -28.79999924
v 8.78510094 -4.82838058 -28.79999924
v 7.70052099 -4.08343697 -28.79999924
v 8.46746922 -5.25268602 -28.79999924
v 7.43362141 -4.43686962 -28.79999924
v 8.09268570 -5.62746954 -28.79999924
v 7.10632324 -4.73524141 -28.79999924
v 7.66838026 -5.94510078 -28.79999924
v 6.72977209 -4.96839190 -28.79999924
v 7.20318985 -6.19911432 -28.79999924
v 6.31679106 -5.12838173 -28.79999924
v 6.18867302 -6.49700308 -28.79999924
v 5.88144398 -5.20976210 -28.79999924
v 5.65999985 -6.53481436 -28.79999924
v 6.70658398 -6.38433838 -28.79999924
v 5.43855572 -5.20976210 -28.79999924
v 2.09566164 -3.86658430 -28.79999924
v 3.30086446 -3.26099873 -28.79999924
v 3.42206669 -3.68698001 -28.79999924
v 3.88637853 -4.43686962 -28.79999924
v 2.85253048 -5.25268602 -28.79999924
v 3.61947894 -4.08343697 -28.79999924
v 2.53489923 -4.82838058 -28.79999924
v 2.28088593 -4.36318970 -28.79999924
v 1.94518542 -2.81999993 -28.79999924
v 1.98299694 -3.34867334 -28.79999924
v 3.22731376 -5.62746954 -28.79999924
v 4.21367693 -4.73524141 -28.79999924
v 5.00320864 -5.12838173 -28.79999924
v 4.11681032 -6.19911432 -28.79999924
v 4.59022808 -4.96839190 -28.79999924
v 5.13132668 -6.49700308 -28.79999924
v 4.61341572 -6.38433838 -28.79999924
v 3.65161967 -5.94510078 -28.79999924
v 8.06000042 -2.81999993 -28.75106239
v 8.06000042 -2.81999993 -28.79999924
v 8.01913548 -3.26099873 -28.79999924
v 7.87731075 -3.73844028 -28.77553177
v 7.70052099 -4.08343697 -28.75106239
v 7.89793348 -3.68698001 -28.75106239
v 7.35705614 -4.51705647 -28.77553177
v 7.43362141 -4.43686962 -28.75106239
v 8.01913548 -3.26099873 -28.75106239
v 7.10632324 -4.73524141 -28.75106239
v 6.72977209 -4.96839190 -28.75106239
v 6.57844019 -5.03731108 -28.77553177
v 6.31679106 -5.12838173 -28.75106239
v 6.99336863 -4.81552696 -28.77553177
v 5.88144398 -5.20976210 -28.75106239
v 5.65999985 -5.21999979 -28.77553177
v 7.70052099 -4.08343697 -28.79999924
v 7.89793348 -3.68698001 -28.79999924
v 7.10632324 -4.73524141 -28.79999924
v 6.72977209 -4.96839190 -28.79999924
v 6.31679106 -5.12838173 -28.79999924
v 5.88144398 -5.20976210 -28.79999924
v 5.43855572 -5.20976210 -28.79999924
v 5.43855572 -5.20976210 -28.75106239
v 4.74155998 -5.03731108 -28.77553177
v 5.00320864 -5.12838173 -28.75106239
v 4.32663155 -4.81552696 -28.77553177
v 4.21367693 -4.73524141 -28.75106239
v 4.59022808 -4.96839190 -28.75106239
v 4.59022808 -4.96839190 -28.79999924
v 5.00320864 -5.12838173 -28.79999924
v 3.96294379 -4.51705647 -28.77553177
v 3.88637853 -4.43686962 -28.75106239
v 3.61947894 -4.08343697 -28.75106239
v 3.66447282 -4.15336847 -28.77553177
v 3.44268918 -3.73844028 -28.77553177
v 3.30086446 -3.26099873 -28.75106239
v 3.42206669 -3.68698001 -28.75106239
v 3.25999999 -2.81999993 -28.75106239
v 3.30086446 -3.26099873 -28.79999924
v 4.21367693 -4.73524141 -28.79999924
v 3.88637853 -4.43686962 -28.79999924
v 3.61947894 -4.08343697 -28.79999924
v 3.42206669 -3.68698001 -28.79999924
v 3.30086446 -2.37900114 -28.75106239
v 3.25999999 -2.81999993 -28.75106239
v 3.25999999 -2.81999993 -28.79999924
v 3.44268918 -1.90155971 -28.77553177
v 3.61947894 -1.55656278 -28.75106239
v 3.42206669 -1.95301998 -28.75106239
v 3.96294379 -1.12294376 -28.77553177
v 3.88637853 -1.20313048 -28.75106239
v 3.30086446 -2.37900114 -28.79999924
v 4.21367693 -0.90475863 -28.75106239
v 4.59022808 -0.67160809 -28.75106239
v 4.74155998 -0.60268915 -28.77553177
v 5.00320864 -0.51161844 -28.75106239
v 4.32663155 -0.82447290 -28.77553177
v 5.43855572 -0.43023798 -28.75106239
v 5.65999985 -0.41999999 -28.77553177
v 3.61947894 -1.55656278 -28.79999924
v 3.42206669 -1.95301998 -28.79999924
v 4.21367693 -0.90475863 -28.79999924
v 4.59022808 -0.67160809 -28.79999924
v 5.00320864 -0.51161844 -28.79999924
v 5.43855572 -0.43023798 -28.79999924
v 5.88144398 -0.43023798 -28.79999924
v 5.88144398 -0.43023798 -28.75106239
v 6.57844019 -0.60268915 -28.77553177
v 6.31679106 -0.51161844 -28.75106239
v 6.99336863 -0.82447290 -28.77553177
v 7.10632324 -0.90475863 -28.75106239
v 6.72977209 -0.67160809 -28.75106239
v 6.72977209 -0.67160809 -28.79999924
v 6.31679106 -0.51161844 -28.79999924
v 7.35705614 -1.12294376 -28.77553177
v 7.43362141 -1.20313048 -28.75106239
v 7.70052099 -1.55656278 -28.75106239
v 7.65552711 -1.48663139 -28.77553177
v 7.87731075 -1.90155971 -28.77553177
v 8.01913548 -2.37900114 -28.75106239
v 7.89793348 -1.95301998 -28.75106239
v 8.06000042 -2.81999993 -28.75106239
v 8.01913548 -2.37900114 -28.79999924
v 7.10632324 -0.90475863 -28.79999924
v 7.43362141 -1.20313048 -28.79999924
v 7.70052099 -1.55656278 -28.79999924
v 7.89793348 -1.95301998 -28.79999924
v 9.37481499 -2.81999993 -29.08034515
v 9.33700275 -3.34867334 -28.79999924
v 9.37481499 -2.81999993 -28.79999924
v 9.34646034 -3.27651882 -29.34891129
v 9.22433853 -3.86658430 -28.79999924
v 9.13669682 -4.12786961 -29.32763290
v 9.03911400 -4.36318970 -28.79999924
v 9.26519108 -3.71411467 -29.33789253
v 8.78510094 -4.82838058 -28.79999924
v 8.96666813 -4.51286602 -29.31813431
v 8.52608299 -5.18300486 -29.30141449
v 8.46746922 -5.25268602 -28.79999924
v 7.66838026 -5.94510078 -28.79999924
v 8.09268570 -5.62746954 -28.79999924
v 7.99038267 -5.71295071 -29.28773499
v 7.20318985 -6.19911432 -28.79999924
v 7.40357733 -6.10010672 -29.27709579
v 6.18867302 -6.49700308 -28.79999924
v 6.70658398 -6.38433838 -28.79999924
v 6.50396681 -6.43767691 -29.26683617
v 5.65999985 -6.53481436 -29.26341438
v 5.65999985 -6.53481436 -28.79999924
v 5.93120050 -6.52488661 -29.26379585
v 7.10225487 -6.24334049 -29.27291489
v 8.26726723 -5.46592903 -29.29419518
v 6.21325636 -6.49337244 -29.26493454
v 8.76111984 -4.86503172 -29.30939484
v 9.37481499 -2.81999993 -29.36069107
v 6.80113029 -6.35520411 -29.26949501
v 7.70098925 -5.92385769 -29.28203583
v 5.10677004 -6.49337816 -29.26493454
v 5.13132668 -6.49700308 -28.79999924
v 5.38880730 -6.52488804 -29.26379395
v 4.61341572 -6.38433838 -28.79999924
v 4.81608057 -6.43768883 -29.26683426
v 3.65161967 -5.94510078 -28.79999924
v 4.11681032 -6.19911432 -28.79999924
v 3.91649437 -6.10014486 -29.27709389
v 4.21781349 -6.24336958 -29.27291298
v 3.32968473 -5.71300507 -29.28773308
v 3.22731376 -5.62746954 -28.79999924
v 2.53489923 -4.82838058 -28.79999924
v 2.85253048 -5.25268602 -28.79999924
v 2.79396892 -5.18306732 -29.30141258
v 2.28088593 -4.36318970 -28.79999924
v 2.35336185 -4.51292372 -29.31813240
v 1.98299694 -3.34867334 -28.79999924
v 2.09566164 -3.86658430 -28.79999924
v 2.05481791 -3.71415138 -29.33789062
v 1.94518542 -2.81999993 -29.08034515
v 1.94518542 -2.81999993 -28.79999924
v 2.18332171 -4.12791920 -29.32763100
v 3.05279398 -5.46598911 -29.29419327
v 1.97354209 -3.27653885 -29.34891129
v 4.51893187 -6.35522413 -29.26949310
v 3.61908197 -5.92390490 -29.28203392
v 2.55892134 -4.86509418 -29.30939293
v 1.94518542 -2.81999993 -29.36069107
v -32.83392715 -3.84205890 17.50000000
v -32.75089264 -7.01308870 10.50000000
v -32.75089264 -7.01308870 17.50000000
v -32.75089264 -7.01308870 3.50000000
v -32.83392715 -3.84205890 -24.50000000
v -32.75089264 -7.01308870 -10.50000000
v -32.75089264 -7.01308870 -3.50000000
v -32.75089264 -7.01308870 -17.50000000
v -32.91696548 -0.67102951 17.50000000
v -32.91696548 -0.67102951 -24.50000000
v -33.00000000 2.50000000 17.50000000
v -33.00000000 2.50000000 -24.50000000
v -32.75089264 -7.01308870 -24.50000000
v -28.00000000 -3.84205890 -29.33392715
v -28.00000000 -7.01308870 -29.25089073
v -28.62011528 -7.01308870 -29.21024704
v -28.95115280 -2.25654435 -29.28176498
v -29.22962189 -7.01308870 -29.08900833
v -30.70865250 -2.25654435 -28.55378532
v -29.81808662 -7.01308870 -28.88925171
v -30.37544632 -7.01308870 -28.61439323
v -30.89215851 -7.01308870 -28.26913452
v -31.35938644 -7.01308870 -27.85938644
v -31.44746017 -2.25654435 -27.94746017
v -28.00000000 -0.67102951 -29.41696358
v -28.00000000 2.50000000 -29.50000000
v -29.29409599 2.50000000 -29.32962990
v -31.53553391 2.50000000 -28.03553391
v -30.50000000 2.50000000 -28.83012772
v -31.76913452 -7.01308870 -27.39215851
v -32.11439133 -7.01308870 -26.87544632
v -32.05378342 -2.25654435 -27.20865250
v -32.38925171 -7.01308870 -26.31808662
v -32.50432587 -2.25654435 -26.36575317
v -32.71024704 -7.01308870 -25.12011528
v -32.78176498 -2.25654435 -25.45115280
v -32.58900833 -7.01308870 -25.72962189
v -32.75089264 -7.01308870 -24.50000000
v -32.83392715 -3.84205890 -24.50000000
v -32.33012772 2.50000000 -27.00000000
v -32.82962799 2.50000000 -25.79409599
v -32.91696548 -0.67102951 -24.50000000
v -33.00000000 2.50000000 -24.50000000
v 6.50391912 0.79768890 -29.45454788
v 28.00000000 2.50000000 -29.50000000
v 6.80106831 0.71522421 -29.45188713
v 7.10218620 0.60336959 -29.44846725
v 6.21322966 0.85337824 -29.45644760
v 5.93119240 0.88488811 -29.45758629
v 7.70091820 0.28390485 -29.43934822
v 28.00000000 -0.67102951 -29.41696358
v 7.99031544 0.07300496 -29.43364906
v 7.40350580 0.46014479 -29.44428825
v 5.65999985 0.89481449 -29.45796585
v -5.41178989 0.57091480 -29.44937515
v 5.38879919 0.88488662 -29.45758629
v 5.10674334 0.85337251 -29.45644569
v -28.00000000 2.50000000 -29.50000000
v -5.15365410 0.54207528 -29.44833183
v 4.81603336 0.79767686 -29.45454597
v 4.51886988 0.71520418 -29.45188522
v -4.34003258 0.31325379 -29.44102859
v 3.91642261 0.46010661 -29.44428635
v 3.61901045 0.28385791 -29.43934631
v -4.61563253 0.41562918 -29.44415855
v 4.21774483 0.60334069 -29.44846535
v -4.88759947 0.49110538 -29.44659424
v 8.52603149 -0.45693269 -29.41996956
v 8.76107883 -0.77490586 -29.41198921
v 8.96663857 -1.12707615 -29.40324974
v 8.26720619 -0.17401093 -29.42718887
v 9.34645748 -2.36346102 -29.37247086
v 28.00000000 -3.84205890 -29.33392715
v 9.37481499 -2.81999993 -29.36069107
v 9.13667870 -1.51208091 -29.39374924
v 9.26518250 -1.92584872 -29.38348961
v -3.79204082 0.02086230 -29.43268204
v 3.32961726 0.07295052 -29.43364716
v 3.05273318 -0.17407085 -29.42718697
v -3.03685284 -0.65719247 -29.41494560
v 2.79391742 -0.45699537 -29.41996765
v 2.55888033 -0.77496809 -29.41198730
v -3.27374339 -0.39824709 -29.42155457
v -2.63358521 -1.27054417 -29.39964294
v 2.35333228 -1.12713408 -29.40324783
v 2.18330312 -1.51213026 -29.39374924
v -2.28595352 -2.40215087 -29.37147331
v 1.97353971 -2.36348128 -29.37247086
v 1.94518542 -2.81999993 -29.36069107
v -2.36034155 -2.00162411 -29.38155746
v 2.05480886 -1.92588532 -29.38348961
v -2.47795510 -1.62292147 -29.39094925
v -2.82172441 -0.94821882 -29.40764236
v -4.06424904 0.18216665 -29.43720436
v -3.52716899 -0.17216474 -29.42746544
v -5.65999985 0.57999998 -29.44972229
v -5.90821743 0.57091343 -29.44937515
v -6.43244410 0.49109435 -29.44659233
v -6.16637039 0.54207003 -29.44833183
v -6.70442438 0.41561088 -29.44415855
v -28.00000000 -0.67102951 -29.41696358
v -7.25581694 0.18213171 -29.43720245
v -6.98003006 0.31322730 -29.44102669
v -7.52802420 0.02081934 -29.43268013
v -2.25999999 -2.81999993 -29.36069107
v -8.04631233 -0.39830193 -29.42155075
v -8.28319454 -0.65724981 -29.41494370
v -8.68644238 -1.27059710 -29.39964104
v -8.49831295 -0.94827574 -29.40764046
v -7.79289293 -0.17221457 -29.42746353
v -8.84206200 -1.62296665 -29.39094734
v -28.00000000 -3.84205890 -29.33392715
v -9.03404903 -2.40216923 -29.37147141
v -8.95966721 -2.00165772 -29.38155746
v -9.06000042 -2.81999993 -29.36069107
v -2.28595138 -3.23783088 -29.34991074
v 9.26519108 -3.71411467 -29.33789253
v 9.34646034 -3.27651882 -29.34891129
v 9.13669682 -4.12786961 -29.32763290
v 8.96666813 -4.51286602 -29.31813431
v 8.76111984 -4.86503172 -29.30939484
v 8.52608299 -5.18300486 -29.30141449
v 18.66666603 -7.01308870 -29.25089073
v 8.26726723 -5.46592903 -29.29419518
v 7.99038267 -5.71295071 -29.28773499
v -2.63355803 -4.36940289 -29.32173920
v 2.18332171 -4.12791920 -29.32763100
v 2.35336185 -4.51292372 -29.31813240
v -2.36033320 -3.63834238 -29.33982468
v 1.97354209 -3.27653885 -29.34891129
v 2.05481791 -3.71415138 -29.33789062
v -2.47793818 -4.01703358 -29.33043480
v -3.27368784 -5.24169827 -29.29982948
v 2.79396892 -5.18306732 -29.30141258
v 3.05279398 -5.46598911 -29.29419327
v -3.03680539 -4.98274994 -29.30643845
v 2.55892134 -4.86509418 -29.30939293
v 3.32968473 -5.71300507 -29.28773308
v -3.79197550 -5.66081953 -29.28870201
v -2.82168674 -4.69172430 -29.31374168
v 9.33333302 -7.01308870 -29.25089073
v 7.40357733 -6.10010672 -29.27709579
v 7.70098925 -5.92385769 -29.28203583
v 6.80113029 -6.35520411 -29.26949501
v 7.10225487 -6.24334049 -29.27291489
v 6.21325636 -6.49337244 -29.26493454
v 6.50396681 -6.43767691 -29.26683617
v 5.93120050 -6.52488661 -29.26379585
v 28.00000000 -7.01308870 -29.25089073
v 0.00000000 -7.01308870 -29.25089073
v 4.21781349 -6.24336958 -29.27291298
v 4.51893187 -6.35522413 -29.26949310
v -4.33996964 -5.95322752 -29.28035355
v 3.61908197 -5.92390490 -29.28203392
v 3.91649437 -6.10014486 -29.27709389
v 5.65999985 -6.53481436 -29.26341438
v 5.38880730 -6.52488804 -29.26379395
v 5.10677004 -6.49337816 -29.26493454
v 4.81608057 -6.43768883 -29.26683426
v -4.06418324 -5.82213163 -29.28417969
v -3.52710700 -5.46778536 -29.29391861
v -8.95965862 -3.63837576 -29.33982277
v -8.84204483 -4.01707840 -29.33043289
v -9.03404617 -3.23784924 -29.34990883
v -8.68641472 -4.36945581 -29.32173920
v -8.04625702 -5.24175310 -29.29982758
v -18.66666603 -7.01308870 -29.25089073
v -8.28314686 -4.98280764 -29.30643654
v -8.49827576 -4.69178104 -29.31373978
v -7.79283094 -5.46783543 -29.29391670
v -4.88755608 -6.13109446 -29.27478981
v -4.61557579 -6.05561066 -29.27722359
v -5.41178226 -6.21091366 -29.27200699
v -5.15362978 -6.18207026 -29.27305031
v -5.65999985 -6.21999979 -29.27165794
v -9.33333302 -7.01308870 -29.25089073
v -5.90821028 -6.21091461 -29.27200699
v -6.97996712 -5.95325375 -29.28035164
v -6.70436764 -6.05562925 -29.27722168
v -7.52795935 -5.66086245 -29.28869820
v -7.25575113 -5.82216644 -29.28417778
v -6.43240070 -6.13110542 -29.27478790
v -6.16634607 -6.18207502 -29.27305031
v -28.00000000 -7.01308870 -29.25089073
v 32.83392715 -3.84205890 -24.50000000
v 32.75089264 -7.01308870 -24.50000000
v 32.71024704 -7.01308870 -25.12011528
v 32.78176498 -2.25654435 -25.45115280
v 32.58900833 -7.01308870 -25.72962189
v 32.05378342 -2.25654435 -27.20865250
v 32.38925171 -7.01308870 -26.31808662
v 32.11439133 -7.01308870 -26.87544632
v 31.76913452 -7.01308870 -27.39215851
v 31.35938644 -7.01308870 -27.85938644
v 31.44746017 -2.25654435 -27.94746017
v 32.91696548 -0.67102951 -24.50000000
v 33.00000000 2.50000000 -24.50000000
v 32.82962799 2.50000000 -25.79409599
v 31.53553391 2.50000000 -28.03553391
v 32.33012772 2.50000000 -27.00000000
v 30.89215851 -7.01308870 -28.26913452
v 30.37544632 -7.01308870 -28.61439323
v 30.70865250 -2.25654435 -28.55378532
v 29.81808662 -7.01308870 -28.88925171
v 29.86575317 -2.25654435 -29.00432396
v 28.62011528 -7.01308870 -29.21024704
v 28.95115280 -2.25654435 -29.28176498
v 29.22962189 -7.01308870 -29.08900833
v 28.00000000 -7.01308870 -29.25089073
v 28.00000000 -3.84205890 -29.33392715
v 30.50000000 2.50000000 -28.83012772
v 29.29409599 2.50000000 -29.32962990
v 28.00000000 -0.67102951 -29.41696358
v 28.00000000 2.50000000 -29.50000000
v 32.83392715 -3.84205890 17.50000000
v 32.75089264 -7.01308870 17.50000000
v 32.75089264 -7.01308870 10.50000000
v 32.75089264 -7.01308870 3.50000000
v 32.75089264 -7.01308870 -3.50000000
v 32.91696548 -0.67102951 17.50000000
v 33.00000000 2.50000000 17.50000000
v 32.91696548 -0.67102951 -24.50000000
v 32.83392715 -3.84205890 -24.50000000
v 32.75089264 -7.01308870 -10.50000000
v 32.75089264 -7.01308870 -17.50000000
v 32.75089264 -7.01308870 -24.50000000
v 28.00000000 -3.84205890 22.33392715
v 28.00000000 -7.01308870 22.25089073
v 28.62011528 -7.01308870 22.21024704
v 28.95115280 -2.25654435 22.28176498
v 29.22962189 -7.01308870 22.08900833
v 30.70865250 -2.25654435 21.55378532
v 29.81808662 -7.01308870 21.88925171
v 30.37544632 -7.01308870 21.61439323
v 30.89215851 -7.01308870 21.26913452
v 31.35938644 -7.01308870 20.85938644
v 31.44746017 -2.25654435 20.94746017
v 28.00000000 -0.67102951 22.41696358
v 28.00000000 2.50000000 22.50000000
v 29.29409599 2.50000000 22.32962990
v 31.53553391 2.50000000 21.03553391
v 30.50000000 2.50000000 21.83012772
v 31.76913452 -7.01308870 20.39215851
v 32.11439133 -7.01308870 19.87544632
v 32.05378342 -2.25654435 20.20865250
v 32.38925171 -7.01308870 19.31808662
v 32.50432587 -2.25654435 19.36575317
v 32.71024704 -7.01308870 18.12011528
v 32.78176498 -2.25654435 18.45115280
v 32.58900833 -7.01308870 18.72962189
v 32.75089264 -7.01308870 17.50000000
v 32.83392715 -3.84205890 17.50000000
v 32.33012772 2.50000000 20.00000000
v 32.82962799 2.50000000 18.79409599
v 32.91696548 -0.67102951 17.50000000
v 33.00000000 2.50000000 17.50000000
v 27.00000000 2.50000000 22.50000000
v 28.00000000 -0.67102951 22.41696358
v 28.00000000 2.50000000 22.50000000
v 27.00000000 -5.50000000 22.29051208
v 18.66666603 -7.01308870 22.25089073
v 28.00000000 -7.01308870 22.25089073
v 28.00000000 -3.84205890 22.33392715
v 9.33333302 -7.01308870 22.25089073
v -28.00000000 -3.84205890 22.33392715
v -27.00000000 -5.50000000 22.29051208
v -28.00000000 -0.67102951 22.41696358
v -27.00000000 2.50000000 22.50000000
v -28.00000000 2.50000000 22.50000000
v -0.00000000 -7.01308870 22.25089073
v -28.00000000 -7.01308870 22.25089073
v -18.66666603 -7.01308870 22.25089073
v -9.33333302 -7.01308870 22.25089073
v -27.00000000 -5.50000000 21.75106239
v -27.00000000 2.50000000 21.75106239
v -27.00000000 -5.50000000 22.29051208
v -27.00000000 -5.50000000 21.75106239
v -27.00000000 -5.50000000 22.29051208
v 27.00000000 -5.50000000 22.29051208
v 27.00000000 -5.50000000 22.29051208
v 27.00000000 2.50000000 22.50000000
v 27.00000000 2.50000000 21.75106239
v -32.83392715 -3.84205890 17.50000000
v -32.75089264 -7.01308870 17.50000000
v -32.71024704 -7.01308870 18.12011528
v -32.78176498 -2.25654435 18.45115280
v -32.58900833 -7.01308870 18.72962189
v -32.05378342 -2.25654435 20.20865250
v -32.38925171 -7.01308870 19.31808662
v -32.11439133 -7.01308870 19.87544632
v -31.76913452 -7.01308870 20.39215851
v -31.35938644 -7.01308870 20.85938644
v -31.44746017 -2.25654435 20.94746017
v -32.91696548 -0.67102951 17.50000000
v -32.82962799 2.50000000 18.79409599
v -33.00000000 2.50000000 17.50000000
v -31.53553391 2.50000000 21.03553391
v -32.33012772 2.50000000 20.00000000
v -30.89215851 -7.01308870 21.26913452
v -30.37544632 -7.01308870 21.61439323
v -30.70865250 -2.25654435 21.55378532
v -29.81808662 -7.01308870 21.88925171
v -29.86575317 -2.25654435 22.00432396
v -28.62011528 -7.01308870 22.21024704
v -28.95115280 -2.25654435 22.28176498
v -29.22962189 -7.01308870 22.08900833
v -28.00000000 -7.01308870 22.25089073
v -28.00000000 -3.84205890 22.33392715
v -30.50000000 2.50000000 21.83012772
v -29.29409599 2.50000000 22.32962990
v -28.00000000 -0.67102951 22.41696358
v -28.00000000 2.50000000 22.50000000
v -29.63721085 -7.35355330 21.80372238
v -28.76613617 -7.35355330 22.04043198
v -28.78417015 -7.19134188 22.14730644
v -29.57953453 -7.46193981 21.65211105
v -28.73914719 -7.46193981 21.88048172
v -30.44536591 -7.35355330 21.40162468
v -29.67574883 -7.19134188 21.90502548
v -30.35922050 -7.46193981 21.26417732
v -31.15954781 -7.35355330 20.84958839
v -30.50292778 -7.19134188 21.49346352
v -31.04824448 -7.46193981 20.73158836
v -31.75230980 -7.35355330 20.16882896
v -31.23391914 -7.19134188 20.92843246
v -31.62012482 -7.46193981 20.07481194
v -32.20087433 -7.35355330 19.38550949
v -32.29975510 -7.19134188 19.42989159
v -32.05288696 -7.46193981 19.31908607
v -32.48799896 -7.35355330 18.52972984
v -32.59363937 -7.19134188 18.55396843
v -32.32989502 -7.46193981 18.49345398
v -32.60265350 -7.35355330 17.63437843
v -32.44051361 -7.46193981 17.62964439
v -28.62011528 -7.01308870 22.21024704
v -28.00000000 -7.01308870 22.25089073
v -29.22962189 -7.01308870 22.08900833
v -28.00000000 -7.25751925 22.17964554
v -29.81808662 -7.01308870 21.88925171
v -30.37544632 -7.01308870 21.61439323
v -30.89215851 -7.01308870 21.26913452
v -31.35938644 -7.01308870 20.85938644
v -28.00000000 -7.43517780 21.99727440
v -29.19766235 -7.50000000 21.57886505
v -28.00000000 -7.50000000 21.75106239
v -28.60499001 -7.50000000 21.70779228
v -29.76595497 -7.50000000 21.36690140
v -30.78385353 -7.50000000 20.71273804
v -31.21273804 -7.50000000 20.28385353
v -31.76913452 -7.01308870 20.39215851
v -32.11439133 -7.01308870 19.87544632
v -31.84063530 -7.19134188 20.23164940
v -32.38925171 -7.01308870 19.31808662
v -32.58900833 -7.01308870 18.72962189
v -32.74698639 -7.04526472 17.63859177
v -32.71024704 -7.01308870 18.12011528
v -32.75089264 -7.01308870 17.50000000
v -32.71099472 -7.19134188 17.63754082
v -32.67964554 -7.25751925 17.50000000
v -31.57622147 -7.50000000 19.79829788
v -32.07886505 -7.50000000 18.69766235
v -31.86690140 -7.50000000 19.26595497
v -32.49727249 -7.43517780 17.50000000
v -32.28145218 -7.49896097 17.62500000
v -32.20779419 -7.50000000 18.10499001
v -32.25106049 -7.50000000 17.50000000
v 0.00000000 -7.35815096 22.09995842
v 0.00000000 -7.46318197 21.93937683
v 14.00000000 -7.46318197 21.93937683
v -14.00000000 -7.35815096 22.09995842
v -14.00000000 -7.46318197 21.93937683
v 0.00000000 -7.20037460 22.20915604
v 14.00000000 -7.35815096 22.09995842
v -14.00000000 -7.20037460 22.20915604
v 28.00000000 -7.43517780 21.99727440
v 18.66666603 -7.50000000 21.75106239
v 28.00000000 -7.50000000 21.75106239
v 9.33333302 -7.50000000 21.75106239
v 28.00000000 -7.25751925 22.17964554
v -9.33333302 -7.50000000 21.75106239
v 0.00000000 -7.50000000 21.75106239
v -18.66666603 -7.50000000 21.75106239
v -28.00000000 -7.43517780 21.99727440
v -28.00000000 -7.50000000 21.75106239
v 28.00000000 -7.01308870 22.25089073
v 14.00000000 -7.20037460 22.20915604
v 9.33333302 -7.01308870 22.25089073
v 18.66666603 -7.01308870 22.25089073
v -28.00000000 -7.25751925 22.17964554
v -28.00000000 -7.01308870 22.25089073
v -9.33333302 -7.01308870 22.25089073
v -18.66666603 -7.01308870 22.25089073
v 32.30372238 -7.35355330 19.13721085
v 32.54043198 -7.35355330 18.26613617
v 32.64730835 -7.19134188 18.28417015
v 32.15211105 -7.46193981 19.07953453
v 32.38048172 -7.46193981 18.23914719
v 31.90162468 -7.35355330 19.94536591
v 32.40502548 -7.19134188 19.17574883
v 31.76417732 -7.46193981 19.85922050
v 31.34958839 -7.35355330 20.65954781
v 31.99346352 -7.19134188 20.00292778
v 31.23158836 -7.46193981 20.54824448
v 30.66882896 -7.35355330 21.25230980
v 31.42843246 -7.19134188 20.73391914
v 30.57481194 -7.46193981 21.12012482
v 29.88550949 -7.35355330 21.70087433
v 30.73164940 -7.19134188 21.34063530
v 29.81908607 -7.46193981 21.55288506
v 29.02972984 -7.35355330 21.98799896
v 29.92989159 -7.19134188 21.79975700
v 28.99345398 -7.46193981 21.82989693
v 28.13437843 -7.35355330 22.10265541
v 29.05396843 -7.19134188 22.09364128
v 28.12964439 -7.46193981 21.94051170
v 32.71024704 -7.01308870 18.12011528
v 32.75089264 -7.01308870 17.50000000
v 32.58900833 -7.01308870 18.72962189
v 32.67964554 -7.25751925 17.50000000
v 32.38925171 -7.01308870 19.31808662
v 32.11439133 -7.01308870 19.87544632
v 31.76913452 -7.01308870 20.39215851
v 31.35938644 -7.01308870 20.85938644
v 32.49727249 -7.43517780 17.50000000
v 32.07886505 -7.50000000 18.69766235
v 32.25106049 -7.50000000 17.50000000
v 32.20779419 -7.50000000 18.10499001
v 31.86690140 -7.50000000 19.26595497
v 31.21273804 -7.50000000 20.28385353
v 30.78385353 -7.50000000 20.71273804
v 30.89215851 -7.01308870 21.26913452
v 30.37544632 -7.01308870 21.61439323
v 29.81808662 -7.01308870 21.88925171
v 29.22962189 -7.01308870 22.08900833
v 28.13859177 -7.04526472 22.24698639
v 28.62011528 -7.01308870 22.21024704
v 28.00000000 -7.01308870 22.25089073
v 28.13754082 -7.19134188 22.21099472
v 28.00000000 -7.25751925 22.17964554
v 30.29829788 -7.50000000 21.07622147
v 29.19766235 -7.50000000 21.57886505
v 29.76595497 -7.50000000 21.36690140
v 28.00000000 -7.43517780 21.99727440
v 28.12500000 -7.49896097 21.78145218
v 28.60499001 -7.50000000 21.70779228
v 28.00000000 -7.50000000 21.75106239
v 32.59995651 -7.35815096 -3.50000000
v 32.43937683 -7.46318197 -3.50000000
v 32.43937683 -7.46318197 -14.00000000
v 32.59995651 -7.35815096 7.00000000
v 32.43937683 -7.46318197 7.00000000
v 32.70915604 -7.20037460 -3.50000000
v 32.59995651 -7.35815096 -14.00000000
v 32.70915604 -7.20037460 7.00000000
v 32.49727249 -7.43517780 -24.50000000
v 32.25106049 -7.50000000 -17.50000000
v 32.25106049 -7.50000000 -24.50000000
v 32.25106049 -7.50000000 -10.50000000
v 32.67964554 -7.25751925 -24.50000000
v 32.25106049 -7.50000000 3.50000000
v 32.25106049 -7.50000000 -3.50000000
v 32.25106049 -7.50000000 10.50000000
v 32.49727249 -7.43517780 17.50000000
v 32.25106049 -7.50000000 17.50000000
v 32.75089264 -7.01308870 -24.50000000
v 32.70915604 -7.20037460 -14.00000000
v 32.75089264 -7.01308870 -10.50000000
v 32.75089264 -7.01308870 -17.50000000
v 32.67964554 -7.25751925 17.50000000
v 32.75089264 -7.01308870 17.50000000
v 32.75089264 -7.01308870 3.50000000
v 32.75089264 -7.01308870 10.50000000
v 29.63721085 -7.35355330 -28.80372238
v 28.76613617 -7.35355330 -29.04043198
v 28.78417015 -7.19134188 -29.14730644
v 29.57953453 -7.46193981 -28.65211105
v 28.73914719 -7.46193981 -28.88048172
v 30.44536591 -7.35355330 -28.40162468
v 29.67574883 -7.19134188 -28.90502548
v 30.35922050 -7.46193981 -28.26417732
v 31.15954781 -7.35355330 -27.84958839
v 30.50292778 -7.19134188 -28.49346352
v 31.04824448 -7.46193981 -27.73158836
v 31.75230980 -7.35355330 -27.16882896
v 31.23391914 -7.19134188 -27.92843246
v 31.62012482 -7.46193981 -27.07481194
v 32.20087433 -7.35355330 -26.38550949
v 32.29975510 -7.19134188 -26.42989159
v 32.05288696 -7.46193981 -26.31908607
v 32.48799896 -7.35355330 -25.52972984
v 32.59363937 -7.19134188 -25.55396843
v 32.32989502 -7.46193981 -25.49345398
v 32.60265350 -7.35355330 -24.63437843
v 32.44051361 -7.46193981 -24.62964439
v 28.62011528 -7.01308870 -29.21024704
v 29.22962189 -7.01308870 -29.08900833
v 28.00000000 -7.01308870 -29.25089073
v 28.00000000 -7.25751925 -29.17964554
v 29.81808662 -7.01308870 -28.88925171
v 30.37544632 -7.01308870 -28.61439323
v 30.89215851 -7.01308870 -28.26913452
v 31.35938644 -7.01308870 -27.85938644
v 28.00000000 -7.43517780 -28.99727440
v 29.19766235 -7.50000000 -28.57886505
v 28.00000000 -7.50000000 -28.75106239
v 28.60499001 -7.50000000 -28.70779228
v 29.76595497 -7.50000000 -28.36690140
v 30.78385353 -7.50000000 -27.71273804
v 31.21273804 -7.50000000 -27.28385353
v 31.76913452 -7.01308870 -27.39215851
v 32.11439133 -7.01308870 -26.87544632
v 31.84063530 -7.19134188 -27.23164940
v 32.38925171 -7.01308870 -26.31808662
v 32.58900833 -7.01308870 -25.72962189
v 32.74698639 -7.04526472 -24.63859177
v 32.71024704 -7.01308870 -25.12011528
v 32.75089264 -7.01308870 -24.50000000
v 32.71099472 -7.19134188 -24.63754082
v 32.67964554 -7.25751925 -24.50000000
v 31.57622147 -7.50000000 -26.79829788
v 32.07886505 -7.50000000 -25.69766235
v 31.86690140 -7.50000000 -26.26595497
v 32.49727249 -7.43517780 -24.50000000
v 32.28145218 -7.49896097 -24.62500000
v 32.20779419 -7.50000000 -25.10499001
v 32.25106049 -7.50000000 -24.50000000
v 0.00000000 -7.35815096 -29.09995842
v 0.00000000 -7.46318197 -28.93937683
v -14.00000000 -7.46318197 -28.93937683
v 14.00000000 -7.35815096 -29.09995842
v 14.00000000 -7.46318197 -28.93937683
v 0.00000000 -7.20037460 -29.20915604
v -14.00000000 -7.35815096 -29.09995842
v 14.00000000 -7.20037460 -29.20915604
v -28.00000000 -7.43517780 -28.99727440
v -18.66666603 -7.50000000 -28.75106239
v -28.00000000 -7.50000000 -28.75106239
v -9.33333302 -7.50000000 -28.75106239
v -28.00000000 -7.25751925 -29.17964554
v 9.33333302 -7.50000000 -28.75106239
v 0.00000000 -7.50000000 -28.75106239
v 18.66666603 -7.50000000 -28.75106239
v 28.00000000 -7.43517780 -28.99727440
v 28.00000000 -7.50000000 -28.75106239
v -28.00000000 -7.01308870 -29.25089073
v -14.00000000 -7.20037460 -29.20915604
v -9.33333302 -7.01308870 -29.25089073
v -18.66666603 -7.01308870 -29.25089073
v 28.00000000 -7.25751925 -29.17964554
v 28.00000000 -7.01308870 -29.25089073
v 9.33333302 -7.01308870 -29.25089073
v 18.66666603 -7.01308870 -29.25089073
v -32.30372238 -7.35355330 -26.13721085
v -32.54043198 -7.35355330 -25.26613617
v -32.64730835 -7.19134188 -25.28417015
v -32.15211105 -7.46193981 -26.07953453
v -32.38048172 -7.46193981 -25.23914719
v -31.90162468 -7.35355330 -26.94536591
v -32.40502548 -7.19134188 -26.17574883
v -31.76417732 -7.46193981 -26.85922050
v -31.34958839 -7.35355330 -27.65954781
v -31.99346352 -7.19134188 -27.00292778
v -31.23158836 -7.46193981 -27.54824448
v -30.66882896 -7.35355330 -28.25230980
v -31.42843246 -7.19134188 -27.73391914
v -30.57481194 -7.46193981 -28.12012482
v -29.88550949 -7.35355330 -28.70087433
v -30.73164940 -7.19134188 -28.34063530
v -29.81908607 -7.46193981 -28.55288506
v -29.02972984 -7.35355330 -28.98799896
v -29.92989159 -7.19134188 -28.79975700
v -28.99345398 -7.46193981 -28.82989693
v -28.13437843 -7.35355330 -29.10265541
v -29.05396843 -7.19134188 -29.09364128
v -28.12964439 -7.46193981 -28.94051170
v -32.71024704 -7.01308870 -25.12011528
v -32.58900833 -7.01308870 -25.72962189
v -32.75089264 -7.01308870 -24.50000000
v -32.67964554 -7.25751925 -24.50000000
v -32.38925171 -7.01308870 -26.31808662
v -32.11439133 -7.01308870 -26.87544632
v -31.76913452 -7.01308870 -27.39215851
v -31.35938644 -7.01308870 -27.85938644
v -32.49727249 -7.43517780 -24.50000000
v -32.07886505 -7.50000000 -25.69766235
v -32.25106049 -7.50000000 -24.50000000
v -32.20779419 -7.50000000 -25.10499001
v -31.86690140 -7.50000000 -26.26595497
v -31.21273804 -7.50000000 -27.28385353
v -30.78385353 -7.50000000 -27.71273804
v -30.89215851 -7.01308870 -28.26913452
v -30.37544632 -7.01308870 -28.61439323
v -29.81808662 -7.01308870 -28.88925171
v -29.22962189 -7.01308870 -29.08900833
v -28.13859177 -7.04526472 -29.24698639
v -28.62011528 -7.01308870 -29.21024704
v -28.00000000 -7.01308870 -29.25089073
v -28.13754082 -7.19134188 -29.21099472
v -28.00000000 -7.25751925 -29.17964554
v -30.29829788 -7.50000000 -28.07622147
v -29.19766235 -7.50000000 -28.57886505
v -29.76595497 -7.50000000 -28.36690140
v -28.00000000 -7.43517780 -28.99727440
v -28.12500000 -7.49896097 -28.78145218
v -28.60499001 -7.50000000 -28.70779228
v -28.00000000 -7.50000000 -28.75106239
v -32.59995651 -7.35815096 -3.50000000
v -32.43937683 -7.46318197 -3.50000000
v -32.43937683 -7.46318197 7.00000000
v -32.59995651 -7.35815096 -14.00000000
v -32.43937683 -7.46318197 -14.00000000
v -32.70915604 -7.20037460 -3.50000000
v -32.59995651 -7.35815096 7.00000000
v -32.70915604 -7.20037460 -14.00000000
v -32.49727249 -7.43517780 17.50000000
v -32.25106049 -7.50000000 10.50000000
v -32.25106049 -7.50000000 17.50000000
v -32.25106049 -7.50000000 3.50000000
v -32.67964554 -7.25751925 17.50000000
v -32.25106049 -7.50000000 -10.50000000
v -32.25106049 -7.50000000 -3.50000000
v -32.25106049 -7.50000000 -17.50000000
v -32.49727249 -7.43517780 -24.50000000
v -32.25106049 -7.50000000 -24.50000000
v -32.75089264 -7.01308870 17.50000000
v -32.70915604 -7.20037460 7.00000000
v -32.75089264 -7.01308870 3.50000000
v -32.75089264 -7.01308870 10.50000000
v -32.67964554 -7.25751925 -24.50000000
v -32.75089264 -7.01308870 -24.50000000
v -32.75089264 -7.01308870 -10.50000000
v -32.75089264 -7.01308870 -17.50000000
v -4.21367693 -4.73524141 -28.75106239
v -3.42206669 -3.68698001 -28.75106239
v -3.61947894 -4.08343697 -28.75106239
v -3.30086446 -3.26099873 -28.75106239
v -3.25999999 -2.81999993 -28.75106239
v -3.88637853 -4.43686962 -28.75106239
v -4.59022808 -4.96839190 -28.75106239
v -5.00320864 -5.12838173 -28.75106239
v -5.43855572 -5.20976210 -28.75106239
v -5.00320864 -0.51161844 -28.75106239
v -6.31679106 -5.12838173 -28.75106239
v -3.42206669 -1.95301998 -28.75106239
v -3.30086446 -2.37900114 -28.75106239
v -4.21367693 -0.90475863 -28.75106239
v -3.61947894 -1.55656278 -28.75106239
v -3.88637853 -1.20313048 -28.75106239
v -4.59022808 -0.67160809 -28.75106239
v -5.43855572 -0.43023798 -28.75106239
v -6.31679106 -0.51161844 -28.75106239
v -5.88144398 -5.20976210 -28.75106239
v -8.01913548 -3.26099873 -28.75106239
v -6.72977209 -4.96839190 -28.75106239
v -7.10632324 -4.73524141 -28.75106239
v -7.89793348 -3.68698001 -28.75106239
v -7.43362141 -4.43686962 -28.75106239
v -7.70052099 -4.08343697 -28.75106239
v -7.70052099 -1.55656278 -28.75106239
v -7.10632324 -0.90475863 -28.75106239
v -6.72977209 -0.67160809 -28.75106239
v -5.88144398 -0.43023798 -28.75106239
v -7.89793348 -1.95301998 -28.75106239
v -8.06000042 -2.81999993 -28.75106239
v -8.01913548 -2.37900114 -28.75106239
v -7.43362141 -1.20313048 -28.75106239
v 7.89793348 -3.68698001 -28.75106239
v 7.70052099 -4.08343697 -28.75106239
v 7.43362141 -4.43686962 -28.75106239
v 8.01913548 -3.26099873 -28.75106239
v 5.00320864 -5.12838173 -28.75106239
v 6.72977209 -0.67160809 -28.75106239
v 6.72977209 -4.96839190 -28.75106239
v 6.31679106 -5.12838173 -28.75106239
v 5.88144398 -5.20976210 -28.75106239
v 7.10632324 -4.73524141 -28.75106239
v 7.70052099 -1.55656278 -28.75106239
v 8.01913548 -2.37900114 -28.75106239
v 7.89793348 -1.95301998 -28.75106239
v 8.06000042 -2.81999993 -28.75106239
v 7.10632324 -0.90475863 -28.75106239
v 7.43362141 -1.20313048 -28.75106239
v 6.31679106 -0.51161844 -28.75106239
v 5.88144398 -0.43023798 -28.75106239
v 3.61947894 -1.55656278 -28.75106239
v 4.59022808 -4.96839190 -28.75106239
v 4.21367693 -4.73524141 -28.75106239
v 3.61947894 -4.08343697 -28.75106239
v 3.42206669 -3.68698001 -28.75106239
v 3.30086446 -3.26099873 -28.75106239
v 3.88637853 -4.43686962 -28.75106239
v 4.59022808 -0.67160809 -28.75106239
v 4.21367693 -0.90475863 -28.75106239
v 5.00320864 -0.51161844 -28.75106239
v 5.43855572 -0.43023798 -28.75106239
v 3.30086446 -2.37900114 -28.75106239
v 3.88637853 -1.20313048 -28.75106239
v 3.42206669 -1.95301998 -28.75106239
v 3.25999999 -2.81999993 -28.75106239
v 5.43855572 -5.20976210 -28.75106239
v -30.29829788 -7.50000000 21.07622147
v -28.00000000 -7.50000000 21.75106239
v -29.76595497 -7.50000000 21.36690140
v -31.21273804 -7.50000000 20.28385353
v -30.78385353 -7.50000000 20.71273804
v -31.57622147 -7.50000000 19.79829788
v -29.19766235 -7.50000000 21.57886505
v -18.66666603 -7.50000000 21.75106239
v -32.25106049 -7.50000000 17.50000000
v -28.60499001 -7.50000000 21.70779228
v -8.92666817 -7.49999952 13.50619125
v -9.33333302 -7.50000000 21.75106239
v -31.86690140 -7.50000000 19.26595497
v -32.07886505 -7.50000000 18.69766235
v -32.20779419 -7.50000000 18.10499001
v -9.14245319 -7.50000000 13.31489849
v -9.06604576 -7.50000000 13.38914776
v -32.25106049 -7.50000000 10.50000000
v -8.99373055 -7.50000000 13.45258045
v -8.90118122 -7.49999952 13.52538872
v -8.87022686 -7.49999952 13.54788685
v -8.91459656 -7.49999952 13.51536083
v -8.79106426 -7.49999952 13.60148907
v -7.90862608 -7.49999428 13.90868855
v -7.88868952 -7.49999428 13.91055012
v -7.92951345 -7.49999475 13.90651989
v -7.91895103 -7.49999428 13.90764427
v -8.02377987 -7.49999571 13.89390469
v -7.71098280 -7.50000000 13.91829777
v -5.14065552 -7.50000000 13.91829777
v -7.85168743 -7.49999475 13.91347027
v -7.78925419 -7.49999619 13.91683006
v 0.00000000 -7.50000000 21.75106239
v -8.54324341 -7.50000095 13.73678970
v -8.52966213 -7.50000095 13.74292755
v -8.68729877 -7.50000000 13.66383171
v -8.55694389 -7.50000095 13.73047447
v -8.25902939 -7.50000095 13.84166908
v -8.14317513 -7.49999857 13.87115479
v -8.30878353 -7.50000143 13.82671547
v -8.45079422 -7.50000143 13.77623367
v -8.35320663 -7.50000143 13.81218243
v -8.50286388 -7.50000095 13.75468731
v -2.57032776 -7.50000000 13.91829777
v -9.63138866 -7.50000143 12.47594547
v -9.63035393 -7.50000143 12.47951508
v -9.66025066 -7.50000000 12.36380863
v -9.63238716 -7.50000143 12.47247791
v -9.66827583 -7.49999952 12.32673550
v -9.57895184 -7.50000048 12.63216114
v -9.56110001 -7.50000048 12.67711639
v -9.62334538 -7.50000143 12.50302982
v -9.61168861 -7.50000095 12.53992653
v -9.62817192 -7.50000143 12.48695374
v -9.71029758 -7.50000000 6.06365538
v -9.71029758 -7.50000000 11.91898346
v -9.70701122 -7.49999428 12.03479958
v -32.25106049 -7.50000000 3.50000000
v -9.71029758 -7.50000000 0.20832767
v -32.25106049 -7.50000000 -3.50000000
v -9.67232418 -7.49999905 12.30664253
v -9.67114449 -7.49999905 12.31260109
v -9.67334270 -7.49999905 12.30142307
v -9.69845963 -7.49999380 12.13720703
v -9.54400444 -7.50000000 12.71748638
v -9.32507133 -7.50000000 13.09892178
v -9.31212330 -7.50000000 13.11641693
v -9.33440685 -7.50000000 13.08606052
v -9.33133030 -7.50000000 13.09032249
v -9.33744812 -7.50000000 13.08182430
v -9.18176270 -7.50000000 13.27340889
v -9.22155476 -7.50000000 13.22885132
v -9.20161152 -7.50000000 13.25152111
v -9.28445435 -7.50000000 13.15254021
v -9.49455070 -7.49999952 12.82279682
v -9.47509003 -7.49999952 12.86030865
v -9.51319408 -7.49999952 12.78487492
v -9.50397491 -7.49999952 12.80388546
v -9.39704990 -7.50000000 12.99382401
v -9.36803722 -7.50000000 13.03793526
v -9.41453075 -7.50000000 12.96593952
v -9.42879486 -7.49999952 12.94239140
v -9.42393684 -7.49999952 12.95049572
v -9.43375206 -7.49999952 12.93403053
v 2.57032776 -7.50000000 13.91829777
v -0.00000000 -7.50000000 13.91829777
v 9.33333302 -7.50000000 21.75106239
v 5.14065552 -7.50000000 13.91829777
v 7.71098280 -7.50000000 13.91829777
v 7.82679939 -7.49999428 13.91501141
v 8.09864235 -7.49999905 13.88032341
v 8.09342289 -7.49999905 13.88134289
v 7.92920637 -7.49999380 13.90645885
v 8.10460186 -7.49999905 13.87914467
v 8.11873531 -7.49999952 13.87627602
v 8.26794624 -7.50000143 13.83938885
v 8.26447773 -7.50000143 13.84038734
v 8.15580940 -7.50000000 13.86825085
v 8.29502964 -7.50000143 13.83134556
v 8.27895355 -7.50000143 13.83617210
v 8.27151489 -7.50000143 13.83835411
v 8.46911621 -7.50000048 13.76909924
v 8.42416191 -7.50000048 13.78695107
v 8.33192635 -7.50000095 13.81968880
v 8.50948620 -7.50000000 13.75200462
v 28.00000000 -7.50000000 21.75106239
v 31.86690140 -7.50000000 19.26595497
v 31.57622147 -7.50000000 19.79829788
v 28.60499001 -7.50000000 21.70779228
v 29.19766235 -7.50000000 21.57886505
v 29.76595497 -7.50000000 21.36690140
v 18.66666603 -7.50000000 21.75106239
v 32.25106049 -7.50000000 17.50000000
v 30.29829788 -7.50000000 21.07622147
v 30.78385353 -7.50000000 20.71273804
v 31.21273804 -7.50000000 20.28385353
v 8.94454002 -7.50000000 13.49245358
v 8.59588623 -7.49999952 13.71197510
v 8.61479664 -7.49999952 13.70255089
v 8.72603035 -7.49999952 13.64175224
v 8.73439121 -7.49999952 13.63679504
v 8.65230846 -7.49999952 13.68309021
v 32.07886505 -7.50000000 18.69766235
v 32.20779419 -7.50000000 18.10499001
v 32.25106049 -7.50000000 10.50000000
v 8.74249554 -7.49999952 13.63193703
v 8.75794029 -7.50000000 13.62253094
v 8.57687473 -7.49999952 13.72119427
v 8.78582382 -7.50000000 13.60504913
v 8.82993507 -7.50000000 13.57603741
v 8.87806034 -7.50000000 13.54240608
v 8.88232231 -7.50000000 13.53932953
v 8.87382412 -7.50000000 13.54544830
v 8.89092159 -7.50000000 13.53307056
v 8.90841675 -7.50000000 13.52012348
v 9.02085114 -7.50000000 13.42955399
v 9.04352093 -7.50000000 13.40961075
v 9.06540871 -7.50000000 13.38976288
v 9.10689831 -7.50000000 13.35045338
v 9.24458027 -7.50000000 13.20172977
v 9.29819202 -7.49999952 13.13466835
v 9.18114853 -7.50000000 13.27404594
v 9.31738949 -7.49999952 13.10918140
v 9.33988667 -7.49999952 13.07822609
v 9.30736065 -7.49999952 13.12259674
v 9.45583248 -7.50000000 12.89529800
v 9.52247429 -7.50000095 12.76494312
v 9.39348888 -7.49999952 12.99906445
v 9.52878952 -7.50000095 12.75124359
v 9.53492737 -7.50000095 12.73766136
v 9.56823349 -7.50000143 12.65879440
v 9.60418224 -7.50000143 12.56120682
v 9.54668713 -7.50000095 12.71086407
v 9.61871529 -7.50000143 12.51678371
v 9.63366890 -7.50000095 12.46702957
v 9.68590450 -7.49999571 12.23177910
v 9.69852066 -7.49999475 12.13751316
v 9.66315460 -7.49999857 12.35117531
v 9.69964409 -7.49999428 12.12695122
v 9.70254993 -7.49999428 12.09668922
v 9.70547009 -7.49999475 12.05968761
v 9.70068836 -7.49999428 12.11662579
v 9.70882988 -7.49999619 11.99725437
v 9.71029758 -7.50000000 11.91898346
v 9.71029758 -7.50000000 6.06365538
v 32.25106049 -7.50000000 3.50000000
v 9.71029758 -7.50000000 0.20832767
v 32.25106049 -7.50000000 -3.50000000
v -9.71029758 -7.50000000 -11.50232792
v -9.71029758 -7.50000000 -5.64699984
v -32.25106049 -7.50000000 -10.50000000
v -9.71029758 -7.50000000 -17.35765457
v -32.25106049 -7.50000000 -17.50000000
v -18.66666603 -7.50000000 -28.75106239
v -9.71029758 -7.50000000 -23.21298218
v -9.70882988 -7.49999619 -23.29125404
v -9.70254993 -7.49999428 -23.39068985
v -9.70547009 -7.49999475 -23.35368729
v -9.70068836 -7.49999428 -23.41062546
v -9.69964409 -7.49999428 -23.42095184
v -9.69852066 -7.49999475 -23.43151283
v -9.66315460 -7.49999857 -23.64517593
v -9.68590450 -7.49999571 -23.52577972
v -9.63366890 -7.50000095 -23.76102829
v -9.61871529 -7.50000143 -23.81078339
v -9.60418224 -7.50000143 -23.85520744
v -9.56823349 -7.50000143 -23.95279503
v -9.54668713 -7.50000095 -24.00486374
v -9.53492737 -7.50000095 -24.03166199
v -9.52878952 -7.50000095 -24.04524422
v -9.52247429 -7.50000095 -24.05894279
v -9.45583248 -7.50000000 -24.18929863
v -9.39348888 -7.49999952 -24.29306412
v -9.33988667 -7.49999952 -24.37222672
v -9.31738949 -7.49999952 -24.40318108
v -9.30736065 -7.49999952 -24.41659737
v -9.29819202 -7.49999952 -24.42866898
v -9.33333302 -7.50000000 -28.75106239
v -9.24458027 -7.50000000 -24.49572945
v -9.18114853 -7.50000000 -24.56804657
v -9.10689831 -7.50000000 -24.64445305
v -9.06540871 -7.50000000 -24.68376350
v -9.04352093 -7.50000000 -24.70361137
v -9.02085114 -7.50000000 -24.72355461
v -8.94454002 -7.50000000 -24.78645325
v -8.90841675 -7.50000000 -24.81412315
v -8.89092159 -7.50000000 -24.82707024
v -8.88232231 -7.50000000 -24.83333015
v -8.87806034 -7.50000000 -24.83640671
v -8.87382412 -7.50000000 -24.83944893
v -8.82993507 -7.50000000 -24.87003708
v -32.25106049 -7.50000000 -24.50000000
v -8.78582382 -7.50000000 -24.89904976
v -8.75794029 -7.50000000 -24.91653061
v -8.74249554 -7.49999952 -24.92593765
v -8.73439121 -7.49999952 -24.93079567
v -32.20779419 -7.50000000 -25.10499001
v -28.00000000 -7.50000000 -28.75106239
v -8.72603035 -7.49999952 -24.93575287
v -8.65230846 -7.49999952 -24.97709084
v -8.61479664 -7.49999952 -24.99655151
v -8.59588623 -7.49999952 -25.00597572
v -32.07886505 -7.50000000 -25.69766235
v -31.57622147 -7.50000000 -26.79829788
v -31.86690140 -7.50000000 -26.26595497
v -30.78385353 -7.50000000 -27.71273804
v -31.21273804 -7.50000000 -27.28385353
v -30.29829788 -7.50000000 -28.07622147
v -29.19766235 -7.50000000 -28.57886505
v -29.76595497 -7.50000000 -28.36690140
v -28.60499001 -7.50000000 -28.70779228
v -8.57687473 -7.49999952 -25.01519394
v -8.50948620 -7.50000000 -25.04600334
v -8.42416191 -7.50000048 -25.08095169
v -8.46911621 -7.50000048 -25.06309891
v -8.33192635 -7.50000095 -25.11368942
v -8.27895355 -7.50000143 -25.13017273
v -8.29502964 -7.50000143 -25.12534523
v -8.26794624 -7.50000143 -25.13338852
v -8.27151489 -7.50000143 -25.13235283
v -8.26447773 -7.50000143 -25.13438797
v -8.11873531 -7.49999952 -25.17027664
v -8.15580940 -7.50000000 -25.16225052
v -8.09864235 -7.49999905 -25.17432404
v -8.10460186 -7.49999905 -25.17314529
v -8.09342289 -7.49999905 -25.17534256
v -7.82679939 -7.49999428 -25.20901108
v -7.92920637 -7.49999380 -25.20045853
v -7.71098280 -7.50000000 -25.21229744
v -5.14065552 -7.50000000 -25.21229744
v 0.00000000 -7.50000000 -28.75106239
v -2.57032776 -7.50000000 -25.21229744
v -0.00000000 -7.50000000 -25.21229744
v 9.56003475 -7.50000143 -23.97264481
v 18.66666603 -7.50000000 -28.75106239
v 9.59461880 -7.50000143 -23.88241005
v 9.52502251 -7.50000095 -24.05303192
v 9.54378128 -7.50000095 -24.01113129
v 9.55220604 -7.50000143 -23.99145317
v 9.62421989 -7.50000095 -23.79290390
v 9.62608242 -7.50000095 -23.78676796
v 9.61078262 -7.50000143 -23.83526421
v 9.61854553 -7.50000095 -23.81118584
v 9.62234306 -7.50000095 -23.79901886
v 9.30441093 -7.49999952 -24.42089272
v 9.33911705 -7.49999952 -24.37369919
v 9.00204945 -7.49999952 -24.73992157
v 9.33333302 -7.50000000 -28.75106239
v 9.12522793 -7.50000000 -24.62636185
v 9.23818779 -7.50000000 -24.50355530
v 9.42706013 -7.50000000 -24.23907661
v 9.45203686 -7.50000000 -24.19596481
v 9.47894669 -7.50000048 -24.14648819
v 9.35674191 -7.49999952 -24.34856796
v 9.36560535 -7.49999952 -24.33561134
v 9.37449455 -7.49999952 -24.32238770
v 32.25106049 -7.50000000 -10.50000000
v 9.71029758 -7.50000000 -5.64699984
v 9.71029758 -7.50000000 -11.50232792
v 9.71029758 -7.50000000 -23.21298218
v 9.70907497 -7.49999666 -23.28803062
v 9.71029758 -7.50000000 -17.35765457
v 32.25106049 -7.50000000 -17.50000000
v 32.25106049 -7.50000000 -24.50000000
v 9.70106220 -7.49999475 -23.40721893
v 9.66868973 -7.49999809 -23.61990547
v 9.67090416 -7.49999762 -23.60916901
v 9.64105511 -7.50000000 -23.73471451
v 9.65581799 -7.49999905 -23.67717552
v 9.66429996 -7.49999857 -23.64035416
v 9.69544315 -7.49999523 -23.45849609
v 9.69839096 -7.49999475 -23.43315125
v 9.69976234 -7.49999475 -23.42025948
v 9.67312431 -7.49999762 -23.59808922
v 9.68880272 -7.49999571 -23.50741005
v 8.91965008 -7.49999952 -24.80591011
v 8.10106659 -7.49999714 -25.17410088
v 8.22362995 -7.50000000 -25.14551353
v 8.07869720 -7.49999666 -25.17843628
v 8.08994389 -7.49999666 -25.17629051
v 8.09552097 -7.49999714 -25.17520142
v 8.28769302 -7.50000095 -25.12724113
v 8.29025173 -7.50000095 -25.12646484
v 8.26381683 -7.50000048 -25.13432121
v 8.27874088 -7.50000095 -25.12993240
v 8.28492165 -7.50000095 -25.12808037
v 7.71098280 -7.50000000 -25.21229744
v 5.14065552 -7.50000000 -25.21229744
v 2.57032776 -7.50000000 -25.21229744
v 7.78796148 -7.49999619 -25.21087074
v 7.84273863 -7.49999475 -25.20806885
v 7.90828943 -7.49999380 -25.20273018
v 8.00861549 -7.49999475 -25.19027901
v 8.05583191 -7.49999619 -25.18258858
v 7.87417459 -7.49999428 -25.20578003
v 7.89089870 -7.49999380 -25.20435715
v 8.47535896 -7.50000143 -25.06018257
v 8.62401962 -7.50000048 -24.99161148
v 8.43044949 -7.50000143 -25.07813072
v 8.45302010 -7.50000143 -25.06926537
v 8.46421814 -7.50000143 -25.06475067
v 28.00000000 -7.50000000 -28.75106239
v 32.20779419 -7.50000000 -25.10499001
v 32.07886505 -7.50000000 -25.69766235
v 8.71775818 -7.50000000 -24.94043541
v 8.82246780 -7.49999952 -24.87508965
v 8.38462162 -7.50000143 -25.09519386
v 28.60499001 -7.50000000 -28.70779228
v 29.19766235 -7.50000000 -28.57886505
v 31.86690140 -7.50000000 -26.26595497
v 29.76595497 -7.50000000 -28.36690140
v 31.57622147 -7.50000000 -26.79829788
v 31.21273804 -7.50000000 -27.28385353
v 30.78385353 -7.50000000 -27.71273804
v 30.29829788 -7.50000000 -28.07622147
v 9.29384708 -7.57052803 12.31001568
v 9.32708263 -7.57146406 12.11571693
v 9.51182747 -7.51728344 12.13819122
v 9.23698044 -7.56976652 12.49869537
v 9.47466564 -7.51682091 12.35466003
v 9.15736580 -7.56918573 12.67900085
v 9.41120148 -7.51644564 12.56485176
v 9.05617142 -7.56879616 12.84815025
v 9.32242203 -7.51616001 12.76570511
v 8.93499088 -7.56860113 13.00361633
v 9.20962906 -7.51596928 12.95413017
v 8.79559898 -7.56860113 13.14299870
v 8.91930008 -7.51587439 13.28260708
v 8.64460659 -7.56878853 13.26113701
v 8.75109482 -7.51596546 13.41424751
v 8.47097874 -7.56918573 13.36536598
v 8.55768013 -7.51615953 13.53042221
v 8.29071236 -7.56976557 13.44498253
v 8.35687160 -7.51644516 13.61920357
v 8.10201931 -7.57052898 13.50185204
v 8.14666462 -7.51682186 13.68267059
v 7.90772915 -7.57146454 13.53509521
v 7.93020487 -7.51728392 13.71984100
v 9.12279320 -7.66161871 12.26778126
v 9.15241623 -7.66300249 12.09446907
v 9.07209015 -7.66049099 12.43608189
v 9.00109291 -7.65963173 12.59691048
v 8.91084290 -7.65905380 12.74778461
v 8.80276394 -7.65876341 12.88645267
v 8.67843723 -7.65876389 13.01077080
v 8.54376030 -7.65904236 13.11613655
v 8.38889027 -7.65963125 13.20909309
v 8.22809696 -7.66049004 13.28009129
v 8.05978489 -7.66161919 13.33079720
v 7.88647985 -7.66300249 13.36042690
v 8.97145748 -7.78680420 12.23041630
v 8.99799633 -7.78858423 12.07568359
v 8.92612076 -7.78535271 12.38065243
v 8.86268902 -7.78424644 12.52420616
v 8.78209496 -7.78350163 12.65886974
v 8.68560410 -7.78312731 12.78263950
v 8.57462502 -7.78312778 12.89361000
v 8.45441818 -7.78348684 12.98767757
v 8.31618881 -7.78424597 13.07068920
v 8.17266655 -7.78535175 13.13412189
v 8.02241898 -7.78680468 13.17946148
v 7.86769342 -7.78858423 13.20600605
v 8.84743023 -7.94033146 12.19979382
v 8.87157059 -7.94243670 12.06030369
v 8.80639267 -7.93861437 12.33518791
v 8.74909592 -7.93730545 12.46453476
v 8.67638111 -7.93642426 12.58586311
v 8.58938503 -7.93598080 12.69738102
v 8.48936939 -7.93598080 12.79739094
v 8.38105965 -7.93640614 12.88220119
v 8.25651932 -7.93730545 12.95709610
v 8.12720108 -7.93861389 13.01439381
v 7.99179602 -7.94033194 13.05543423
v 7.85231256 -7.94243670 13.07957840
v 8.75704002 -8.11238575 12.17747593
v 8.77958298 -8.11472797 12.04911327
v 8.71901894 -8.11047459 12.30200958
v 8.66611481 -8.10901833 12.42094517
v 8.59910393 -8.10803699 12.53249454
v 8.51902390 -8.10754299 12.63503647
v 8.42702484 -8.10754299 12.72702980
v 8.32743359 -8.10801601 12.80509567
v 8.21293068 -8.10901833 12.87411594
v 8.09402084 -8.11047363 12.92702007
v 7.96947813 -8.11238575 12.96504307
v 7.84112167 -8.11472702 12.98759079
v 8.70240307 -8.29186058 12.16398525
v 8.72417259 -8.29434586 12.04237175
v 8.66605949 -8.28983212 12.28189945
v 8.61571312 -8.28828621 12.39446831
v 8.55210018 -8.28724384 12.50003338
v 8.47619724 -8.28671932 12.59708786
v 8.38907719 -8.28671932 12.68420315
v 8.29481411 -8.28722286 12.75819588
v 8.18645477 -8.28828621 12.82371330
v 8.07391071 -8.28983212 12.87405968
v 7.95598793 -8.29186058 12.91040611
v 7.83438015 -8.29434586 12.93217945
v 9.53951454 -7.51469135 11.91898346
v 9.71029758 -7.50000000 11.91898346
v 9.70882988 -7.49999619 11.99725437
v 9.70068836 -7.49999428 12.11662579
v 9.69964409 -7.49999428 12.12695122
v 9.70547009 -7.49999475 12.05968761
v 9.70254993 -7.49999428 12.09668922
v 9.69852066 -7.49999475 12.13751316
v 9.68590450 -7.49999571 12.23177910
v 9.66315460 -7.49999857 12.35117531
v 9.63366890 -7.50000095 12.46702957
v 9.61871529 -7.50000143 12.51678371
v 9.60418224 -7.50000143 12.56120682
v 9.56823349 -7.50000143 12.65879440
v 9.54668713 -7.50000095 12.71086407
v 9.53492737 -7.50000095 12.73766136
v 9.52878952 -7.50000095 12.75124359
v 9.45583248 -7.50000000 12.89529800
v 9.39348888 -7.49999952 12.99906445
v 9.33988667 -7.49999952 13.07822609
v 9.52247429 -7.50000095 12.76494312
v 9.31738949 -7.49999952 13.10918140
v 9.30736065 -7.49999952 13.12259674
v 9.29819202 -7.49999952 13.13466835
v 9.24458027 -7.50000000 13.20172977
v 9.07459831 -7.51587391 13.12731934
v 8.89092159 -7.50000000 13.53307056
v 8.90841675 -7.50000000 13.52012348
v 8.94454002 -7.50000000 13.49245358
v 9.18114853 -7.50000000 13.27404594
v 9.10689831 -7.50000000 13.35045338
v 9.02085114 -7.50000000 13.42955399
v 9.04352093 -7.50000000 13.40961075
v 9.06540871 -7.50000000 13.38976288
v 8.26447773 -7.50000143 13.84038734
v 8.26794624 -7.50000143 13.83938885
v 8.15580940 -7.50000000 13.86825085
v 8.27151489 -7.50000143 13.83835411
v 8.33192635 -7.50000095 13.81968880
v 8.29502964 -7.50000143 13.83134556
v 8.27895355 -7.50000143 13.83617210
v 8.11873531 -7.49999952 13.87627602
v 7.82679939 -7.49999428 13.91501141
v 7.71098280 -7.51469135 13.74751472
v 7.71098280 -7.50000000 13.91829777
v 7.92920637 -7.49999380 13.90645885
v 8.10460186 -7.49999905 13.87914467
v 8.09864235 -7.49999905 13.88032341
v 8.09342289 -7.49999905 13.88134289
v 8.42416191 -7.50000048 13.78695107
v 8.78582382 -7.50000000 13.60504913
v 8.75794029 -7.50000000 13.62253094
v 8.74249554 -7.49999952 13.63193703
v 8.73439121 -7.49999952 13.63679504
v 8.88232231 -7.50000000 13.53932953
v 8.87806034 -7.50000000 13.54240608
v 8.87382412 -7.50000000 13.54544830
v 8.82993507 -7.50000000 13.57603741
v 8.57687473 -7.49999952 13.72119427
v 8.50948620 -7.50000000 13.75200462
v 8.46911621 -7.50000048 13.76909924
v 8.59588623 -7.49999952 13.71197510
v 8.72603035 -7.49999952 13.64175224
v 8.65230846 -7.49999952 13.68309021
v 8.61479664 -7.49999952 13.70255089
v 9.37374973 -7.55833340 11.91898346
v 9.21787357 -7.62964439 11.91898346
v 9.07646656 -7.72652864 11.91898346
v 8.95368195 -7.84613943 11.91898346
v 8.77776337 -8.13891888 11.91898346
v 8.85313034 -7.98496246 11.91898346
v 8.68584824 -8.46877003 12.14058781
v 8.70434952 -8.47109318 12.03125763
v 8.72979736 -8.30348492 11.91898346
v 8.71063995 -8.47382450 11.91898346
v 8.65592670 -8.46684456 12.24578762
v 8.61537170 -8.46530724 12.34567261
v 8.50607872 -8.46339226 12.52562428
v 8.56507301 -8.46415424 12.43920135
v 8.43943119 -8.46303082 12.60425282
v 8.40357304 -8.46300507 12.64047623
v 7.71098280 -7.55833340 13.58174992
v 7.71098280 -7.62964439 13.42587376
v 7.71098280 -7.72652864 13.28446674
v 7.71098280 -7.84613943 13.16168308
v 7.71098280 -7.98496246 13.06113052
v 8.36620617 -8.46308517 12.67456627
v 8.38506985 -8.46303177 12.65779018
v 8.22784901 -8.46409416 12.77465820
v 8.06965542 -8.46622467 12.85171795
v 7.71098280 -8.30348396 12.93779659
v 7.71098280 -8.13891792 12.98576355
v 7.89593172 -8.46946907 12.90122032
v 7.80459166 -8.47150803 12.91422272
v 7.71098280 -8.47382355 12.91864014
v 9.01250648 -7.78369856 -5.64699984
v 9.01250648 -7.78369856 -14.42999172
v 9.33366871 -7.57363558 -14.42999172
v 9.01250648 -7.78369856 3.13599157
v 9.33366871 -7.57363558 -5.64699984
v 8.79410934 -8.09925270 -5.64699984
v 8.79410934 -8.09925270 -14.42999172
v 8.79410934 -8.09925270 3.13599157
v 9.71029758 -7.50000000 -17.35765457
v 9.53951454 -7.51469135 -23.21298218
v 9.71029758 -7.50000000 -23.21298218
v 9.71029758 -7.50000000 -11.50232792
v 9.21787357 -7.62964439 -23.21298218
v 9.37374973 -7.55833340 -23.21298218
v 9.07646656 -7.72652864 -23.21298218
v 8.95368195 -7.84613991 -23.21298218
v 9.71029758 -7.50000000 0.20832767
v 9.71029758 -7.50000000 6.06365538
v 9.33366871 -7.57363558 3.13599157
v 9.71029758 -7.50000000 11.91898346
v 9.53951454 -7.51469135 11.91898346
v 9.37374973 -7.55833340 11.91898346
v 9.21787357 -7.62964439 11.91898346
v 9.07646656 -7.72652864 11.91898346
v 8.85312939 -7.98496294 -23.21298218
v 8.71063995 -8.47382450 -11.50232792
v 8.77776337 -8.13891888 -23.21298218
v 8.71063995 -8.47382450 -17.35765457
v 8.72979641 -8.30348492 -23.21298218
v 8.71063995 -8.47382450 -23.21298218
v 8.71063995 -8.47382450 -5.64699984
v 8.95368195 -7.84613943 11.91898346
v 8.85313034 -7.98496246 11.91898346
v 8.77776337 -8.13891888 11.91898346
v 8.72979736 -8.30348492 11.91898346
v 8.71063995 -8.47382450 0.20832767
v 8.71063995 -8.47382450 6.06365538
v 8.71063995 -8.47382450 11.91898346
v 8.10199833 -7.57052517 -24.79585266
v 7.90771532 -7.57146072 -24.82908058
v 7.93018818 -7.51728201 -25.01382256
v 8.29070473 -7.56976414 -24.73898506
v 8.14663982 -7.51681995 -24.97666740
v 8.47099113 -7.56918383 -24.65937614
v 8.35686111 -7.51644516 -24.91320229
v 8.64091015 -7.56879234 -24.55766106
v 8.55769253 -7.51616001 -24.82443047
v 8.79560471 -7.56859827 -24.43699646
v 8.74697399 -7.51596785 -24.71105766
v 8.93498993 -7.56859827 -24.29761124
v 8.91930389 -7.51587343 -24.57660103
v 9.05619335 -7.56879377 -24.14213371
v 9.20965004 -7.51596880 -24.24810982
v 9.15736771 -7.56918383 -23.97300720
v 9.32242012 -7.51615953 -24.05971146
v 9.23698902 -7.56976366 -23.79268646
v 9.41120720 -7.51644516 -23.85883904
v 9.29354954 -7.57051945 -23.60529327
v 9.47432899 -7.51681709 -23.65008354
v 9.32709026 -7.57146215 -23.40965271
v 9.51183224 -7.51728296 -23.43211937
v 8.05976677 -7.66161203 -24.62480164
v 7.88646746 -7.66299582 -24.65441704
v 8.22809124 -7.66048479 -24.57409668
v 8.38890266 -7.65962601 -24.50310516
v 8.54046535 -7.65904570 -24.41239166
v 8.67844486 -7.65875769 -24.30477142
v 8.80276585 -7.65875769 -24.18045044
v 8.91086578 -7.65904808 -24.04177284
v 9.00109673 -7.65962553 -23.89091873
v 9.07210064 -7.66048479 -23.73007393
v 9.12253094 -7.66160393 -23.56292152
v 9.15242672 -7.66299677 -23.38841248
v 8.02240372 -7.78679323 -24.47346878
v 7.86768293 -7.78857279 -24.50000000
v 8.17266178 -7.78534174 -24.42812920
v 8.31620121 -7.78423548 -24.36470222
v 8.45147800 -7.78348827 -24.28369331
v 8.57463455 -7.78311682 -24.18761253
v 8.68560791 -7.78311682 -24.07663918
v 8.78211689 -7.78349113 -23.95285988
v 8.86269569 -7.78423548 -23.81821442
v 8.92613220 -7.78534174 -23.67464638
v 8.97122574 -7.78678226 -23.52543449
v 8.99800777 -7.78857422 -23.36963272
v 7.99178219 -7.94031525 -24.34944153
v 7.85230303 -7.94242001 -24.37357521
v 8.12719727 -7.93859816 -24.30840111
v 8.25653076 -7.93728924 -24.25111008
v 8.37841129 -7.93640471 -24.17802048
v 8.48937798 -7.93596458 -24.09139252
v 8.58938980 -7.93596458 -23.99138260
v 8.67640209 -7.93640804 -23.87985420
v 8.74910259 -7.93728924 -23.75854301
v 8.80640507 -7.93859816 -23.62918282
v 8.84722137 -7.94030237 -23.49471283
v 8.87158203 -7.94242096 -23.35425758
v 7.96946526 -8.11236382 -24.25904846
v 7.84111261 -8.11470604 -24.28158760
v 8.09401798 -8.11045265 -24.22102547
v 8.21294117 -8.10899639 -24.16812706
v 8.32499790 -8.10801220 -24.10077095
v 8.42703247 -8.10752106 -24.02103043
v 8.51902771 -8.10752106 -23.92903709
v 8.59912205 -8.10801506 -23.82648659
v 8.66612053 -8.10899639 -23.71495247
v 8.71902943 -8.11045361 -23.59600449
v 8.75684452 -8.11234951 -23.47232056
v 8.77959347 -8.11470699 -23.34307098
v 7.95597458 -8.29183578 -24.20440865
v 7.83437061 -8.29432011 -24.22617340
v 8.07390594 -8.28980637 -24.16806221
v 8.18646336 -8.28826046 -24.11772156
v 8.29250813 -8.28721523 -24.05378151
v 8.38908195 -8.28669357 -23.97820282
v 8.47619820 -8.28669357 -23.89108658
v 8.55211544 -8.28721905 -23.79402351
v 8.61571503 -8.28826046 -23.68847275
v 8.66606617 -8.28980637 -23.57589340
v 8.70221233 -8.29182053 -23.45878601
v 8.72417927 -8.29432106 -23.33633232
v 7.71098280 -7.51469135 -25.04151535
v 7.71098280 -7.50000000 -25.21229744
v 7.78796148 -7.49999619 -25.21087074
v 7.90828943 -7.49999380 -25.20273018
v 7.89089870 -7.49999380 -25.20435715
v 7.84273863 -7.49999475 -25.20806885
v 7.87417459 -7.49999428 -25.20578003
v 8.05583191 -7.49999619 -25.18258858
v 8.00861549 -7.49999475 -25.19027901
v 8.07869720 -7.49999666 -25.17843628
v 8.09552097 -7.49999714 -25.17520142
v 8.08994389 -7.49999666 -25.17629051
v 8.10106659 -7.49999714 -25.17410088
v 8.26381683 -7.50000048 -25.13432121
v 8.22362995 -7.50000000 -25.14551353
v 8.27874088 -7.50000095 -25.12993240
v 8.28492165 -7.50000095 -25.12808037
v 8.28769302 -7.50000095 -25.12724113
v 8.29025173 -7.50000095 -25.12646484
v 8.38462162 -7.50000143 -25.09519386
v 8.43044949 -7.50000143 -25.07813072
v 8.45302010 -7.50000143 -25.06926537
v 7.71098280 -7.55833340 -24.87574959
v 8.46421814 -7.50000143 -25.06475067
v 8.47535896 -7.50000143 -25.06018257
v 8.62401962 -7.50000048 -24.99161148
v 8.71775818 -7.50000000 -24.94043541
v 8.82246780 -7.49999952 -24.87508965
v 8.91965008 -7.49999952 -24.80591011
v 9.00204945 -7.49999952 -24.73992157
v 9.12522793 -7.50000000 -24.62636185
v 9.23818779 -7.50000000 -24.50355530
v 9.07459450 -7.51587343 -24.42131042
v 9.30441093 -7.49999952 -24.42089272
v 9.67090416 -7.49999762 -23.60916901
v 9.66868973 -7.49999809 -23.61990547
v 9.67312431 -7.49999762 -23.59808922
v 9.68880272 -7.49999571 -23.50741005
v 9.62421989 -7.50000095 -23.79290390
v 9.62608242 -7.50000095 -23.78676796
v 9.66429996 -7.49999857 -23.64035416
v 9.65581799 -7.49999905 -23.67717552
v 9.64105511 -7.50000000 -23.73471451
v 9.69976234 -7.49999475 -23.42025948
v 9.70106220 -7.49999475 -23.40721893
v 9.70907497 -7.49999666 -23.28803062
v 9.71029758 -7.50000000 -23.21298218
v 9.53951454 -7.51469135 -23.21298218
v 9.69544315 -7.49999523 -23.45849609
v 9.69839096 -7.49999475 -23.43315125
v 9.42706013 -7.50000000 -24.23907661
v 9.45203686 -7.50000000 -24.19596481
v 9.47894669 -7.50000048 -24.14648819
v 9.52502251 -7.50000095 -24.05303192
v 9.33911705 -7.49999952 -24.37369919
v 9.35674191 -7.49999952 -24.34856796
v 9.36560535 -7.49999952 -24.33561134
v 9.37449455 -7.49999952 -24.32238770
v 9.59461880 -7.50000143 -23.88241005
v 9.61078262 -7.50000143 -23.83526421
v 9.61854553 -7.50000095 -23.81118584
v 9.62234306 -7.50000095 -23.79901886
v 9.54378128 -7.50000095 -24.01113129
v 9.55220604 -7.50000143 -23.99145317
v 9.56003475 -7.50000143 -23.97264481
v 7.71098280 -7.62964439 -24.71987343
v 7.71098280 -7.72652864 -24.57846642
v 7.71098280 -7.84613991 -24.45568275
v 7.71098280 -7.98496294 -24.35512924
v 7.71098280 -8.30348492 -24.23179626
v 7.71098280 -8.13891888 -24.27976227
v 7.91472006 -8.46912003 -24.19175148
v 8.01187420 -8.46727371 -24.16649055
v 7.81411648 -8.47130108 -24.20734787
v 7.71098280 -8.47382450 -24.21264076
v 8.10466003 -8.46575451 -24.13219643
v 8.34959984 -8.46316910 -23.98260307
v 8.41838932 -8.46299267 -23.91995621
v 8.19223881 -8.46455956 -24.08956528
v 8.27405071 -8.46369457 -24.03941917
v 9.37374973 -7.55833340 -23.21298218
v 9.21787357 -7.62964439 -23.21298218
v 9.07646656 -7.72652864 -23.21298218
v 8.95368195 -7.84613991 -23.21298218
v 8.85312939 -7.98496294 -23.21298218
v 8.48097897 -8.46317101 -23.85115242
v 8.63033199 -8.46575737 -23.60634422
v 8.58777237 -8.46456146 -23.69386482
v 8.53771496 -8.46369648 -23.77562714
v 8.66456985 -8.46727562 -23.51362228
v 8.77776337 -8.13891888 -23.21298218
v 8.70535755 -8.47130203 -23.31602478
v 8.72979641 -8.30348492 -23.21298218
v 8.68978882 -8.46912193 -23.41654396
v 8.71063995 -8.47382450 -23.21298218
v -0.00000000 -7.78369856 -24.51450729
v -3.85549140 -7.78369856 -24.51450729
v -3.85549140 -7.57363558 -24.83566856
v 3.85549140 -7.78369856 -24.51450729
v -0.00000000 -7.57363558 -24.83566856
v -0.00000000 -8.09925270 -24.29611015
v -3.85549140 -8.09925270 -24.29611015
v 3.85549140 -8.09925270 -24.29611015
v -5.14065552 -7.50000000 -25.21229744
v -7.71098280 -7.51469135 -25.04151535
v -7.71098280 -7.50000000 -25.21229744
v -2.57032776 -7.50000000 -25.21229744
v -7.71098280 -7.62964439 -24.71987343
v -7.71098280 -7.55833340 -24.87574959
v -7.71098280 -7.72652864 -24.57846642
v -7.71098280 -7.84613943 -24.45568275
v 2.57032776 -7.50000000 -25.21229744
v 5.14065552 -7.50000000 -25.21229744
v 3.85549140 -7.57363558 -24.83566856
v 7.71098280 -7.50000000 -25.21229744
v 7.71098280 -7.51469135 -25.04151535
v 7.71098280 -7.55833340 -24.87574959
v 7.71098280 -7.62964439 -24.71987343
v 7.71098280 -7.72652864 -24.57846642
v -7.71098280 -7.98496246 -24.35512924
v -7.71098280 -8.30348396 -24.23179626
v -7.71098280 -8.13891792 -24.27976418
v -5.14065552 -8.47382355 -24.21264076
v -7.71098280 -8.47382355 -24.21264076
v -2.57032776 -8.47382355 -24.21264076
v -0.00000001 -8.47382450 -24.21264076
v 7.71098280 -7.84613991 -24.45568275
v 7.71098280 -7.98496294 -24.35512924
v 7.71098280 -8.13891888 -24.27976227
v 2.57032776 -8.47382450 -24.21264076
v 5.14065552 -8.47382450 -24.21264076
v 7.71098280 -8.30348492 -24.23179626
v 7.71098280 -8.47382450 -24.21264076
v -9.29384708 -7.57052803 -23.60401535
v -9.32708263 -7.57146406 -23.40971756
v -9.51182747 -7.51728344 -23.43219185
v -9.23698044 -7.56976652 -23.79269600
v -9.47466564 -7.51682091 -23.64866066
v -9.15736580 -7.56918573 -23.97300148
v -9.41120148 -7.51644564 -23.85885239
v -9.05617142 -7.56879616 -24.14215088
v -9.32242203 -7.51616001 -24.05970573
v -8.93499088 -7.56860113 -24.29761505
v -9.20962906 -7.51596928 -24.24813080
v -8.79559898 -7.56860113 -24.43699837
v -8.91930008 -7.51587439 -24.57660675
v -8.64460659 -7.56878853 -24.55513573
v -8.75109482 -7.51596546 -24.70824814
v -8.47097874 -7.56918573 -24.65936661
v -8.55768013 -7.51615953 -24.82442284
v -8.29071236 -7.56976557 -24.73898315
v -8.35687160 -7.51644516 -24.91320419
v -8.10201931 -7.57052898 -24.79585266
v -8.14666462 -7.51682186 -24.97667122
v -7.90772915 -7.57146454 -24.82909584
v -7.93020487 -7.51728392 -25.01384163
v -9.12279320 -7.66161871 -23.56178093
v -9.15241623 -7.66300249 -23.38846970
v -9.07209015 -7.66049099 -23.73008156
v -9.00109291 -7.65963173 -23.89090919
v -8.91084290 -7.65905380 -24.04178429
v -8.80276394 -7.65876341 -24.18045235
v -8.67843723 -7.65876389 -24.30477142
v -8.54376030 -7.65904236 -24.41013718
v -8.38889027 -7.65963125 -24.50309372
v -8.22809696 -7.66049004 -24.57409096
v -8.05978489 -7.66161919 -24.62479782
v -7.88647985 -7.66300249 -24.65442657
v -8.97145748 -7.78680420 -23.52441597
v -8.99799633 -7.78858423 -23.36968422
v -8.92612076 -7.78535271 -23.67465210
v -8.86268902 -7.78424644 -23.81820679
v -8.78209496 -7.78350163 -23.95286942
v -8.68560410 -7.78312731 -24.07663918
v -8.57462502 -7.78312778 -24.18761063
v -8.45441818 -7.78348684 -24.28167725
v -8.31618881 -7.78424597 -24.36468887
v -8.17266655 -7.78535175 -24.42812157
v -8.02241898 -7.78680468 -24.47346115
v -7.86769342 -7.78858423 -24.50000572
v -8.84743023 -7.94033146 -23.49379349
v -8.87157059 -7.94243670 -23.35430336
v -8.80639267 -7.93861437 -23.62918854
v -8.74909592 -7.93730545 -23.75853539
v -8.67638111 -7.93642426 -23.87986374
v -8.58938503 -7.93598080 -23.99138069
v -8.48936939 -7.93598080 -24.09139061
v -8.38105965 -7.93640614 -24.17620087
v -8.25651932 -7.93730545 -24.25109673
v -8.12720108 -7.93861389 -24.30839348
v -7.99179602 -7.94033194 -24.34943390
v -7.85231256 -7.94243670 -24.37357903
v -8.75704002 -8.11238575 -23.47147560
v -8.77958298 -8.11472797 -23.34311295
v -8.71901894 -8.11047459 -23.59601021
v -8.66611481 -8.10901833 -23.71494484
v -8.59910393 -8.10803699 -23.82649422
v -8.51902390 -8.10754299 -23.92903519
v -8.42702484 -8.10754299 -24.02103043
v -8.32743359 -8.10801601 -24.09909630
v -8.21293068 -8.10901833 -24.16811562
v -8.09402084 -8.11047363 -24.22101974
v -7.96947813 -8.11238575 -24.25904274
v -7.84112167 -8.11472702 -24.28159142
v -8.70240307 -8.29186058 -23.45798492
v -8.72417259 -8.29434586 -23.33637238
v -8.66605949 -8.28983212 -23.57589912
v -8.61571312 -8.28828621 -23.68846893
v -8.55210018 -8.28724384 -23.79403305
v -8.47619724 -8.28671932 -23.89108849
v -8.38907719 -8.28671932 -23.97820282
v -8.29481411 -8.28722286 -24.05219650
v -8.18645477 -8.28828621 -24.11771393
v -8.07391071 -8.28983212 -24.16806030
v -7.95598793 -8.29186058 -24.20440674
v -7.83438015 -8.29434586 -24.22617912
v -9.53951454 -7.51469135 -23.21298218
v -9.71029758 -7.50000000 -23.21298218
v -9.70882988 -7.49999619 -23.29125404
v -9.70068836 -7.49999428 -23.41062546
v -9.69964409 -7.49999428 -23.42095184
v -9.70547009 -7.49999475 -23.35368729
v -9.70254993 -7.49999428 -23.39068985
v -9.69852066 -7.49999475 -23.43151283
v -9.68590450 -7.49999571 -23.52577972
v -9.66315460 -7.49999857 -23.64517593
v -9.63366890 -7.50000095 -23.76102829
v -9.61871529 -7.50000143 -23.81078339
v -9.60418224 -7.50000143 -23.85520744
v -9.56823349 -7.50000143 -23.95279503
v -9.54668713 -7.50000095 -24.00486374
v -9.53492737 -7.50000095 -24.03166199
v -9.52878952 -7.50000095 -24.04524422
v -9.45583248 -7.50000000 -24.18929863
v -9.39348888 -7.49999952 -24.29306412
v -9.33988667 -7.49999952 -24.37222672
v -9.52247429 -7.50000095 -24.05894279
v -9.31738949 -7.49999952 -24.40318108
v -9.30736065 -7.49999952 -24.41659737
v -9.29819202 -7.49999952 -24.42866898
v -9.24458027 -7.50000000 -24.49572945
v -9.07459831 -7.51587391 -24.42131805
v -8.89092159 -7.50000000 -24.82707024
v -8.90841675 -7.50000000 -24.81412315
v -8.94454002 -7.50000000 -24.78645325
v -9.18114853 -7.50000000 -24.56804657
v -9.10689831 -7.50000000 -24.64445305
v -9.02085114 -7.50000000 -24.72355461
v -9.04352093 -7.50000000 -24.70361137
v -9.06540871 -7.50000000 -24.68376350
v -8.26447773 -7.50000143 -25.13438797
v -8.26794624 -7.50000143 -25.13338852
v -8.15580940 -7.50000000 -25.16225052
v -8.27151489 -7.50000143 -25.13235283
v -8.33192635 -7.50000095 -25.11368942
v -8.29502964 -7.50000143 -25.12534523
v -8.27895355 -7.50000143 -25.13017273
v -8.11873531 -7.49999952 -25.17027664
v -7.82679939 -7.49999428 -25.20901108
v -7.71098280 -7.51469135 -25.04151535
v -7.71098280 -7.50000000 -25.21229744
v -7.92920637 -7.49999380 -25.20045853
v -8.10460186 -7.49999905 -25.17314529
v -8.09864235 -7.49999905 -25.17432404
v -8.09342289 -7.49999905 -25.17534256
v -8.42416191 -7.50000048 -25.08095169
v -8.78582382 -7.50000000 -24.89904976
v -8.75794029 -7.50000000 -24.91653061
v -8.74249554 -7.49999952 -24.92593765
v -8.73439121 -7.49999952 -24.93079567
v -8.88232231 -7.50000000 -24.83333015
v -8.87806034 -7.50000000 -24.83640671
v -8.87382412 -7.50000000 -24.83944893
v -8.82993507 -7.50000000 -24.87003708
v -8.57687473 -7.49999952 -25.01519394
v -8.50948620 -7.50000000 -25.04600334
v -8.46911621 -7.50000048 -25.06309891
v -8.59588623 -7.49999952 -25.00597572
v -8.72603035 -7.49999952 -24.93575287
v -8.65230846 -7.49999952 -24.97709084
v -8.61479664 -7.49999952 -24.99655151
v -9.37374973 -7.55833340 -23.21298218
v -9.21787357 -7.62964439 -23.21298218
v -9.07646656 -7.72652864 -23.21298218
v -8.95368195 -7.84613943 -23.21298218
v -8.77776337 -8.13891888 -23.21298218
v -8.85313034 -7.98496246 -23.21298218
v -8.68584824 -8.46877003 -23.43458748
v -8.70434952 -8.47109318 -23.32525826
v -8.72979736 -8.30348492 -23.21298218
v -8.71063995 -8.47382450 -23.21298218
v -8.65592670 -8.46684456 -23.53978729
v -8.61537170 -8.46530724 -23.63967323
v -8.50607872 -8.46339226 -23.81962395
v -8.56507301 -8.46415424 -23.73320007
v -8.43943119 -8.46303082 -23.89825249
v -8.40357304 -8.46300507 -23.93447495
v -7.71098280 -7.55833340 -24.87574959
v -7.71098280 -7.62964439 -24.71987343
v -7.71098280 -7.72652864 -24.57846642
v -7.71098280 -7.84613943 -24.45568275
v -7.71098280 -7.98496246 -24.35512924
v -8.36620617 -8.46308517 -23.96856689
v -8.38506985 -8.46303177 -23.95178986
v -8.22784901 -8.46409416 -24.06865883
v -8.06965542 -8.46622467 -24.14571762
v -7.71098280 -8.30348396 -24.23179626
v -7.71098280 -8.13891792 -24.27976418
v -7.89593172 -8.46946907 -24.19521904
v -7.80459166 -8.47150803 -24.20822334
v -7.71098280 -8.47382355 -24.21264076
v -9.01250648 -7.78369856 -5.64699984
v -9.01250648 -7.78369856 3.13599157
v -9.33366871 -7.57363558 3.13599157
v -9.01250648 -7.78369856 -14.42999172
v -9.33366871 -7.57363558 -5.64699984
v -8.79410934 -8.09925175 -5.64699984
v -8.79410934 -8.09925175 3.13599157
v -8.79410934 -8.09925175 -14.42999172
v -9.71029758 -7.50000000 6.06365538
v -9.53951454 -7.51469135 11.91898346
v -9.71029758 -7.50000000 11.91898346
v -9.71029758 -7.50000000 0.20832767
v -9.21787357 -7.62964439 11.91898346
v -9.37374973 -7.55833340 11.91898346
v -9.07646656 -7.72652864 11.91898346
v -8.95368290 -7.84613943 11.91898346
v -9.71029758 -7.50000000 -11.50232792
v -9.71029758 -7.50000000 -17.35765457
v -9.33366871 -7.57363558 -14.42999172
v -9.71029758 -7.50000000 -23.21298218
v -9.53951454 -7.51469135 -23.21298218
v -9.71029758 -7.50000000 -5.64699984
v -9.37374973 -7.55833340 -23.21298218
v -9.21787357 -7.62964439 -23.21298218
v -9.07646656 -7.72652864 -23.21298218
v -8.85313034 -7.98496246 11.91898346
v -8.72979736 -8.30348396 11.91898346
v -8.77776337 -8.13891792 11.91898346
v -8.71063995 -8.47382355 6.06365538
v -8.71063995 -8.47382355 11.91898346
v -8.71063995 -8.47382355 0.20832767
v -8.71063995 -8.47382355 -5.64699984
v -8.95368195 -7.84613943 -23.21298218
v -8.85313034 -7.98496246 -23.21298218
v -8.77776337 -8.13891888 -23.21298218
v -8.71063995 -8.47382450 -11.50232792
v -8.71063995 -8.47382450 -17.35765457
v -8.72979736 -8.30348492 -23.21298218
v -8.71063995 -8.47382450 -23.21298218
v -8.10201550 -7.57052803 13.50184727
v -7.90771723 -7.57146406 13.53508282
v -7.93019104 -7.51728344 13.71982765
v -8.29069519 -7.56976652 13.44498062
v -8.14665985 -7.51682091 13.68266487
v -8.47100067 -7.56918573 13.36536598
v -8.35685158 -7.51644564 13.61920166
v -8.64015007 -7.56879616 13.26417065
v -8.55770493 -7.51616001 13.53042221
v -8.79561615 -7.56860113 13.14299107
v -8.74612999 -7.51596928 13.41762924
v -8.93499851 -7.56860113 13.00359917
v -9.07460690 -7.51587439 13.12730026
v -9.05313683 -7.56878853 12.85260677
v -9.20624733 -7.51596546 12.95909405
v -9.15736675 -7.56918573 12.67897892
v -9.32242203 -7.51615953 12.76568031
v -9.23698235 -7.56976557 12.49871254
v -9.41120338 -7.51644516 12.56487083
v -9.29385185 -7.57052898 12.31001949
v -9.47467041 -7.51682186 12.35466385
v -9.32709503 -7.57146454 12.11572933
v -9.51184082 -7.51728392 12.13820457
v -8.05978203 -7.66161871 13.33079338
v -7.88646936 -7.66300249 13.36041641
v -8.22808170 -7.66049099 13.28009033
v -8.38891029 -7.65963173 13.20909309
v -8.53978539 -7.65905380 13.11884308
v -8.67845249 -7.65876341 13.01076412
v -8.80277157 -7.65876389 12.88643742
v -8.90813637 -7.65904236 12.75176048
v -9.00109291 -7.65963125 12.59689045
v -9.07209206 -7.66049004 12.43609715
v -9.12279797 -7.66161919 12.26778507
v -9.15242672 -7.66300249 12.09447956
v -8.02241611 -7.78680420 13.17945766
v -7.86768389 -7.78858423 13.20599651
v -8.17265224 -7.78535271 13.13411999
v -8.31620598 -7.78424644 13.07068920
v -8.45086956 -7.78350163 12.99009418
v -8.57463932 -7.78312731 12.89360428
v -8.68560982 -7.78312778 12.78262520
v -8.77967834 -7.78348684 12.66241741
v -8.86268997 -7.78424597 12.52418804
v -8.92612171 -7.78535175 12.38066673
v -8.97146130 -7.78680468 12.23041916
v -8.99800587 -7.78858423 12.07569313
v -7.99179363 -7.94033146 13.05543041
v -7.85230398 -7.94243670 13.07956982
v -8.12718868 -7.93861437 13.01439285
v -8.25653553 -7.93730545 12.95709610
v -8.37786293 -7.93642426 12.88438129
v -8.48938179 -7.93598080 12.79738522
v -8.58939075 -7.93598080 12.69736958
v -8.67420101 -7.93640614 12.58905983
v -8.74909687 -7.93730545 12.46451950
v -8.80639362 -7.93861389 12.33520031
v -8.84743404 -7.94033194 12.19979572
v -8.87157917 -7.94243670 12.06031227
v -7.96947575 -8.11238575 12.96504021
v -7.84111357 -8.11472797 12.98758316
v -8.09401035 -8.11047459 12.92701912
v -8.21294498 -8.10901833 12.87411499
v -8.32449436 -8.10803699 12.80710411
v -8.42703629 -8.10754299 12.72702408
v -8.51902962 -8.10754299 12.63502502
v -8.59709644 -8.10801601 12.53543282
v -8.66611576 -8.10901833 12.42092991
v -8.71901989 -8.11047363 12.30202103
v -8.75704288 -8.11238575 12.17747784
v -8.77959156 -8.11472702 12.04912186
v -7.95598555 -8.29186058 12.91040325
v -7.83437204 -8.29434586 12.93217182
v -8.07389927 -8.28983212 12.87405968
v -8.18646812 -8.28828621 12.82371235
v -8.29203320 -8.28724384 12.76010036
v -8.38908768 -8.28671932 12.68419743
v -8.47620296 -8.28671932 12.59707737
v -8.55019569 -8.28722286 12.50281429
v -8.61571312 -8.28828621 12.39445496
v -8.66605949 -8.28983212 12.28190994
v -8.70240593 -8.29186058 12.16398811
v -8.72417927 -8.29434586 12.04238033
v -7.71098280 -7.51469135 13.74751472
v -7.71098280 -7.50000000 13.91829777
v -7.78925419 -7.49999619 13.91683006
v -7.90862608 -7.49999428 13.90868855
v -7.91895103 -7.49999428 13.90764427
v -7.85168743 -7.49999475 13.91347027
v -7.88868952 -7.49999428 13.91055012
v -7.92951345 -7.49999475 13.90651989
v -8.02377987 -7.49999571 13.89390469
v -8.14317513 -7.49999857 13.87115479
v -8.25902939 -7.50000095 13.84166908
v -8.30878353 -7.50000143 13.82671547
v -8.35320663 -7.50000143 13.81218243
v -8.45079422 -7.50000143 13.77623367
v -8.50286388 -7.50000095 13.75468731
v -8.52966213 -7.50000095 13.74292755
v -8.54324341 -7.50000095 13.73678970
v -8.68729877 -7.50000000 13.66383171
v -8.79106426 -7.49999952 13.60148907
v -8.87022686 -7.49999952 13.54788685
v -8.55694389 -7.50000095 13.73047447
v -8.90118122 -7.49999952 13.52538872
v -8.91459656 -7.49999952 13.51536083
v -8.92666817 -7.49999952 13.50619125
v -8.99373055 -7.50000000 13.45258045
v -8.91931915 -7.51587391 13.28259754
v -9.32507133 -7.50000000 13.09892178
v -9.31212330 -7.50000000 13.11641693
v -9.28445435 -7.50000000 13.15254021
v -9.06604576 -7.50000000 13.38914776
v -9.14245319 -7.50000000 13.31489849
v -9.22155476 -7.50000000 13.22885132
v -9.20161152 -7.50000000 13.25152111
v -9.18176270 -7.50000000 13.27340889
v -9.63238716 -7.50000143 12.47247791
v -9.63138866 -7.50000143 12.47594547
v -9.66025066 -7.50000000 12.36380863
v -9.63035393 -7.50000143 12.47951508
v -9.61168861 -7.50000095 12.53992653
v -9.62334538 -7.50000143 12.50302982
v -9.62817192 -7.50000143 12.48695374
v -9.66827583 -7.49999952 12.32673550
v -9.70701122 -7.49999428 12.03479958
v -9.53951454 -7.51469135 11.91898346
v -9.71029758 -7.50000000 11.91898346
v -9.69845963 -7.49999380 12.13720703
v -9.67114449 -7.49999905 12.31260109
v -9.67232418 -7.49999905 12.30664253
v -9.67334270 -7.49999905 12.30142307
v -9.57895184 -7.50000048 12.63216114
v -9.39704990 -7.50000000 12.99382401
v -9.41453075 -7.50000000 12.96593952
v -9.42393684 -7.49999952 12.95049572
v -9.42879486 -7.49999952 12.94239140
v -9.33133030 -7.50000000 13.09032249
v -9.33440685 -7.50000000 13.08606052
v -9.33744812 -7.50000000 13.08182430
v -9.36803722 -7.50000000 13.03793526
v -9.51319408 -7.49999952 12.78487492
v -9.54400444 -7.50000000 12.71748638
v -9.56110001 -7.50000048 12.67711639
v -9.50397491 -7.49999952 12.80388546
v -9.43375206 -7.49999952 12.93403053
v -9.47509003 -7.49999952 12.86030865
v -9.49455070 -7.49999952 12.82279682
v -7.71098280 -7.55833340 13.58174992
v -7.71098280 -7.62964439 13.42587376
v -7.71098280 -7.72652864 13.28446579
v -7.71098280 -7.84613943 13.16168213
v -7.71098280 -8.13891888 12.98576355
v -7.71098280 -7.98496246 13.06112957
v -7.93258810 -8.46877003 12.89384842
v -7.82325792 -8.47109318 12.91234970
v -7.71098280 -8.30348492 12.93779659
v -7.71098280 -8.47382450 12.91864014
v -8.03778839 -8.46684456 12.86392689
v -8.13767242 -8.46530724 12.82337189
v -8.31762409 -8.46339226 12.71407890
v -8.23120117 -8.46415424 12.77307320
v -8.39625263 -8.46303082 12.64743137
v -8.43247604 -8.46300507 12.61157322
v -9.37374973 -7.55833340 11.91898346
v -9.21787357 -7.62964439 11.91898346
v -9.07646656 -7.72652864 11.91898346
v -8.95368290 -7.84613943 11.91898346
v -8.85313034 -7.98496246 11.91898346
v -8.46656609 -8.46308517 12.57420635
v -8.44979095 -8.46303177 12.59307003
v -8.56665802 -8.46409416 12.43584919
v -8.64371777 -8.46622467 12.27765560
v -8.72979736 -8.30348396 11.91898346
v -8.77776337 -8.13891792 11.91898346
v -8.69322014 -8.46946907 12.10393143
v -8.70622349 -8.47150803 12.01259136
v -8.71063995 -8.47382355 11.91898346
v -0.00000000 -7.78369856 13.22050667
v 3.85549140 -7.78369856 13.22050667
v 3.85549140 -7.57363558 13.54166889
v -3.85549140 -7.78369856 13.22050667
v -0.00000000 -7.57363558 13.54166889
v -0.00000000 -8.09925175 13.00210953
v 3.85549140 -8.09925175 13.00210953
v -3.85549140 -8.09925175 13.00210953
v 5.14065552 -7.50000000 13.91829777
v 7.71098280 -7.51469135 13.74751472
v 7.71098280 -7.50000000 13.91829777
v 2.57032776 -7.50000000 13.91829777
v 7.71098280 -7.62964439 13.42587376
v 7.71098280 -7.55833340 13.58174992
v 7.71098280 -7.72652864 13.28446674
v 7.71098280 -7.84613943 13.16168308
v -2.57032776 -7.50000000 13.91829777
v -5.14065552 -7.50000000 13.91829777
v -3.85549140 -7.57363558 13.54166889
v -7.71098280 -7.50000000 13.91829777
v -7.71098280 -7.51469135 13.74751472
v -7.71098280 -7.55833340 13.58174992
v -7.71098280 -7.62964439 13.42587376
v -7.71098280 -7.72652864 13.28446579
v 7.71098280 -7.98496246 13.06113052
v 7.71098280 -8.30348396 12.93779659
v 7.71098280 -8.13891792 12.98576355
v 5.14065552 -8.47382355 12.91864014
v 7.71098280 -8.47382355 12.91864014
v 2.57032776 -8.47382355 12.91864014
v 0.00000000 -8.47382355 12.91864014
v -7.71098280 -7.84613943 13.16168213
v -7.71098280 -7.98496246 13.06112957
v -7.71098280 -8.13891888 12.98576355
v -2.57032776 -8.47382450 12.91864014
v -5.14065552 -8.47382450 12.91864014
v -7.71098280 -8.30348492 12.93779659
v -7.71098280 -8.47382450 12.91864014
v 5.14065552 -8.47382355 12.91864014
v 7.63871479 -11.23363972 12.84637165
v 7.71098280 -8.47382355 12.91864014
v 7.56644630 -13.99345589 12.77410316
v 2.57032776 -8.47382355 12.91864014
v 7.49417782 -16.75327301 12.70183277
v 7.42190981 -19.51308823 12.62956047
v 0.00000000 -8.47382355 12.91864014
v 0.00000000 -30.55235291 12.34048557
v 1.78320909 -30.55235291 12.34047985
v 7.34964132 -22.27290535 12.55728531
v 3.56641817 -30.55235291 12.34047127
v 7.20510483 -27.79253578 12.41272640
v 7.27737284 -25.03272057 12.48500824
v 5.34962702 -30.55235291 12.34045792
v 7.13283634 -30.55235291 12.34044075
v -7.42190981 -19.51308823 12.62956524
v -7.49417782 -16.75327301 12.70183468
v -5.14065552 -8.47382450 12.91864014
v -7.56644630 -13.99345684 12.77410316
v -2.57032776 -8.47382450 12.91864014
v -7.71098280 -8.47382450 12.91864014
v -7.63871479 -11.23364067 12.84637165
v -7.34964132 -22.27290535 12.55729485
v -1.78320909 -30.55235291 12.34048748
v -7.20510483 -27.79253769 12.41275311
v -5.34962702 -30.55235291 12.34048462
v -3.56641817 -30.55235291 12.34048653
v -7.27737284 -25.03272057 12.48502445
v -7.13283634 -30.55235291 12.34047985
v 8.12881565 -19.51309395 12.33681583
v 7.80458736 -19.51027870 12.55355930
v 7.65990877 -25.03532410 12.40888119
v 8.27349377 -13.98804760 12.48149395
v 7.94926548 -13.98523331 12.69823837
v 8.34555912 -19.51027870 12.01258755
v 8.20088100 -25.03532410 11.86790848
v 8.49023819 -13.98523331 12.15726566
v 7.31476974 -30.55666542 12.32338047
v 7.20510483 -27.79253578 12.41272640
v 7.13283634 -30.55235291 12.34044075
v 7.34964132 -22.27290535 12.55728531
v 7.27737284 -25.03272057 12.48500824
v 7.42190981 -19.51308823 12.62956047
v 7.50062895 -30.56013107 12.26991653
v 7.67954063 -30.56237793 12.17691231
v 7.98413706 -25.03813934 12.19213676
v 7.83938932 -30.56316948 12.04730320
v 7.49417782 -16.75327301 12.70183277
v 7.56644630 -13.99345589 12.77410316
v 7.63871479 -11.23363972 12.84637165
v 7.89593172 -8.46946907 12.90122032
v 7.71098280 -8.47382355 12.91864014
v 7.80459166 -8.47150803 12.91422272
v 8.22784901 -8.46409416 12.77465820
v 8.06965542 -8.46622467 12.85171795
v 8.36620617 -8.46308517 12.67456627
v 8.38506985 -8.46303177 12.65779018
v 8.40357304 -8.46300507 12.64047623
v 8.06203270 -30.56013107 11.70858479
v 8.11549282 -30.55666733 11.52274799
v 7.96901560 -30.56237984 11.88747501
v 8.34929562 -22.27290535 11.55764103
v 8.20475292 -27.79253769 11.41310501
v 8.13247967 -30.55235291 11.34083652
v 8.27702427 -25.03272057 11.48537254
v 8.42156506 -19.51308823 11.62990952
v 8.49383450 -16.75327301 11.70217800
v 8.56507301 -8.46415424 12.43920135
v 8.65592670 -8.46684456 12.24578762
v 8.61537170 -8.46530724 12.34567261
v 8.43943119 -8.46303082 12.60425282
v 8.50607872 -8.46339226 12.52562428
v 8.63837147 -11.23364067 11.84671497
v 8.68584824 -8.46877003 12.14058781
v 8.70434952 -8.47109318 12.03125763
v 8.71063995 -8.47382450 11.91898346
v 8.56610298 -13.99345684 11.77444649
v 8.27702427 -25.03272057 11.48537254
v 8.13248730 -30.55235291 -1.40004086
v 8.34929562 -22.27290535 11.55764103
v 8.20475292 -27.79253769 11.41310501
v 8.13248730 -30.55235291 2.84691811
v 8.13247967 -30.55235291 11.34083652
v 8.13248444 -30.55235291 7.09387732
v 8.13248539 -30.55235291 -5.64699984
v 8.42156506 -19.51308823 11.62990952
v 8.56610298 -13.99345684 11.77444649
v 8.71063995 -8.47382450 6.06365538
v 8.63837147 -11.23364067 11.84671497
v 8.71063995 -8.47382450 11.91898346
v 8.71063995 -8.47382450 0.20832767
v 8.49383450 -16.75327301 11.70217800
v 8.71063995 -8.47382450 -5.64699984
v 8.42156029 -19.51308823 -22.92391014
v 8.13247967 -30.55235291 -9.89395905
v 8.34928608 -22.27290535 -22.85164070
v 8.27700806 -25.03272057 -22.77937317
v 8.13247108 -30.55235291 -14.14091778
v 8.20472622 -27.79253578 -22.70710373
v 8.13245773 -30.55235291 -18.38787651
v 8.13244057 -30.55235291 -22.63483620
v 8.49383259 -16.75327301 -22.99617767
v 8.71063995 -8.47382450 -11.50232792
v 8.56610298 -13.99345684 -23.06844711
v 8.71063995 -8.47382450 -17.35765457
v 8.63837147 -11.23364067 -23.14071465
v 8.71063995 -8.47382450 -23.21298218
v 8.12881565 -19.51308823 -23.63081551
v 7.80458736 -19.51027298 -23.84755898
v 8.27349377 -13.98804092 -23.77549362
v 7.98413706 -25.03813553 -23.48613739
v 7.65990877 -25.03532219 -23.70288086
v 8.34556007 -19.51027298 -23.30658722
v 8.20088100 -25.03532219 -23.16190910
v 7.91472006 -8.46912003 -24.19175148
v 7.63871479 -11.23364067 -24.14037132
v 7.81411648 -8.47130108 -24.20734787
v 7.94926596 -13.98522568 -23.99223900
v 7.71098280 -8.47382450 -24.21264076
v 7.56644630 -13.99345684 -24.06810379
v 8.01187420 -8.46727371 -24.16649055
v 8.27405071 -8.46369457 -24.03941917
v 8.19223881 -8.46455956 -24.08956528
v 8.34959984 -8.46316910 -23.98260307
v 8.10466003 -8.46575451 -24.13219643
v 7.49417782 -16.75327301 -23.99583435
v 8.41838932 -8.46299267 -23.91995621
v 7.42190981 -19.51309013 -23.92356491
v 7.34964132 -22.27290535 -23.85129547
v 7.20510483 -27.79253769 -23.70675278
v 7.27737284 -25.03272057 -23.77902412
v 7.31474829 -30.55666733 -23.61749268
v 7.13283634 -30.55235291 -23.63447952
v 7.83930302 -30.56316948 -23.34138870
v 7.67947483 -30.56237984 -23.47101593
v 7.50058508 -30.56013107 -23.56403351
v 8.48097897 -8.46317101 -23.85115242
v 8.53771496 -8.46369648 -23.77562714
v 8.49023819 -13.98522568 -23.45126534
v 8.58777237 -8.46456146 -23.69386482
v 8.63033199 -8.46575737 -23.60634422
v 8.66456985 -8.46727562 -23.51362228
v 8.63837147 -11.23364067 -23.14071465
v 8.68978882 -8.46912193 -23.41654396
v 8.70535755 -8.47130203 -23.31602478
v 8.56610298 -13.99345684 -23.06844711
v 8.71063995 -8.47382450 -23.21298218
v 8.49383259 -16.75327301 -22.99617767
v 8.20472622 -27.79253578 -22.70710373
v 8.11538029 -30.55666542 -22.81676865
v 7.96891212 -30.56237793 -23.18154144
v 8.06191635 -30.56013107 -23.00262833
v 8.34928608 -22.27290535 -22.85164070
v 8.42156029 -19.51308823 -22.92391014
v 8.27700806 -25.03272057 -22.77937317
v 8.13244057 -30.55235291 -22.63483620
v 5.14065552 -8.47382450 -24.21264076
v 7.71098280 -8.47382450 -24.21264076
v 7.63871479 -11.23364067 -24.14037132
v 5.05000019 -14.39999962 -24.05745888
v 2.57032776 -8.47382450 -24.21264076
v 7.56644630 -13.99345684 -24.06810379
v 7.49417782 -16.75327301 -23.99583435
v 5.05000019 -20.39999962 -23.90034294
v -0.00000001 -8.47382450 -24.21264076
v -5.05000019 -14.39999962 -24.05745888
v -5.14065552 -8.47382355 -24.21264076
v -2.57032776 -8.47382355 -24.21264076
v -7.63871479 -11.23363972 -24.14037132
v -7.71098280 -8.47382355 -24.21264076
v -7.42190981 -19.51308823 -23.92356110
v -7.49417782 -16.75327301 -23.99583244
v -5.05000019 -20.39999962 -23.90034294
v -7.56644630 -13.99345589 -24.06810188
v 7.42190981 -19.51309013 -23.92356491
v 7.34964132 -22.27290535 -23.85129547
v 7.27737284 -25.03272057 -23.77902412
v 7.20510483 -27.79253769 -23.70675278
v 3.56641817 -30.55235291 -23.63448715
v 7.13283634 -30.55235291 -23.63447952
v 5.34962702 -30.55235291 -23.63448334
v 1.78320909 -30.55235291 -23.63448715
v -0.00000000 -30.55235291 -23.63448524
v -7.20510483 -27.79253578 -23.70672607
v -7.27737284 -25.03272057 -23.77900887
v -3.56641817 -30.55235291 -23.63447189
v -7.34964132 -22.27290535 -23.85128593
v -1.78320909 -30.55235291 -23.63447952
v -5.34962702 -30.55235291 -23.63445854
v -7.13283634 -30.55235291 -23.63444138
v 5.05000019 -20.39999962 -21.90034294
v 5.05000019 -14.39999962 -22.05745888
v 5.05000019 -20.39999962 -23.90034294
v 5.05000019 -14.39999962 -22.05745888
v 6.73614073 -7.50000000 -22.23814011
v -6.73614073 -7.50000000 -22.23814011
v 5.05000019 -20.39999962 -21.90034294
v -5.05000019 -20.39999962 -21.90034294
v -5.05000019 -14.39999962 -22.05745888
v -6.13386440 -30.50000000 -21.63586426
v 6.13386440 -30.50000000 -21.63586426
v -6.13386440 -30.50000000 -21.63586426
v -6.73614073 -7.50000000 -22.23814011
v -6.73614073 -7.50000000 10.94414043
v 6.13386440 -30.50000000 10.34186459
v 6.13386440 -30.50000000 -21.63586426
v -6.13386440 -30.50000000 -21.63586426
v 6.13386440 -30.50000000 10.34186459
v 6.73614073 -7.50000000 10.94414043
v 6.73614073 -7.50000000 -22.23814011
v 6.73614073 -7.50000000 10.94414043
v 6.13386440 -30.50000000 10.34186459
v -6.13386440 -30.50000000 10.34186459
v -5.05000019 -14.39999962 -24.05745888
v 5.05000019 -14.39999962 -24.05745888
v 5.05000019 -14.39999962 -22.05745888
v -5.05000019 -14.39999962 -22.05745888
v -5.05000019 -20.39999962 -21.90034294
v -5.05000019 -20.39999962 -23.90034294
v 5.05000019 -20.39999962 -21.90034294
v 5.05000019 -20.39999962 -23.90034294
v -5.05000019 -20.39999962 -23.90034294
v -8.12881565 -19.51309395 -23.63081551
v -7.80458736 -19.51027870 -23.84755898
v -7.65990877 -25.03532410 -23.70288086
v -8.27349377 -13.98804760 -23.77549362
v -7.94926548 -13.98523331 -23.99223709
v -8.34555912 -19.51027870 -23.30658722
v -8.20088100 -25.03532410 -23.16190910
v -8.49023819 -13.98523331 -23.45126534
v -7.31476974 -30.55666542 -23.61738014
v -7.20510483 -27.79253578 -23.70672607
v -7.13283634 -30.55235291 -23.63444138
v -7.34964132 -22.27290535 -23.85128593
v -7.27737284 -25.03272057 -23.77900887
v -7.42190981 -19.51308823 -23.92356110
v -7.50062895 -30.56013107 -23.56391716
v -7.67954063 -30.56237793 -23.47091293
v -7.98413706 -25.03813934 -23.48613739
v -7.83938932 -30.56316948 -23.34130287
v -7.49417782 -16.75327301 -23.99583244
v -7.56644630 -13.99345589 -24.06810188
v -7.63871479 -11.23363972 -24.14037132
v -7.89593172 -8.46946907 -24.19521904
v -7.71098280 -8.47382355 -24.21264076
v -7.80459166 -8.47150803 -24.20822334
v -8.22784901 -8.46409416 -24.06865883
v -8.06965542 -8.46622467 -24.14571762
v -8.36620617 -8.46308517 -23.96856689
v -8.38506985 -8.46303177 -23.95178986
v -8.40357304 -8.46300507 -23.93447495
v -8.06203270 -30.56013107 -23.00258446
v -8.11549282 -30.55666733 -22.81674767
v -7.96901560 -30.56237984 -23.18147469
v -8.34929562 -22.27290535 -22.85164070
v -8.20475292 -27.79253769 -22.70710373
v -8.13247967 -30.55235291 -22.63483620
v -8.27702427 -25.03272057 -22.77937317
v -8.42156506 -19.51308823 -22.92391014
v -8.49383450 -16.75327301 -22.99617767
v -8.56507301 -8.46415424 -23.73320007
v -8.65592670 -8.46684456 -23.53978729
v -8.61537170 -8.46530724 -23.63967323
v -8.43943119 -8.46303082 -23.89825249
v -8.50607872 -8.46339226 -23.81962395
v -8.63837147 -11.23364067 -23.14071465
v -8.68584824 -8.46877003 -23.43458748
v -8.70434952 -8.47109318 -23.32525826
v -8.71063995 -8.47382450 -23.21298218
v -8.56610298 -13.99345684 -23.06844711
v -8.20472622 -27.79253578 11.41310501
v -8.13245773 -30.55235291 7.09387732
v -8.13244057 -30.55235291 11.34083652
v -8.13247108 -30.55235291 2.84691811
v -8.13247967 -30.55235291 -1.40004086
v -8.27700806 -25.03272057 11.48537254
v -8.34928608 -22.27290535 11.55764103
v -8.13248539 -30.55235291 -5.64699984
v -8.34929562 -22.27290535 -22.85164070
v -8.13248730 -30.55235291 -9.89395905
v -8.20475292 -27.79253769 -22.70710373
v -8.13248444 -30.55235291 -18.38787651
v -8.13248730 -30.55235291 -14.14091778
v -8.27702427 -25.03272057 -22.77937317
v -8.13247967 -30.55235291 -22.63483620
v -8.42156506 -19.51308823 -22.92391014
v -8.42156029 -19.51308823 11.62990952
v -8.49383259 -16.75327301 11.70217800
v -8.71063995 -8.47382355 -5.64699984
v -8.56610298 -13.99345589 11.77444649
v -8.71063995 -8.47382355 0.20832767
v -8.71063995 -8.47382355 6.06365538
v -8.63837147 -11.23363972 11.84671497
v -8.71063995 -8.47382355 11.91898346
v -8.49383450 -16.75327301 -22.99617767
v -8.71063995 -8.47382450 -11.50232792
v -8.56610298 -13.99345684 -23.06844711
v -8.71063995 -8.47382450 -17.35765457
v -8.63837147 -11.23364067 -23.14071465
v -8.71063995 -8.47382450 -23.21298218
v -8.12881565 -19.51309395 12.33681583
v -8.34555912 -19.51027870 12.01258755
v -8.20088100 -25.03532410 11.86790848
v -8.27349377 -13.98804760 12.48149395
v -8.49023819 -13.98523331 12.15726566
v -7.80458736 -19.51027870 12.55355930
v -7.65990877 -25.03532410 12.40888119
v -7.94926548 -13.98523331 12.69823837
v -8.11538029 -30.55666542 11.52276993
v -8.20472622 -27.79253578 11.41310501
v -8.13244057 -30.55235291 11.34083652
v -8.34928608 -22.27290535 11.55764103
v -8.27700806 -25.03272057 11.48537254
v -8.42156029 -19.51308823 11.62990952
v -8.06191635 -30.56013107 11.70862865
v -7.96891212 -30.56237793 11.88754082
v -7.98413706 -25.03813934 12.19213676
v -7.83930302 -30.56316948 12.04738903
v -8.49383259 -16.75327301 11.70217800
v -8.56610298 -13.99345589 11.77444649
v -8.63837147 -11.23363972 11.84671497
v -8.69322014 -8.46946907 12.10393143
v -8.71063995 -8.47382355 11.91898346
v -8.70622349 -8.47150803 12.01259136
v -8.56665802 -8.46409416 12.43584919
v -8.64371777 -8.46622467 12.27765560
v -8.46656609 -8.46308517 12.57420635
v -8.44979095 -8.46303177 12.59307003
v -8.43247604 -8.46300507 12.61157322
v -7.50058508 -30.56013107 12.27003288
v -7.31474829 -30.55666733 12.32349300
v -7.67947483 -30.56237984 12.17701626
v -7.34964132 -22.27290535 12.55729485
v -7.20510483 -27.79253769 12.41275311
v -7.13283634 -30.55235291 12.34047985
v -7.27737284 -25.03272057 12.48502445
v -7.42190981 -19.51308823 12.62956524
v -7.49417782 -16.75327301 12.70183468
v -8.23120117 -8.46415424 12.77307320
v -8.03778839 -8.46684456 12.86392689
v -8.13767242 -8.46530724 12.82337189
v -8.39625263 -8.46303082 12.64743137
v -8.31762409 -8.46339226 12.71407890
v -7.63871479 -11.23364067 12.84637165
v -7.93258810 -8.46877003 12.89384842
v -7.82325792 -8.47109318 12.91234970
v -7.71098280 -8.47382450 12.91864014
v -7.56644630 -13.99345684 12.77410316
v -7.41381836 -31.35292625 12.07222462
v -7.23722792 -31.31249428 12.14979935
v -7.48289728 -30.97652435 12.20802402
v -7.30610228 -31.69853592 11.85860920
v -7.14020061 -31.65355301 11.95499706
v -7.16587353 -31.99045181 11.57875538
v -7.01070738 -31.95207596 11.69403076
v -6.99834251 -32.21718979 11.24422550
v -6.85237741 -32.19506073 11.37476921
v -6.81088114 -32.36823654 10.87191010
v -6.67174673 -32.36925125 11.01147270
v -7.58030701 -31.37522507 11.96040154
v -7.65716505 -30.99222374 12.10750580
v -7.46251392 -31.71822929 11.73265171
v -7.31216383 -31.99765778 11.43995094
v -7.13595772 -32.20375824 11.09725475
v -7.72665787 -31.37722778 11.81906986
v -7.81035423 -30.99634361 11.97367191
v -7.60000610 -31.71026993 11.58290482
v -7.44075918 -31.97176170 11.28442574
v -7.84525299 -31.35861778 11.65505600
v -7.93449068 -30.98855209 11.81292820
v -7.71142340 -31.67476082 11.41668224
v -7.54496670 -31.91371536 11.11986446
v -7.92988968 -31.32118988 11.47895908
v -8.02308178 -30.96970749 11.63581562
v -7.79093695 -31.61474419 11.24450874
v -8.07421494 -30.94186592 11.45390129
v -7.29805613 -30.95064163 12.27127934
v -7.07680750 -31.16143227 12.22839165
v -7.10572672 -30.96377754 12.28623104
v -7.03835440 -31.35015488 12.15148830
v -7.12458038 -30.75986290 12.32394695
v -6.93591642 -31.69253540 11.94661903
v -6.87378311 -31.84383583 11.82235622
v -6.99107361 -31.52761459 12.05692959
v -7.13283634 -30.55235291 12.34047985
v -7.31474829 -30.55666733 12.32349300
v -7.50058508 -30.56013107 12.27003288
v -7.67947483 -30.56237984 12.17701626
v -7.83930302 -30.56316948 12.04738903
v -6.80557442 -31.98043060 11.68594170
v -6.65425539 -32.20695496 11.38331032
v -6.57267237 -32.29643250 11.22014713
v -6.73214388 -32.10154343 11.53908348
v -6.48815870 -32.36972427 11.05112362
v -6.31594610 -32.49158096 10.43324089
v -6.13317919 -32.50000000 10.34117889
v -6.22371769 -32.49166870 10.52225304
v -6.40152216 -32.42665100 10.87785435
v -6.31327009 -32.46725845 10.70135403
v -6.51000500 -32.46429443 10.53008461
v -6.94702673 -32.32691956 10.74791145
v -6.92373085 -32.33712006 10.73625565
v -6.71328926 -32.41414642 10.63124371
v -7.96891212 -30.56237793 11.88754082
v -8.06191635 -30.56013107 11.70862865
v -8.11538029 -30.55666542 11.52276993
v -8.10712624 -30.82080269 11.32825470
v -8.11953926 -30.73081207 11.33450317
v -8.09052467 -30.91081810 11.31990242
v -7.98301411 -31.26015663 11.26611710
v -8.00090408 -31.21508217 11.27508736
v -7.99212933 -31.23758507 11.27068806
v -8.01745129 -31.17031670 11.28338146
v -8.04665089 -31.08193207 11.29799080
v -8.13244057 -30.55235291 11.34083652
v -7.27482796 -32.14216232 10.91162395
v -7.43100357 -32.02178574 10.98986053
v -7.61031580 -31.84836197 11.07958794
v -7.57292175 -31.88824272 11.06089211
v -6.97015810 -32.31643677 10.75947666
v -7.01591206 -32.29464722 10.78233337
v -7.10528612 -32.24785233 10.82693672
v -7.71230936 -31.72734261 11.13081741
v -7.82547569 -31.56598854 11.18766308
v -7.91473055 -31.40887642 11.23212433
v -7.59183502 -31.86834526 11.07034206
v -7.64599657 -31.80819130 11.09747696
v 0.00000000 -31.93260384 11.73676014
v 0.00000000 -32.35272980 11.09443569
v 3.56641817 -32.35272980 11.09443569
v -3.56641817 -31.93260384 11.73676014
v -3.56641817 -32.35272980 11.09443569
v 0.00000000 -31.30149841 12.17355537
v 3.56641817 -31.93260384 11.73676014
v -3.56641817 -31.30149841 12.17355537
v 6.42324400 -32.41414642 10.92128944
v 6.32208443 -32.46429443 10.71800518
v 6.52825546 -32.33712006 11.13173103
v 6.22524118 -32.49158096 10.52394581
v 3.67990732 -32.50000000 10.34117889
v 6.13317919 -32.50000000 10.34117889
v 1.22663581 -32.50000000 10.34117889
v 6.53991127 -32.32691956 11.15502644
v 6.70362425 -32.14216232 11.48282814
v 6.78186035 -32.02178574 11.63900375
v 6.85289240 -31.88824272 11.78092194
v 6.61893654 -32.24785233 11.31328583
v 6.57433319 -32.29464722 11.22391224
v 6.55147648 -32.31643677 11.17815781
v 6.86234236 -31.86834526 11.79983521
v -1.22663581 -32.50000000 10.34117889
v -3.67990732 -32.50000000 10.34117889
v -6.22371769 -32.49166870 10.52225304
v -6.13317919 -32.50000000 10.34117889
v -6.31327009 -32.46725845 10.70135403
v -6.40152216 -32.42665100 10.87785435
v -6.48815870 -32.36972427 11.05112362
v -6.65425539 -32.20695496 11.38331032
v -6.57267237 -32.29643250 11.22014713
v -6.73214388 -32.10154343 11.53908348
v -6.80557442 -31.98043060 11.68594170
v -6.87378311 -31.84383583 11.82235622
v 6.87158823 -31.84836197 11.81831646
v 3.56641817 -31.30149841 12.17355537
v 6.97966337 -31.56598854 12.03347588
v 7.02412462 -31.40887642 12.12273026
v 7.06268740 -31.23758507 12.20012951
v 7.05811739 -31.26015663 12.19101429
v 6.92281771 -31.72734261 11.92031002
v 6.88947678 -31.80819130 11.85399628
v 7.06708765 -31.21508217 12.20890427
v 7.12025499 -30.82080269 12.31512547
v 5.34962702 -30.55235291 12.34045792
v 7.11190271 -30.91081810 12.29852486
v 7.12650299 -30.73081207 12.32753944
v 7.13283634 -30.55235291 12.34044075
v 7.08999109 -31.08193207 12.25465107
v 7.07538176 -31.17031670 12.22545147
v 3.56641817 -30.55235291 12.34047127
v -6.93591642 -31.69253540 11.94661903
v -7.10572672 -30.96377754 12.28623104
v -7.07680750 -31.16143227 12.22839165
v -1.78320909 -30.55235291 12.34048748
v -6.99107361 -31.52761459 12.05692959
v -7.03835440 -31.35015488 12.15148830
v 1.78320909 -30.55235291 12.34047985
v -3.56641817 -30.55235291 12.34048653
v -5.34962702 -30.55235291 12.34048462
v 0.00000000 -30.55235291 12.34048557
v -7.12458038 -30.75986290 12.32394695
v -7.13283634 -30.55235291 12.34047985
v 7.86422491 -31.35292625 11.62181854
v 7.94179916 -31.31249428 11.44522762
v 8.00002384 -30.97652435 11.69089699
v 7.65060902 -31.69853592 11.51410198
v 7.74699736 -31.65355301 11.34820080
v 7.37075520 -31.99045181 11.37387371
v 7.48603010 -31.95207596 11.21870708
v 7.03622580 -32.21718979 11.20634270
v 7.16676950 -32.19506073 11.06037807
v 6.66391039 -32.36823654 11.01888084
v 6.80347300 -32.36925125 10.87974644
v 7.75240135 -31.37522507 11.78830719
v 7.89950609 -30.99222374 11.86516476
v 7.52465200 -31.71822929 11.67051411
v 7.23195076 -31.99765778 11.52016354
v 6.88925505 -32.20375824 11.34395790
v 7.61106968 -31.37722778 11.93465805
v 7.76567173 -30.99634361 12.01835442
v 7.37490463 -31.71026993 11.80800629
v 7.07642603 -31.97176170 11.64875889
v 7.44705629 -31.35861778 12.05325317
v 7.60492802 -30.98855209 12.14249134
v 7.20868206 -31.67476082 11.91942310
v 6.91186476 -31.91371536 11.75296688
v 7.27095938 -31.32118988 12.13788986
v 7.42781544 -30.96970749 12.23108196
v 7.03650856 -31.61474419 11.99893665
v 7.24590158 -30.94186592 12.28221512
v 8.06328011 -30.95064163 11.50605583
v 8.02039146 -31.16143227 11.28480721
v 8.07823086 -30.96377754 11.31372643
v 7.94348812 -31.35015488 11.24635410
v 8.11594772 -30.75986290 11.33258057
v 7.73861885 -31.69253540 11.14391613
v 7.61435604 -31.84383583 11.08178329
v 7.84892941 -31.52761459 11.19907379
v 8.13247967 -30.55235291 11.34083652
v 8.11549282 -30.55666733 11.52274799
v 8.06203270 -30.56013107 11.70858479
v 7.96901560 -30.56237984 11.88747501
v 7.83938932 -30.56316948 12.04730320
v 7.47794151 -31.98043060 11.01357460
v 7.17531013 -32.20695496 10.86225510
v 7.01214743 -32.29643250 10.78067207
v 7.33108377 -32.10154343 10.94014359
v 6.84312391 -32.36972427 10.69615841
v 6.22524118 -32.49158096 10.52394581
v 6.13317919 -32.50000000 10.34117889
v 6.31425285 -32.49166870 10.43171787
v 6.66985416 -32.42665100 10.60952187
v 6.49335432 -32.46725845 10.52127075
v 6.32208443 -32.46429443 10.71800518
v 6.53991127 -32.32691956 11.15502644
v 6.52825546 -32.33712006 11.13173103
v 6.42324400 -32.41414642 10.92128944
v 7.67954063 -30.56237793 12.17691231
v 7.50062895 -30.56013107 12.26991653
v 7.31476974 -30.55666542 12.32338047
v 7.12025499 -30.82080269 12.31512547
v 7.12650299 -30.73081207 12.32753944
v 7.11190271 -30.91081810 12.29852486
v 7.05811739 -31.26015663 12.19101429
v 7.06708765 -31.21508217 12.20890427
v 7.06268740 -31.23758507 12.20012951
v 7.07538176 -31.17031670 12.22545147
v 7.08999109 -31.08193207 12.25465107
v 7.13283634 -30.55235291 12.34044075
v 6.70362425 -32.14216232 11.48282814
v 6.78186035 -32.02178574 11.63900375
v 6.87158823 -31.84836197 11.81831646
v 6.85289240 -31.88824272 11.78092194
v 6.55147648 -32.31643677 11.17815781
v 6.57433319 -32.29464722 11.22391224
v 6.61893654 -32.24785233 11.31328583
v 6.92281771 -31.72734261 11.92031002
v 6.97966337 -31.56598854 12.03347588
v 7.02412462 -31.40887642 12.12273026
v 6.86234236 -31.86834526 11.79983521
v 6.88947678 -31.80819130 11.85399628
v 7.52875996 -31.93260384 -5.64699984
v 6.88643599 -32.35272980 -5.64699984
v 6.88643599 -32.35272980 -14.14091778
v 7.52875996 -31.93260384 2.84691811
v 6.88643599 -32.35272980 2.84691811
v 7.96555519 -31.30149841 -5.64699984
v 7.52875996 -31.93260384 -14.14091778
v 7.96555519 -31.30149841 2.84691811
v 6.71328926 -32.41414642 -21.92524338
v 6.51000500 -32.46429443 -21.82408524
v 6.92373085 -32.33712006 -22.03025627
v 6.94702673 -32.32691956 -22.04191208
v 6.31594610 -32.49158096 -21.72724152
v 6.13317919 -32.50000000 -16.30578613
v 6.13317919 -32.50000000 -21.63517952
v 6.13317919 -32.50000000 -10.97639275
v 6.97015810 -32.31643677 -22.05347633
v 7.43100357 -32.02178574 -22.28386116
v 7.27482796 -32.14216232 -22.20562363
v 7.57292175 -31.88824272 -22.35489273
v 7.59183502 -31.86834526 -22.36434174
v 7.01591206 -32.29464722 -22.07633400
v 7.10528612 -32.24785233 -22.12093735
v 6.13317919 -32.50000000 -5.64699984
v 6.13317919 -32.50000000 -0.31760699
v 6.13317919 -32.50000000 5.01178598
v 6.49335432 -32.46725845 10.52127075
v 6.31425285 -32.49166870 10.43171787
v 6.13317919 -32.50000000 10.34117889
v 6.66985416 -32.42665100 10.60952187
v 6.84312391 -32.36972427 10.69615841
v 7.01214743 -32.29643250 10.78067207
v 7.17531013 -32.20695496 10.86225510
v 7.33108377 -32.10154343 10.94014359
v 7.47794151 -31.98043060 11.01357460
v 7.61435604 -31.84383583 11.08178329
v 7.61031580 -31.84836197 -22.37358856
v 7.96555519 -31.30149841 -14.14091778
v 7.82547569 -31.56598854 -22.48166275
v 7.91473055 -31.40887642 -22.52612495
v 7.99212933 -31.23758507 -22.56468773
v 7.98301411 -31.26015663 -22.56011772
v 7.71230936 -31.72734261 -22.42481804
v 7.64599657 -31.80819130 -22.39147568
v 8.00090408 -31.21508217 -22.56908798
v 8.10712624 -30.82080269 -22.62225533
v 8.13245773 -30.55235291 -18.38787651
v 8.09052467 -30.91081810 -22.61390305
v 8.11953926 -30.73081207 -22.62850380
v 8.13244057 -30.55235291 -22.63483620
v 8.04665089 -31.08193207 -22.59199142
v 8.01745129 -31.17031670 -22.57738113
v 8.13247108 -30.55235291 -14.14091778
v 7.73861885 -31.69253540 11.14391613
v 8.07823086 -30.96377754 11.31372643
v 8.02039146 -31.16143227 11.28480721
v 8.13248730 -30.55235291 -1.40004086
v 7.84892941 -31.52761459 11.19907379
v 7.94348812 -31.35015488 11.24635410
v 8.13247967 -30.55235291 -9.89395905
v 8.13248730 -30.55235291 2.84691811
v 8.13248539 -30.55235291 -5.64699984
v 8.13248444 -30.55235291 7.09387732
v 8.11594772 -30.75986290 11.33258057
v 8.13247967 -30.55235291 11.34083652
v 7.41381836 -31.35292625 -23.36622429
v 7.23722792 -31.31249428 -23.44379807
v 7.48289728 -30.97652435 -23.50202370
v 7.30610228 -31.69853592 -23.15260887
v 7.14020061 -31.65355301 -23.24899673
v 7.16587353 -31.99045181 -22.87275505
v 7.01070738 -31.95207596 -22.98802948
v 6.99834251 -32.21718979 -22.53822517
v 6.85237741 -32.19506073 -22.66876984
v 6.81088114 -32.36823654 -22.16591072
v 6.67174673 -32.36925125 -22.30547333
v 7.58030701 -31.37522507 -23.25440216
v 7.65716505 -30.99222374 -23.40150642
v 7.46251392 -31.71822929 -23.02665138
v 7.31216383 -31.99765778 -22.73394966
v 7.13595772 -32.20375824 -22.39125443
v 7.72665787 -31.37722778 -23.11306953
v 7.81035423 -30.99634361 -23.26767159
v 7.60000610 -31.71026993 -22.87690544
v 7.44075918 -31.97176170 -22.57842636
v 7.84525299 -31.35861778 -22.94905663
v 7.93449068 -30.98855209 -23.10692787
v 7.71142340 -31.67476082 -22.71068192
v 7.54496670 -31.91371536 -22.41386414
v 7.92988968 -31.32118988 -22.77295876
v 8.02308178 -30.96970749 -22.92981529
v 7.79093695 -31.61474419 -22.53850937
v 8.07421494 -30.94186592 -22.74790192
v 7.29805613 -30.95064163 -23.56527901
v 7.07680750 -31.16143227 -23.52239227
v 7.10572672 -30.96377754 -23.58023071
v 7.03835440 -31.35015488 -23.44548798
v 7.12458038 -30.75986290 -23.61794662
v 6.93591642 -31.69253540 -23.24061966
v 6.87378311 -31.84383583 -23.11635590
v 6.99107361 -31.52761459 -23.35092926
v 7.13283634 -30.55235291 -23.63447952
v 7.31474829 -30.55666733 -23.61749268
v 7.50058508 -30.56013107 -23.56403351
v 7.67947483 -30.56237984 -23.47101593
v 7.83930302 -30.56316948 -23.34138870
v 6.80557442 -31.98043060 -22.97994232
v 6.65425539 -32.20695496 -22.67731094
v 6.57267237 -32.29643250 -22.51414680
v 6.73214388 -32.10154343 -22.83308411
v 6.48815870 -32.36972427 -22.34512329
v 6.31594610 -32.49158096 -21.72724152
v 6.13317919 -32.50000000 -21.63517952
v 6.22371769 -32.49166870 -21.81625366
v 6.40152216 -32.42665100 -22.17185402
v 6.31327009 -32.46725845 -21.99535370
v 6.51000500 -32.46429443 -21.82408524
v 6.94702673 -32.32691956 -22.04191208
v 6.92373085 -32.33712006 -22.03025627
v 6.71328926 -32.41414642 -21.92524338
v 7.96891212 -30.56237793 -23.18154144
v 8.06191635 -30.56013107 -23.00262833
v 8.11538029 -30.55666542 -22.81676865
v 8.10712624 -30.82080269 -22.62225533
v 8.11953926 -30.73081207 -22.62850380
v 8.09052467 -30.91081810 -22.61390305
v 7.98301411 -31.26015663 -22.56011772
v 8.00090408 -31.21508217 -22.56908798
v 7.99212933 -31.23758507 -22.56468773
v 8.01745129 -31.17031670 -22.57738113
v 8.04665089 -31.08193207 -22.59199142
v 8.13244057 -30.55235291 -22.63483620
v 7.27482796 -32.14216232 -22.20562363
v 7.43100357 -32.02178574 -22.28386116
v 7.61031580 -31.84836197 -22.37358856
v 7.57292175 -31.88824272 -22.35489273
v 6.97015810 -32.31643677 -22.05347633
v 7.01591206 -32.29464722 -22.07633400
v 7.10528612 -32.24785233 -22.12093735
v 7.71230936 -31.72734261 -22.42481804
v 7.82547569 -31.56598854 -22.48166275
v 7.91473055 -31.40887642 -22.52612495
v 7.59183502 -31.86834526 -22.36434174
v 7.64599657 -31.80819130 -22.39147568
v -0.00000000 -31.93260384 -23.03075981
v -0.00000000 -32.35272980 -22.38843536
v -3.56641817 -32.35272980 -22.38843536
v 3.56641817 -31.93260384 -23.03075981
v 3.56641817 -32.35272980 -22.38843536
v -0.00000000 -31.30149841 -23.46755409
v -3.56641817 -31.93260384 -23.03075981
v 3.56641817 -31.30149841 -23.46755409
v -6.42324400 -32.41414642 -22.21528816
v -6.32208443 -32.46429443 -22.01200485
v -6.52825546 -32.33712006 -22.42573166
v -6.22524118 -32.49158096 -21.81794548
v -3.67990732 -32.50000000 -21.63517952
v -6.13317919 -32.50000000 -21.63517952
v -1.22663581 -32.50000000 -21.63517952
v -6.53991127 -32.32691956 -22.44902611
v -6.70362425 -32.14216232 -22.77682877
v -6.78186035 -32.02178574 -22.93300247
v -6.85289240 -31.88824272 -23.07492256
v -6.61893654 -32.24785233 -22.60728645
v -6.57433319 -32.29464722 -22.51791191
v -6.55147648 -32.31643677 -22.47215843
v -6.86234236 -31.86834526 -23.09383583
v 1.22663581 -32.50000000 -21.63517952
v 3.67990732 -32.50000000 -21.63517952
v 6.22371769 -32.49166870 -21.81625366
v 6.13317919 -32.50000000 -21.63517952
v 6.31327009 -32.46725845 -21.99535370
v 6.40152216 -32.42665100 -22.17185402
v 6.48815870 -32.36972427 -22.34512329
v 6.65425539 -32.20695496 -22.67731094
v 6.57267237 -32.29643250 -22.51414680
v 6.73214388 -32.10154343 -22.83308411
v 6.80557442 -31.98043060 -22.97994232
v 6.87378311 -31.84383583 -23.11635590
v -6.87158823 -31.84836197 -23.11231613
v -3.56641817 -31.30149841 -23.46755409
v -6.97966337 -31.56598854 -23.32747459
v -7.02412462 -31.40887642 -23.41673088
v -7.06268740 -31.23758507 -23.49412918
v -7.05811739 -31.26015663 -23.48501396
v -6.92281771 -31.72734261 -23.21430969
v -6.88947678 -31.80819130 -23.14799690
v -7.06708765 -31.21508217 -23.50290489
v -7.12025499 -30.82080269 -23.60912514
v -5.34962702 -30.55235291 -23.63445854
v -7.11190271 -30.91081810 -23.59252548
v -7.12650299 -30.73081207 -23.62154007
v -7.13283634 -30.55235291 -23.63444138
v -7.08999109 -31.08193207 -23.54865074
v -7.07538176 -31.17031670 -23.51945114
v -3.56641817 -30.55235291 -23.63447189
v 6.93591642 -31.69253540 -23.24061966
v 7.10572672 -30.96377754 -23.58023071
v 7.07680750 -31.16143227 -23.52239227
v 1.78320909 -30.55235291 -23.63448715
v 6.99107361 -31.52761459 -23.35092926
v 7.03835440 -31.35015488 -23.44548798
v -1.78320909 -30.55235291 -23.63447952
v 3.56641817 -30.55235291 -23.63448715
v 5.34962702 -30.55235291 -23.63448334
v -0.00000000 -30.55235291 -23.63448524
v 7.12458038 -30.75986290 -23.61794662
v 7.13283634 -30.55235291 -23.63447952
v -6.13317919 -32.50000000 5.01178598
v -3.67990732 -32.50000000 10.34117889
v -6.13317919 -32.50000000 10.34117889
v -6.13317919 -32.50000000 -0.31760699
v -1.22663581 -32.50000000 10.34117889
v -6.13317919 -32.50000000 -5.64699984
v 6.13317919 -32.50000000 -5.64699984
v 1.22663581 -32.50000000 10.34117889
v 6.13317919 -32.50000000 -0.31760699
v 3.67990732 -32.50000000 10.34117889
v 6.13317919 -32.50000000 5.01178598
v 6.13317919 -32.50000000 10.34117889
v -3.67990732 -32.50000000 -21.63517952
v -6.13317919 -32.50000000 -10.97639275
v -6.13317919 -32.50000000 -16.30578613
v -6.13317919 -32.50000000 -21.63517952
v -1.22663581 -32.50000000 -21.63517952
v 1.22663581 -32.50000000 -21.63517952
v 6.13317919 -32.50000000 -10.97639275
v 3.67990732 -32.50000000 -21.63517952
v 6.13317919 -32.50000000 -16.30578613
v 6.13317919 -32.50000000 -21.63517952
v -7.52875996 -31.93260384 -5.64699984
v -6.88643599 -32.35272980 -5.64699984
v -6.88643599 -32.35272980 2.84691811
v -7.52875996 -31.93260384 -14.14091778
v -6.88643599 -32.35272980 -14.14091778
v -7.96555519 -31.30149841 -5.64699984
v -7.52875996 -31.93260384 2.84691811
v -7.96555519 -31.30149841 -14.14091778
v -6.71328926 -32.41414642 10.63124371
v -6.51000500 -32.46429443 10.53008461
v -6.92373085 -32.33712006 10.73625565
v -6.94702673 -32.32691956 10.74791145
v -6.31594610 -32.49158096 10.43324089
v -6.13317919 -32.50000000 5.01178598
v -6.13317919 -32.50000000 10.34117889
v -6.13317919 -32.50000000 -0.31760699
v -6.97015810 -32.31643677 10.75947666
v -7.43100357 -32.02178574 10.98986053
v -7.27482796 -32.14216232 10.91162395
v -7.57292175 -31.88824272 11.06089211
v -7.59183502 -31.86834526 11.07034206
v -7.01591206 -32.29464722 10.78233337
v -7.10528612 -32.24785233 10.82693672
v -6.13317919 -32.50000000 -5.64699984
v -6.13317919 -32.50000000 -10.97639275
v -6.13317919 -32.50000000 -16.30578613
v -6.49335432 -32.46725845 -21.81526947
v -6.31425285 -32.49166870 -21.72571754
v -6.13317919 -32.50000000 -21.63517952
v -6.66985416 -32.42665100 -21.90352249
v -6.84312391 -32.36972427 -21.99015808
v -7.01214743 -32.29643250 -22.07467270
v -7.17531013 -32.20695496 -22.15625572
v -7.33108377 -32.10154343 -22.23414421
v -7.47794151 -31.98043060 -22.30757523
v -7.61435604 -31.84383583 -22.37578392
v -7.61031580 -31.84836197 11.07958794
v -7.91473055 -31.40887642 11.23212433
v -7.96555519 -31.30149841 2.84691811
v -7.82547569 -31.56598854 11.18766308
v -7.98301411 -31.26015663 11.26611710
v -7.99212933 -31.23758507 11.27068806
v -7.64599657 -31.80819130 11.09747696
v -7.71230936 -31.72734261 11.13081741
v -8.00090408 -31.21508217 11.27508736
v -8.10712624 -30.82080269 11.32825470
v -8.13245773 -30.55235291 7.09387732
v -8.09052467 -30.91081810 11.31990242
v -8.11953926 -30.73081207 11.33450317
v -8.13244057 -30.55235291 11.34083652
v -8.01745129 -31.17031670 11.28338146
v -8.04665089 -31.08193207 11.29799080
v -8.13247108 -30.55235291 2.84691811
v -7.73861885 -31.69253540 -22.43791580
v -8.13248444 -30.55235291 -18.38787651
v -8.07823086 -30.96377754 -22.60772705
v -7.84892941 -31.52761459 -22.49307251
v -7.94348812 -31.35015488 -22.54035378
v -8.02039146 -31.16143227 -22.57880783
v -8.13248730 -30.55235291 -9.89395905
v -8.13248730 -30.55235291 -14.14091778
v -8.13247967 -30.55235291 -1.40004086
v -8.13248539 -30.55235291 -5.64699984
v -8.13247967 -30.55235291 -22.63483620
v -8.11594772 -30.75986290 -22.62658119
v -7.86422491 -31.35292625 -22.91581726
v -7.94179916 -31.31249428 -22.73922729
v -8.00002384 -30.97652435 -22.98489761
v -7.65060902 -31.69853592 -22.80810165
v -7.74699736 -31.65355301 -22.64220047
v -7.37075520 -31.99045181 -22.66787338
v -7.48603010 -31.95207596 -22.51270676
v -7.03622580 -32.21718979 -22.50034332
v -7.16676950 -32.19506073 -22.35437775
v -6.66391039 -32.36823654 -22.31288147
v -6.80347300 -32.36925125 -22.17374611
v -7.75240135 -31.37522507 -23.08230782
v -7.89950609 -30.99222374 -23.15916443
v -7.52465200 -31.71822929 -22.96451378
v -7.23195076 -31.99765778 -22.81416321
v -6.88925505 -32.20375824 -22.63795853
v -7.61106968 -31.37722778 -23.22865677
v -7.76567173 -30.99634361 -23.31235313
v -7.37490463 -31.71026993 -23.10200691
v -7.07642603 -31.97176170 -22.94275856
v -7.44705629 -31.35861778 -23.34725380
v -7.60492802 -30.98855209 -23.43649101
v -7.20868206 -31.67476082 -23.21342278
v -6.91186476 -31.91371536 -23.04696655
v -7.27095938 -31.32118988 -23.43189049
v -7.42781544 -30.96970749 -23.52508163
v -7.03650856 -31.61474419 -23.29293633
v -7.24590158 -30.94186592 -23.57621574
v -8.06328011 -30.95064163 -22.80005646
v -8.02039146 -31.16143227 -22.57880783
v -8.07823086 -30.96377754 -22.60772705
v -7.94348812 -31.35015488 -22.54035378
v -8.11594772 -30.75986290 -22.62658119
v -7.73861885 -31.69253540 -22.43791580
v -7.61435604 -31.84383583 -22.37578392
v -7.84892941 -31.52761459 -22.49307251
v -8.13247967 -30.55235291 -22.63483620
v -8.11549282 -30.55666733 -22.81674767
v -8.06203270 -30.56013107 -23.00258446
v -7.96901560 -30.56237984 -23.18147469
v -7.83938932 -30.56316948 -23.34130287
v -7.47794151 -31.98043060 -22.30757523
v -7.17531013 -32.20695496 -22.15625572
v -7.01214743 -32.29643250 -22.07467270
v -7.33108377 -32.10154343 -22.23414421
v -6.84312391 -32.36972427 -21.99015808
v -6.22524118 -32.49158096 -21.81794548
v -6.13317919 -32.50000000 -21.63517952
v -6.31425285 -32.49166870 -21.72571754
v -6.66985416 -32.42665100 -21.90352249
v -6.49335432 -32.46725845 -21.81526947
v -6.32208443 -32.46429443 -22.01200485
v -6.53991127 -32.32691956 -22.44902611
v -6.52825546 -32.33712006 -22.42573166
v -6.42324400 -32.41414642 -22.21528816
v -7.67954063 -30.56237793 -23.47091293
v -7.50062895 -30.56013107 -23.56391716
v -7.31476974 -30.55666542 -23.61738014
v -7.12025499 -30.82080269 -23.60912514
v -7.12650299 -30.73081207 -23.62154007
v -7.11190271 -30.91081810 -23.59252548
v -7.05811739 -31.26015663 -23.48501396
v -7.06708765 -31.21508217 -23.50290489
v -7.06268740 -31.23758507 -23.49412918
v -7.07538176 -31.17031670 -23.51945114
v -7.08999109 -31.08193207 -23.54865074
v -7.13283634 -30.55235291 -23.63444138
v -6.70362425 -32.14216232 -22.77682877
v -6.78186035 -32.02178574 -22.93300247
v -6.87158823 -31.84836197 -23.11231613
v -6.85289240 -31.88824272 -23.07492256
v -6.55147648 -32.31643677 -22.47215843
v -6.57433319 -32.29464722 -22.51791191
v -6.61893654 -32.24785233 -22.60728645
v -6.92281771 -31.72734261 -23.21430969
v -6.97966337 -31.56598854 -23.32747459
v -7.02412462 -31.40887642 -23.41673088
v -6.86234236 -31.86834526 -23.09383583
v -6.88947678 -31.80819130 -23.14799690
v 6.73614073 -7.50000000 10.94414043
v -6.73614073 -7.50000000 10.94414043
v -6.73614073 -7.50000000 -22.23814011
v -27.00000000 2.50000000 21.75106239
v 27.00000000 2.50000000 21.75106239
v 27.00000000 2.50000000 22.50000000
v -32.82497025 9.18411827 -24.50000000
v -32.73745346 12.52617741 -24.50000000
v -32.68923569 12.52617741 -25.17420959
v -32.77517700 7.51308870 -25.44984245
v -32.54555511 12.52617741 -25.83469582
v -31.98540115 12.52617741 -27.06126213
v -32.04819870 7.51308870 -27.20491982
v -32.30934143 12.52617741 -26.46800995
v -31.58032990 12.52617741 -27.60237312
v -33.00000000 2.50000000 -24.50000000
v -32.91248322 5.84205914 -24.50000000
v -32.82962799 2.50000000 -25.79409599
v -31.53553391 2.50000000 -28.03553391
v -32.33012772 2.50000000 -27.00000000
v -31.44271088 7.51308870 -27.94271088
v -31.10237312 12.52617741 -28.08032990
v -30.56126213 12.52617741 -28.48540115
v -30.70491982 7.51308870 -28.54819870
v -29.96800995 12.52617741 -28.80934143
v -28.67420959 12.52617741 -29.18923569
v -28.94984245 7.51308870 -29.27517700
v -29.33469582 12.52617741 -29.04555511
v -28.00000000 12.52617741 -29.23745537
v -28.00000000 9.18411827 -29.32497025
v -29.86318207 7.51308870 -28.99811745
v -30.50000000 2.50000000 -28.83012772
v -29.29409599 2.50000000 -29.32962990
v -28.00000000 2.50000000 -29.50000000
v -28.00000000 5.84205914 -29.41248512
v -32.03231049 13.20710659 -26.37019920
v -32.31969070 13.20710659 -25.54759979
v -32.00440598 13.42387962 -25.47113800
v -32.22896194 12.88268375 -26.46140671
v -32.53035355 12.88268375 -25.59869003
v -31.58997345 13.20710659 -27.12092972
v -31.32794952 13.42387962 -26.92963409
v -31.76505280 12.88268375 -27.24874878
v -31.00967598 13.20710659 -27.77093697
v -31.15645409 12.88268375 -27.93045807
v -30.31371689 13.20710659 -28.29524612
v -30.79000664 13.42387962 -27.53219986
v -30.42655373 12.88268375 -28.48033524
v -29.52884293 13.20710659 -28.67370605
v -29.41725731 13.42387962 -28.36907578
v -29.60340309 12.88268375 -28.87725258
v -28.68521690 13.20710659 -28.89177132
v -28.63520432 13.42387962 -28.57122612
v -28.71863556 12.88268375 -29.10595322
v -32.23022079 13.37035561 -24.50000000
v -31.73779869 13.50000000 -24.50000000
v -31.68101311 13.50000000 -25.14906120
v -31.51238060 13.50000000 -25.77840233
v -31.23702812 13.50000000 -26.36889839
v -30.86331940 13.50000000 -26.90261078
v -31.73800278 13.42387962 -26.23369789
v -32.59496689 13.01503849 -24.50000000
v -32.73745346 12.52617741 -24.50000000
v -32.68923569 12.52617741 -25.17420959
v -32.54555511 12.52617741 -25.83469582
v -32.30934143 12.52617741 -26.46800995
v -31.98540115 12.52617741 -27.06126213
v -31.58032990 12.52617741 -27.60237312
v -30.40261078 13.50000000 -27.36331940
v -29.86889839 13.50000000 -27.73702812
v -30.14484406 13.42387962 -28.01823997
v -29.27840233 13.50000000 -28.01238060
v -28.64906120 13.50000000 -28.18101311
v -28.00000000 13.50000000 -28.23779869
v -28.00000000 13.37035561 -28.73022079
v -28.00000000 13.01503849 -29.09496498
v -31.10237312 12.52617741 -28.08032990
v -29.96800995 12.52617741 -28.80934143
v -30.56126213 12.52617741 -28.48540115
v -28.00000000 12.52617741 -29.23745537
v -29.33469582 12.52617741 -29.04555511
v -28.67420959 12.52617741 -29.18923569
v -29.86889839 13.50000000 20.73702812
v -28.93468285 13.50000000 19.04667282
v -30.40261078 13.50000000 20.36331940
v -30.86331940 13.50000000 19.90261078
v -31.23702812 13.50000000 19.36889839
v -29.47343636 13.50000000 18.70043564
v -29.89282036 13.50000000 18.21644211
v -31.51238060 13.50000000 18.77840233
v -28.32020760 13.50000000 19.22709846
v -29.27840233 13.50000000 21.01238060
v -28.64906120 13.50000000 21.18101311
v -28.00000000 13.50000000 21.23779869
v -27.67979240 13.50000000 19.22709846
v -27.06531715 13.50000000 19.04667282
v -26.52656364 13.50000000 18.70043564
v -30.15885925 13.50000000 17.63389778
v -31.68101311 13.50000000 18.14906120
v -31.73779869 13.50000000 17.50000000
v -30.17333221 13.50000000 16.41765785
v -30.25000000 13.50000000 17.00000000
v -29.94855690 13.50000000 15.87500000
v -18.66666603 13.50000000 21.23779869
v -26.10717964 13.50000000 18.21644211
v -25.75000000 13.50000000 17.00000000
v -25.84114075 13.50000000 17.63389778
v -25.82666779 13.50000000 16.41765785
v -9.33333302 13.50000000 21.23779869
v -9.15885925 13.50000000 19.13389778
v -7.32020855 13.50000000 20.72709846
v -7.93468380 13.50000000 20.54667282
v -8.47343636 13.50000000 20.20043564
v -8.89282036 13.50000000 19.71644211
v -9.25000000 13.50000000 18.50000000
v -6.67979145 13.50000000 20.72709846
v 0.00000000 13.50000000 21.23779869
v -6.06531620 13.50000000 20.54667282
v -5.52656317 13.50000000 20.20043564
v -5.10717964 13.50000000 19.71644211
v -4.84114075 13.50000000 19.13389778
v -9.17333317 13.50000000 17.91765785
v -8.94855690 13.50000000 17.37500000
v -8.12500000 13.50000000 16.55144310
v -26.40900993 13.50000000 15.40900993
v -8.59099007 13.50000000 16.90900993
v -26.05144310 13.50000000 15.87500000
v -4.75000000 13.50000000 18.50000000
v -4.82666683 13.50000000 17.91765785
v -6.41765738 13.50000000 16.32666779
v 0.00000000 13.50000000 -28.23779869
v -7.00000000 13.50000000 16.25000000
v -5.05144262 13.50000000 17.37500000
v 5.05144262 13.50000000 17.37500000
v 5.40900993 13.50000000 16.90900993
v -5.87500000 13.50000000 16.55144310
v 6.41765738 13.50000000 16.32666779
v 4.82666683 13.50000000 17.91765785
v -5.40900993 13.50000000 16.90900993
v -7.58234262 13.50000000 16.32666779
v -31.73779869 13.50000000 3.50000000
v -31.73779869 13.50000000 10.50000000
v -26.87500000 13.50000000 15.05144310
v -31.73779869 13.50000000 -3.50000000
v -31.73779869 13.50000000 -17.50000000
v -31.73779869 13.50000000 -10.50000000
v -26.67979240 13.50000000 -19.77290154
v -27.93468285 13.50000000 -19.95332718
v -28.47343636 13.50000000 -20.29956436
v -29.59099007 13.50000000 15.40900993
v -25.52656364 13.50000000 -20.29956436
v -29.12500000 13.50000000 15.05144310
v -28.58234215 13.50000000 14.82666683
v -28.89282036 13.50000000 -20.78355789
v -29.15885925 13.50000000 -21.36610222
v -28.00000000 13.50000000 14.75000000
v -31.73779869 13.50000000 -24.50000000
v -31.51238060 13.50000000 -25.77840233
v -28.12500000 13.50000000 -23.94855690
v -31.23702812 13.50000000 -26.36889839
v -31.68101311 13.50000000 -25.14906120
v -27.58234215 13.50000000 -24.17333221
v -30.40261078 13.50000000 -27.36331940
v -30.86331940 13.50000000 -26.90261078
v -28.59099007 13.50000000 -23.59099007
v -28.94855690 13.50000000 -23.12500000
v -29.17333221 13.50000000 -22.58234215
v -29.86889839 13.50000000 -27.73702812
v -29.27840233 13.50000000 -28.01238060
v -28.64906120 13.50000000 -28.18101311
v -29.25000000 13.50000000 -22.00000000
v -26.06531715 13.50000000 -19.95332718
v -27.41765785 13.50000000 14.82666683
v -27.32020760 13.50000000 -19.77290154
v -9.33333302 13.50000000 -28.23779869
v -25.10717964 13.50000000 -20.78355789
v -28.00000000 13.50000000 -28.23779869
v -26.41765785 13.50000000 -24.17333221
v -27.00000000 13.50000000 -24.25000000
v -25.87500000 13.50000000 -23.94855690
v -18.66666603 13.50000000 -28.23779869
v -24.75000000 13.50000000 -22.00000000
v -24.84114075 13.50000000 -21.36610222
v -24.82666779 13.50000000 -22.58234215
v -25.40900993 13.50000000 -23.59099007
v -25.05144310 13.50000000 -23.12500000
v 6.06531620 13.50000000 20.54667282
v 5.52656317 13.50000000 20.20043564
v 6.67979145 13.50000000 20.72709846
v 4.84114075 13.50000000 19.13389778
v 4.75000000 13.50000000 18.50000000
v 5.10717964 13.50000000 19.71644211
v 7.93468380 13.50000000 20.54667282
v 7.32020855 13.50000000 20.72709846
v 9.33333302 13.50000000 21.23779869
v 8.47343636 13.50000000 20.20043564
v 8.89282036 13.50000000 19.71644211
v 9.15885925 13.50000000 19.13389778
v 9.25000000 13.50000000 18.50000000
v 18.66666603 13.50000000 21.23779869
v 5.87500000 13.50000000 16.55144310
v 7.00000000 13.50000000 16.25000000
v 9.17333317 13.50000000 17.91765785
v 8.94855690 13.50000000 17.37500000
v 8.59099007 13.50000000 16.90900993
v 26.40900993 13.50000000 15.40900993
v 8.12500000 13.50000000 16.55144310
v 31.73779869 13.50000000 3.50000000
v 7.58234262 13.50000000 16.32666779
v 26.05144310 13.50000000 15.87500000
v 31.73779869 13.50000000 -3.50000000
v 28.00000000 13.50000000 21.23779869
v 26.52656364 13.50000000 18.70043564
v 28.64906120 13.50000000 21.18101311
v 28.32020760 13.50000000 19.22709846
v 27.67979240 13.50000000 19.22709846
v 27.06531715 13.50000000 19.04667282
v 29.27840233 13.50000000 21.01238060
v 28.93468285 13.50000000 19.04667282
v 29.86889839 13.50000000 20.73702812
v 30.40261078 13.50000000 20.36331940
v 30.86331940 13.50000000 19.90261078
v 29.47343636 13.50000000 18.70043564
v 31.23702812 13.50000000 19.36889839
v 26.10717964 13.50000000 18.21644211
v 25.84114075 13.50000000 17.63389778
v 25.75000000 13.50000000 17.00000000
v 25.82666779 13.50000000 16.41765785
v 31.68101311 13.50000000 18.14906120
v 29.89282036 13.50000000 18.21644211
v 31.51238060 13.50000000 18.77840233
v 30.15885925 13.50000000 17.63389778
v 30.17333221 13.50000000 16.41765785
v 30.25000000 13.50000000 17.00000000
v 31.73779869 13.50000000 17.50000000
v 29.94855690 13.50000000 15.87500000
v 26.87500000 13.50000000 15.05144310
v 25.52656364 13.50000000 -20.29956436
v 31.73779869 13.50000000 -10.50000000
v 26.06531715 13.50000000 -19.95332718
v 25.10717964 13.50000000 -20.78355789
v 9.33333302 13.50000000 -28.23779869
v 24.84114075 13.50000000 -21.36610222
v 27.41765785 13.50000000 14.82666683
v 31.73779869 13.50000000 10.50000000
v 26.67979240 13.50000000 -19.77290154
v 31.73779869 13.50000000 -17.50000000
v 27.32020760 13.50000000 -19.77290154
v 27.93468285 13.50000000 -19.95332718
v 18.66666603 13.50000000 -28.23779869
v 24.82666779 13.50000000 -22.58234215
v 25.05144310 13.50000000 -23.12500000
v 24.75000000 13.50000000 -22.00000000
v 25.40900993 13.50000000 -23.59099007
v 25.87500000 13.50000000 -23.94855690
v 28.00000000 13.50000000 -28.23779869
v 26.41765785 13.50000000 -24.17333221
v 27.00000000 13.50000000 -24.25000000
v 27.58234215 13.50000000 -24.17333221
v 28.64906120 13.50000000 -28.18101311
v 31.23702812 13.50000000 -26.36889839
v 28.12500000 13.50000000 -23.94855690
v 28.00000000 13.50000000 14.75000000
v 29.12500000 13.50000000 15.05144310
v 28.58234215 13.50000000 14.82666683
v 28.47343636 13.50000000 -20.29956436
v 28.89282036 13.50000000 -20.78355789
v 29.15885925 13.50000000 -21.36610222
v 29.59099007 13.50000000 15.40900993
v 31.73779869 13.50000000 -24.50000000
v 29.17333221 13.50000000 -22.58234215
v 28.94855690 13.50000000 -23.12500000
v 28.59099007 13.50000000 -23.59099007
v 29.27840233 13.50000000 -28.01238060
v 29.86889839 13.50000000 -27.73702812
v 31.68101311 13.50000000 -25.14906120
v 29.25000000 13.50000000 -22.00000000
v 31.51238060 13.50000000 -25.77840233
v 30.40261078 13.50000000 -27.36331940
v 30.86331940 13.50000000 -26.90261078
v -28.51666641 12.76666641 -22.00000000
v -28.10341644 12.39999962 -21.67600822
v -28.14999962 12.39999962 -22.00000000
v -28.88333321 13.13333321 -22.00000000
v -28.57059479 12.94999981 -21.34943771
v -27.96744156 12.39999962 -21.37826347
v -27.75308990 12.39999962 -21.13088799
v -27.47772789 12.39999962 -20.95392227
v -27.65056229 12.94999981 -20.42940521
v -27.16366196 12.39999962 -20.86170578
v -29.15885925 13.50000000 -21.36610222
v -29.25000000 13.50000000 -22.00000000
v -28.89282036 13.50000000 -20.78355789
v -27.93468285 13.50000000 -19.95332718
v -27.32020760 13.50000000 -19.77290154
v -28.47343636 13.50000000 -20.29956436
v -26.67979240 13.50000000 -19.77290154
v -27.00000000 12.94999981 -20.29999924
v -26.83633804 12.39999962 -20.86170578
v -26.34943771 12.94999981 -20.42940521
v -26.52227211 12.39999962 -20.95392227
v -25.79791832 12.94999981 -20.79791832
v -26.24691010 12.39999962 -21.13088799
v -25.89658356 12.39999962 -21.67600822
v -26.03255844 12.39999962 -21.37826347
v -25.42940521 12.94999981 -21.34943771
v -25.48333359 12.76666641 -22.00000000
v -25.85000038 12.39999962 -22.00000000
v -26.06531715 13.50000000 -19.95332718
v -25.52656364 13.50000000 -20.29956436
v -25.10717964 13.50000000 -20.78355789
v -24.84114075 13.50000000 -21.36610222
v -25.11666679 13.13333321 -22.00000000
v -24.75000000 13.50000000 -22.00000000
v -25.79791832 12.94999981 -23.20208168
v -25.99237251 12.67500019 -23.00762749
v -25.42940521 12.94999981 -22.65056229
v -25.60346413 13.22500038 -23.39653587
v -25.17533875 13.22500038 -22.75580025
v -26.34943771 12.94999981 -23.57059479
v -26.45467567 12.67500019 -23.31652832
v -26.24419975 13.22500038 -23.82466125
v -25.88918495 12.39999962 -22.29764175
v -25.85000038 12.39999962 -22.00000000
v -25.48333359 12.76666641 -22.00000000
v -26.00407028 12.39999962 -22.57500076
v -25.68347168 12.67500019 -22.54532433
v -26.18682671 12.39999962 -22.81317329
v -26.42499924 12.39999962 -22.99592972
v -25.11666679 13.13333321 -22.00000000
v -24.82666779 13.50000000 -22.58234215
v -24.75000000 13.50000000 -22.00000000
v -25.05144310 13.50000000 -23.12500000
v -26.70235825 12.39999962 -23.11081505
v -27.00000000 12.76666641 -23.51666641
v -27.00000000 12.39999962 -23.14999962
v -27.00000000 13.13333321 -23.88333321
v -25.87500000 13.50000000 -23.94855690
v -26.41765785 13.50000000 -24.17333221
v -27.00000000 13.50000000 -24.25000000
v -25.85000038 11.80000019 -22.00000000
v -25.89658356 11.50000000 -22.32399178
v -25.85000038 11.50000000 -22.00000000
v -25.85000038 12.10000038 -22.00000000
v -25.93753815 11.94999981 -22.44008636
v -26.03255844 11.50000000 -22.62173653
v -26.18682671 11.94999981 -22.81317329
v -26.24691010 11.50000000 -22.86911201
v -26.55991364 11.94999981 -23.06246185
v -26.83633804 11.50000000 -23.13829422
v -26.52227211 11.50000000 -23.04607773
v -26.00407028 12.39999962 -22.57500076
v -25.88918495 12.39999962 -22.29764175
v -25.85000038 12.39999962 -22.00000000
v -26.70235825 12.39999962 -23.11081505
v -27.00000000 11.94999981 -23.14999962
v -26.42499924 12.39999962 -22.99592972
v -27.16366196 11.50000000 -23.13829422
v -27.44008636 11.94999981 -23.06246185
v -27.81317329 11.94999981 -22.81317329
v -27.75308990 11.50000000 -22.86911201
v -27.00000000 12.39999962 -23.14999962
v -27.29764175 12.39999962 -23.11081505
v -28.06246185 11.94999981 -22.44008636
v -27.96744156 11.50000000 -22.62173653
v -28.10341644 11.50000000 -22.32399178
v -28.14999962 11.50000000 -22.00000000
v -28.14999962 11.80000019 -22.00000000
v -27.57500076 12.39999962 -22.99592972
v -28.11081505 12.39999962 -22.29764175
v -28.14999962 12.10000038 -22.00000000
v -27.99592972 12.39999962 -22.57500076
v -28.14999962 12.39999962 -22.00000000
v -28.14999962 11.80000019 -22.00000000
v -28.10341644 11.50000000 -21.67600822
v -28.14999962 11.50000000 -22.00000000
v -28.14999962 12.10000038 -22.00000000
v -28.06246185 11.94999981 -21.55991364
v -27.96744156 11.50000000 -21.37826347
v -27.75308990 11.50000000 -21.13088799
v -27.47772789 11.50000000 -20.95392227
v -27.44008636 11.94999981 -20.93753815
v -27.16366196 11.50000000 -20.86170578
v -28.10341644 12.39999962 -21.67600822
v -28.14999962 12.39999962 -22.00000000
v -27.96744156 12.39999962 -21.37826347
v -27.47772789 12.39999962 -20.95392227
v -27.16366196 12.39999962 -20.86170578
v -27.75308990 12.39999962 -21.13088799
v -26.83633804 12.39999962 -20.86170578
v -27.00000000 11.94999981 -20.85000038
v -26.83633804 11.50000000 -20.86170578
v -26.55991364 11.94999981 -20.93753815
v -26.18682671 11.94999981 -21.18682671
v -26.24691010 11.50000000 -21.13088799
v -25.89658356 11.50000000 -21.67600822
v -26.03255844 11.50000000 -21.37826347
v -25.93753815 11.94999981 -21.55991364
v -25.85000038 11.80000019 -22.00000000
v -25.85000038 11.50000000 -22.00000000
v -26.52227211 12.39999962 -20.95392227
v -26.24691010 12.39999962 -21.13088799
v -26.03255844 12.39999962 -21.37826347
v -25.89658356 12.39999962 -21.67600822
v -25.85000038 12.10000038 -22.00000000
v -25.85000038 12.39999962 -22.00000000
v 28.14999962 11.80000019 -22.00000000
v 28.10341644 11.50000000 -22.32399178
v 28.14999962 11.50000000 -22.00000000
v 28.14999962 12.10000038 -22.00000000
v 28.06246185 11.94999981 -22.44008636
v 27.96744156 11.50000000 -22.62173653
v 27.81317329 11.94999981 -22.81317329
v 27.75308990 11.50000000 -22.86911201
v 27.44008636 11.94999981 -23.06246185
v 27.16366196 11.50000000 -23.13829422
v 27.47772789 11.50000000 -23.04607773
v 27.99592972 12.39999962 -22.57500076
v 28.11081505 12.39999962 -22.29764175
v 28.14999962 12.39999962 -22.00000000
v 27.29764175 12.39999962 -23.11081505
v 27.00000000 11.94999981 -23.14999962
v 27.57500076 12.39999962 -22.99592972
v 26.83633804 11.50000000 -23.13829422
v 26.55991364 11.94999981 -23.06246185
v 26.18682671 11.94999981 -22.81317329
v 26.24691010 11.50000000 -22.86911201
v 27.00000000 12.39999962 -23.14999962
v 26.70235825 12.39999962 -23.11081505
v 25.93753815 11.94999981 -22.44008636
v 26.03255844 11.50000000 -22.62173653
v 25.89658356 11.50000000 -22.32399178
v 25.85000038 11.50000000 -22.00000000
v 25.85000038 11.80000019 -22.00000000
v 26.42499924 12.39999962 -22.99592972
v 25.88918495 12.39999962 -22.29764175
v 25.85000038 12.10000038 -22.00000000
v 26.00407028 12.39999962 -22.57500076
v 25.85000038 12.39999962 -22.00000000
v 26.18682671 12.39999962 -22.81317329
v 28.20208168 12.94999981 -23.20208168
v 28.00762749 12.67500019 -23.00762749
v 28.57059479 12.94999981 -22.65056229
v 28.39653587 13.22500038 -23.39653587
v 28.82466125 13.22500038 -22.75580025
v 27.65056229 12.94999981 -23.57059479
v 27.54532433 12.67500019 -23.31652832
v 27.75580025 13.22500038 -23.82466125
v 28.11081505 12.39999962 -22.29764175
v 28.14999962 12.39999962 -22.00000000
v 28.51666641 12.76666641 -22.00000000
v 27.99592972 12.39999962 -22.57500076
v 28.31652832 12.67500019 -22.54532433
v 27.57500076 12.39999962 -22.99592972
v 27.81317329 12.39999962 -22.81317329
v 28.88333321 13.13333321 -22.00000000
v 29.17333221 13.50000000 -22.58234215
v 29.25000000 13.50000000 -22.00000000
v 28.94855690 13.50000000 -23.12500000
v 27.29764175 12.39999962 -23.11081505
v 27.00000000 12.76666641 -23.51666641
v 27.00000000 12.39999962 -23.14999962
v 27.00000000 13.13333321 -23.88333321
v 28.12500000 13.50000000 -23.94855690
v 27.58234215 13.50000000 -24.17333221
v 27.00000000 13.50000000 -24.25000000
v 25.48333359 12.76666641 -22.00000000
v 25.89658356 12.39999962 -21.67600822
v 25.85000038 12.39999962 -22.00000000
v 25.11666679 13.13333321 -22.00000000
v 25.42940521 12.94999981 -21.34943771
v 26.03255844 12.39999962 -21.37826347
v 26.24691010 12.39999962 -21.13088799
v 26.52227211 12.39999962 -20.95392227
v 26.34943771 12.94999981 -20.42940521
v 26.83633804 12.39999962 -20.86170578
v 24.84114075 13.50000000 -21.36610222
v 24.75000000 13.50000000 -22.00000000
v 25.10717964 13.50000000 -20.78355789
v 26.06531715 13.50000000 -19.95332718
v 26.67979240 13.50000000 -19.77290154
v 27.00000000 12.94999981 -20.29999924
v 25.52656364 13.50000000 -20.29956436
v 27.32020760 13.50000000 -19.77290154
v 27.16366196 12.39999962 -20.86170578
v 27.65056229 12.94999981 -20.42940521
v 28.20208168 12.94999981 -20.79791832
v 27.75308990 12.39999962 -21.13088799
v 28.10341644 12.39999962 -21.67600822
v 27.96744156 12.39999962 -21.37826347
v 28.57059479 12.94999981 -21.34943771
v 28.51666641 12.76666641 -22.00000000
v 28.14999962 12.39999962 -22.00000000
v 27.93468285 13.50000000 -19.95332718
v 28.47343636 13.50000000 -20.29956436
v 28.89282036 13.50000000 -20.78355789
v 29.15885925 13.50000000 -21.36610222
v 28.88333321 13.13333321 -22.00000000
v 29.25000000 13.50000000 -22.00000000
v 25.85000038 11.80000019 -22.00000000
v 25.89658356 11.50000000 -21.67600822
v 25.85000038 11.50000000 -22.00000000
v 25.85000038 12.10000038 -22.00000000
v 25.93753815 11.94999981 -21.55991364
v 26.03255844 11.50000000 -21.37826347
v 26.24691010 11.50000000 -21.13088799
v 26.52227211 11.50000000 -20.95392227
v 26.55991364 11.94999981 -20.93753815
v 26.83633804 11.50000000 -20.86170578
v 25.89658356 12.39999962 -21.67600822
v 25.85000038 12.39999962 -22.00000000
v 26.03255844 12.39999962 -21.37826347
v 26.52227211 12.39999962 -20.95392227
v 26.83633804 12.39999962 -20.86170578
v 27.00000000 11.94999981 -20.85000038
v 26.24691010 12.39999962 -21.13088799
v 27.16366196 12.39999962 -20.86170578
v 27.16366196 11.50000000 -20.86170578
v 27.44008636 11.94999981 -20.93753815
v 27.81317329 11.94999981 -21.18682671
v 27.75308990 11.50000000 -21.13088799
v 28.10341644 11.50000000 -21.67600822
v 27.96744156 11.50000000 -21.37826347
v 28.06246185 11.94999981 -21.55991364
v 28.14999962 11.80000019 -22.00000000
v 28.14999962 11.50000000 -22.00000000
v 27.47772789 12.39999962 -20.95392227
v 27.75308990 12.39999962 -21.13088799
v 27.96744156 12.39999962 -21.37826347
v 28.10341644 12.39999962 -21.67600822
v 28.14999962 12.10000038 -22.00000000
v 28.14999962 12.39999962 -22.00000000
v 8.14999962 11.80000019 18.50000000
v 8.10341644 11.50000000 18.17600822
v 8.14999962 11.50000000 18.50000000
v 8.14999962 12.10000038 18.50000000
v 8.06246185 11.94999981 18.05991364
v 7.96744156 11.50000000 17.87826347
v 7.81317282 11.94999981 17.68682671
v 7.75308990 11.50000000 17.63088799
v 7.44008589 11.94999981 17.43753815
v 7.47772741 11.50000000 17.45392227
v 7.16366196 11.50000000 17.36170578
v 7.99592924 12.39999962 17.92499924
v 8.11081505 12.39999962 18.20235825
v 8.14999962 12.39999962 18.50000000
v 7.29764175 12.39999962 17.38918495
v 7.00000000 11.94999981 17.35000038
v 7.57499981 12.39999962 17.50407028
v 6.83633804 11.50000000 17.36170578
v 6.55991411 11.94999981 17.43753815
v 6.18682718 11.94999981 17.68682671
v 6.24691010 11.50000000 17.63088799
v 7.00000000 12.39999962 17.35000038
v 6.70235825 12.39999962 17.38918495
v 5.93753862 11.94999981 18.05991364
v 6.03255844 11.50000000 17.87826347
v 5.89658308 11.50000000 18.17600822
v 5.84999990 11.50000000 18.50000000
v 5.84999990 11.80000019 18.50000000
v 6.42500019 12.39999962 17.50407028
v 5.88918543 12.39999962 18.20235825
v 5.84999990 12.10000038 18.50000000
v 6.00407076 12.39999962 17.92499924
v 5.84999990 12.39999962 18.50000000
v 8.20208168 12.94999981 17.29791832
v 8.00762749 12.67500019 17.49237251
v 8.57059479 12.94999981 17.84943771
v 8.39653587 13.22500038 17.10346413
v 7.65056181 12.94999981 16.92940521
v 7.54532385 12.67500019 17.18347168
v 7.75579977 13.22500038 16.67533875
v 8.11081505 12.39999962 18.20235825
v 8.14999962 12.39999962 18.50000000
v 8.51666641 12.76666641 18.50000000
v 7.99592924 12.39999962 17.92499924
v 8.31652832 12.67500019 17.95467567
v 7.81317282 12.39999962 17.68682671
v 7.57499981 12.39999962 17.50407028
v 8.88333321 13.13333321 18.50000000
v 9.17333317 13.50000000 17.91765785
v 9.25000000 13.50000000 18.50000000
v 8.82466221 13.22500038 17.74419975
v 8.94855690 13.50000000 17.37500000
v 7.29764175 12.39999962 17.38918495
v 7.00000000 12.76666641 16.98333359
v 7.00000000 12.39999962 17.35000038
v 7.00000000 13.13333321 16.61666679
v 8.12500000 13.50000000 16.55144310
v 7.58234262 13.50000000 16.32666779
v 7.00000000 13.50000000 16.25000000
v 5.48333311 12.76666641 18.50000000
v 5.89658308 12.39999962 18.82399178
v 5.84999990 12.39999962 18.50000000
v 5.11666679 13.13333321 18.50000000
v 5.42940474 12.94999981 19.15056229
v 6.03255844 12.39999962 19.12173653
v 6.24691010 12.39999962 19.36911201
v 6.52227259 12.39999962 19.54607773
v 6.34943819 12.94999981 20.07059479
v 6.83633804 12.39999962 19.63829422
v 4.84114075 13.50000000 19.13389778
v 4.75000000 13.50000000 18.50000000
v 5.10717964 13.50000000 19.71644211
v 6.06531620 13.50000000 20.54667282
v 6.67979145 13.50000000 20.72709846
v 5.52656317 13.50000000 20.20043564
v 7.32020855 13.50000000 20.72709846
v 7.00000000 12.94999981 20.20000076
v 7.16366196 12.39999962 19.63829422
v 7.65056181 12.94999981 20.07059479
v 8.20208168 12.94999981 19.70208168
v 7.75308990 12.39999962 19.36911201
v 8.10341644 12.39999962 18.82399178
v 7.96744156 12.39999962 19.12173653
v 8.57059479 12.94999981 19.15056229
v 8.51666641 12.76666641 18.50000000
v 8.14999962 12.39999962 18.50000000
v 7.93468380 13.50000000 20.54667282
v 8.47343636 13.50000000 20.20043564
v 8.89282036 13.50000000 19.71644211
v 9.15885925 13.50000000 19.13389778
v 8.88333321 13.13333321 18.50000000
v 9.25000000 13.50000000 18.50000000
v 5.84999990 11.80000019 18.50000000
v 5.89658308 11.50000000 18.82399178
v 5.84999990 11.50000000 18.50000000
v 5.84999990 12.10000038 18.50000000
v 5.93753862 11.94999981 18.94008636
v 6.03255844 11.50000000 19.12173653
v 6.24691010 11.50000000 19.36911201
v 6.52227259 11.50000000 19.54607773
v 6.55991411 11.94999981 19.56246185
v 6.83633804 11.50000000 19.63829422
v 5.89658308 12.39999962 18.82399178
v 5.84999990 12.39999962 18.50000000
v 6.03255844 12.39999962 19.12173653
v 6.52227259 12.39999962 19.54607773
v 6.83633804 12.39999962 19.63829422
v 6.24691010 12.39999962 19.36911201
v 7.16366196 12.39999962 19.63829422
v 7.00000000 11.94999981 19.64999962
v 7.16366196 11.50000000 19.63829422
v 7.44008589 11.94999981 19.56246185
v 7.81317282 11.94999981 19.31317329
v 7.75308990 11.50000000 19.36911201
v 8.10341644 11.50000000 18.82399178
v 7.96744156 11.50000000 19.12173653
v 8.06246185 11.94999981 18.94008636
v 8.14999962 11.80000019 18.50000000
v 8.14999962 11.50000000 18.50000000
v 7.47772741 12.39999962 19.54607773
v 7.75308990 12.39999962 19.36911201
v 7.96744156 12.39999962 19.12173653
v 8.10341644 12.39999962 18.82399178
v 8.14999962 12.10000038 18.50000000
v 8.14999962 12.39999962 18.50000000
v -5.84999990 11.80000019 18.50000000
v -5.89658308 11.50000000 18.17600822
v -5.84999990 11.50000000 18.50000000
v -5.84999990 12.10000038 18.50000000
v -5.93753862 11.94999981 18.05991364
v -6.03255844 11.50000000 17.87826347
v -6.18682718 11.94999981 17.68682671
v -6.24691010 11.50000000 17.63088799
v -6.55991411 11.94999981 17.43753815
v -6.83633804 11.50000000 17.36170578
v -6.52227259 11.50000000 17.45392227
v -6.00407076 12.39999962 17.92499924
v -5.88918543 12.39999962 18.20235825
v -5.84999990 12.39999962 18.50000000
v -6.70235825 12.39999962 17.38918495
v -7.00000000 11.94999981 17.35000038
v -6.42500019 12.39999962 17.50407028
v -7.16366196 11.50000000 17.36170578
v -7.44008589 11.94999981 17.43753815
v -7.81317282 11.94999981 17.68682671
v -7.75308990 11.50000000 17.63088799
v -7.00000000 12.39999962 17.35000038
v -7.29764175 12.39999962 17.38918495
v -8.06246185 11.94999981 18.05991364
v -7.96744156 11.50000000 17.87826347
v -8.10341644 11.50000000 18.17600822
v -8.14999962 11.50000000 18.50000000
v -8.14999962 11.80000019 18.50000000
v -7.57499981 12.39999962 17.50407028
v -8.11081505 12.39999962 18.20235825
v -8.14999962 12.10000038 18.50000000
v -7.99592924 12.39999962 17.92499924
v -8.14999962 12.39999962 18.50000000
v -5.79791832 12.94999981 17.29791832
v -5.99237299 12.67500019 17.49237251
v -5.68347168 12.67500019 17.95467567
v -5.60346413 13.22500038 17.10346413
v -5.42940474 12.94999981 17.84943771
v -6.34943819 12.94999981 16.92940521
v -6.45467615 12.67500019 17.18347168
v -6.24420023 13.22500038 16.67533875
v -5.88918543 12.39999962 18.20235825
v -5.84999990 12.39999962 18.50000000
v -5.48333311 12.76666641 18.50000000
v -6.00407076 12.39999962 17.92499924
v -6.18682718 12.39999962 17.68682671
v -6.42500019 12.39999962 17.50407028
v -5.11666679 13.13333321 18.50000000
v -4.82666683 13.50000000 17.91765785
v -4.75000000 13.50000000 18.50000000
v -5.17533779 13.22500038 17.74419975
v -5.05144262 13.50000000 17.37500000
v -6.70235825 12.39999962 17.38918495
v -7.00000000 12.76666641 16.98333359
v -7.00000000 12.39999962 17.35000038
v -7.00000000 13.13333321 16.61666679
v -5.87500000 13.50000000 16.55144310
v -6.41765738 13.50000000 16.32666779
v -7.00000000 13.50000000 16.25000000
v -8.51666641 12.76666641 18.50000000
v -8.10341644 12.39999962 18.82399178
v -8.14999962 12.39999962 18.50000000
v -8.88333321 13.13333321 18.50000000
v -8.57059479 12.94999981 19.15056229
v -7.96744156 12.39999962 19.12173653
v -7.75308990 12.39999962 19.36911201
v -7.47772741 12.39999962 19.54607773
v -7.65056181 12.94999981 20.07059479
v -7.16366196 12.39999962 19.63829422
v -9.15885925 13.50000000 19.13389778
v -9.25000000 13.50000000 18.50000000
v -8.89282036 13.50000000 19.71644211
v -7.93468380 13.50000000 20.54667282
v -7.32020855 13.50000000 20.72709846
v -8.47343636 13.50000000 20.20043564
v -6.67979145 13.50000000 20.72709846
v -7.00000000 12.94999981 20.20000076
v -6.83633804 12.39999962 19.63829422
v -6.34943819 12.94999981 20.07059479
v -5.79791832 12.94999981 19.70208168
v -6.24691010 12.39999962 19.36911201
v -5.89658308 12.39999962 18.82399178
v -6.03255844 12.39999962 19.12173653
v -5.42940474 12.94999981 19.15056229
v -5.48333311 12.76666641 18.50000000
v -5.84999990 12.39999962 18.50000000
v -6.06531620 13.50000000 20.54667282
v -5.52656317 13.50000000 20.20043564
v -5.10717964 13.50000000 19.71644211
v -4.84114075 13.50000000 19.13389778
v -5.11666679 13.13333321 18.50000000
v -4.75000000 13.50000000 18.50000000
v -8.14999962 11.80000019 18.50000000
v -8.10341644 11.50000000 18.82399178
v -8.14999962 11.50000000 18.50000000
v -8.14999962 12.10000038 18.50000000
v -8.06246185 11.94999981 18.94008636
v -7.96744156 11.50000000 19.12173653
v -7.75308990 11.50000000 19.36911201
v -7.47772741 11.50000000 19.54607773
v -7.44008589 11.94999981 19.56246185
v -7.16366196 11.50000000 19.63829422
v -8.10341644 12.39999962 18.82399178
v -8.14999962 12.39999962 18.50000000
v -7.96744156 12.39999962 19.12173653
v -7.47772741 12.39999962 19.54607773
v -7.16366196 12.39999962 19.63829422
v -7.75308990 12.39999962 19.36911201
v -6.83633804 12.39999962 19.63829422
v -7.00000000 11.94999981 19.64999962
v -6.83633804 11.50000000 19.63829422
v -6.55991411 11.94999981 19.56246185
v -6.18682718 11.94999981 19.31317329
v -6.24691010 11.50000000 19.36911201
v -5.89658308 11.50000000 18.82399178
v -6.03255844 11.50000000 19.12173653
v -5.93753862 11.94999981 18.94008636
v -5.84999990 11.80000019 18.50000000
v -5.84999990 11.50000000 18.50000000
v -6.52227259 12.39999962 19.54607773
v -6.24691010 12.39999962 19.36911201
v -6.03255844 12.39999962 19.12173653
v -5.89658308 12.39999962 18.82399178
v -5.84999990 12.10000038 18.50000000
v -5.84999990 12.39999962 18.50000000
v -26.85000038 11.80000019 17.00000000
v -26.89658356 11.50000000 16.67600822
v -26.85000038 11.50000000 17.00000000
v -26.85000038 12.10000038 17.00000000
v -26.93753815 11.94999981 16.55991364
v -27.03255844 11.50000000 16.37826347
v -27.18682671 11.94999981 16.18682671
v -27.24691010 11.50000000 16.13088799
v -27.55991364 11.94999981 15.93753815
v -27.52227211 11.50000000 15.95392323
v -27.83633804 11.50000000 15.86170578
v -27.00407028 12.39999962 16.42499924
v -26.88918495 12.39999962 16.70235825
v -26.85000038 12.39999962 17.00000000
v -27.70235825 12.39999962 15.88918495
v -28.00000000 11.94999981 15.85000038
v -27.42499924 12.39999962 16.00407028
v -28.16366196 11.50000000 15.86170578
v -28.44008636 11.94999981 15.93753815
v -28.47772789 11.50000000 15.95392323
v -28.81317329 11.94999981 16.18682671
v -28.75308990 11.50000000 16.13088799
v -28.00000000 12.39999962 15.85000038
v -28.29764175 12.39999962 15.88918495
v -29.06246185 11.94999981 16.55991364
v -28.96744156 11.50000000 16.37826347
v -29.10341644 11.50000000 16.67600822
v -29.14999962 11.50000000 17.00000000
v -29.14999962 11.80000019 17.00000000
v -28.57500076 12.39999962 16.00407028
v -29.11081505 12.39999962 16.70235825
v -29.14999962 12.10000038 17.00000000
v -28.99592972 12.39999962 16.42499924
v -29.14999962 12.39999962 17.00000000
v -26.79791832 12.94999981 15.79791832
v -26.99237251 12.67500019 15.99237251
v -26.42940521 12.94999981 16.34943771
v -26.60346413 13.22500038 15.60346413
v -26.17533875 13.22500038 16.24419975
v -27.34943771 12.94999981 15.42940521
v -27.45467567 12.67500019 15.68347168
v -27.24419975 13.22500038 15.17533779
v -26.88918495 12.39999962 16.70235825
v -26.85000038 12.39999962 17.00000000
v -26.48333359 12.76666641 17.00000000
v -27.00407028 12.39999962 16.42499924
v -26.68347168 12.67500019 16.45467567
v -27.18682671 12.39999962 16.18682671
v -27.42499924 12.39999962 16.00407028
v -26.11666679 13.13333321 17.00000000
v -25.82666779 13.50000000 16.41765785
v -25.75000000 13.50000000 17.00000000
v -26.05144310 13.50000000 15.87500000
v -27.70235825 12.39999962 15.88918495
v -28.00000000 12.76666641 15.48333359
v -28.00000000 12.39999962 15.85000038
v -28.00000000 13.13333321 15.11666679
v -26.87500000 13.50000000 15.05144310
v -27.41765785 13.50000000 14.82666683
v -28.00000000 13.50000000 14.75000000
v -29.51666641 12.76666641 17.00000000
v -29.10341644 12.39999962 17.32399178
v -29.14999962 12.39999962 17.00000000
v -29.88333321 13.13333321 17.00000000
v -29.57059479 12.94999981 17.65056229
v -28.96744156 12.39999962 17.62173653
v -28.75308990 12.39999962 17.86911201
v -28.47772789 12.39999962 18.04607773
v -28.65056229 12.94999981 18.57059479
v -28.16366196 12.39999962 18.13829422
v -30.15885925 13.50000000 17.63389778
v -30.25000000 13.50000000 17.00000000
v -29.89282036 13.50000000 18.21644211
v -28.93468285 13.50000000 19.04667282
v -28.32020760 13.50000000 19.22709846
v -29.47343636 13.50000000 18.70043564
v -27.67979240 13.50000000 19.22709846
v -28.00000000 12.94999981 18.70000076
v -27.83633804 12.39999962 18.13829422
v -27.34943771 12.94999981 18.57059479
v -26.79791832 12.94999981 18.20208168
v -27.24691010 12.39999962 17.86911201
v -26.89658356 12.39999962 17.32399178
v -27.03255844 12.39999962 17.62173653
v -26.42940521 12.94999981 17.65056229
v -26.48333359 12.76666641 17.00000000
v -26.85000038 12.39999962 17.00000000
v -27.06531715 13.50000000 19.04667282
v -26.52656364 13.50000000 18.70043564
v -26.10717964 13.50000000 18.21644211
v -25.84114075 13.50000000 17.63389778
v -26.11666679 13.13333321 17.00000000
v -25.75000000 13.50000000 17.00000000
v -29.14999962 11.80000019 17.00000000
v -29.10341644 11.50000000 17.32399178
v -29.14999962 11.50000000 17.00000000
v -29.14999962 12.10000038 17.00000000
v -29.06246185 11.94999981 17.44008636
v -28.96744156 11.50000000 17.62173653
v -28.75308990 11.50000000 17.86911201
v -28.47772789 11.50000000 18.04607773
v -28.44008636 11.94999981 18.06246185
v -28.16366196 11.50000000 18.13829422
v -29.10341644 12.39999962 17.32399178
v -29.14999962 12.39999962 17.00000000
v -28.96744156 12.39999962 17.62173653
v -28.47772789 12.39999962 18.04607773
v -28.16366196 12.39999962 18.13829422
v -28.00000000 11.94999981 18.14999962
v -28.75308990 12.39999962 17.86911201
v -27.83633804 12.39999962 18.13829422
v -27.83633804 11.50000000 18.13829422
v -27.55991364 11.94999981 18.06246185
v -27.18682671 11.94999981 17.81317329
v -27.24691010 11.50000000 17.86911201
v -26.89658356 11.50000000 17.32399178
v -27.03255844 11.50000000 17.62173653
v -26.93753815 11.94999981 17.44008636
v -26.85000038 11.80000019 17.00000000
v -26.85000038 11.50000000 17.00000000
v -27.52227211 12.39999962 18.04607773
v -27.24691010 12.39999962 17.86911201
v -27.03255844 12.39999962 17.62173653
v -26.89658356 12.39999962 17.32399178
v -26.85000038 12.10000038 17.00000000
v -26.85000038 12.39999962 17.00000000
v 29.14999962 11.80000019 17.00000000
v 29.10341644 11.50000000 16.67600822
v 29.14999962 11.50000000 17.00000000
v 29.14999962 12.10000038 17.00000000
v 29.06246185 11.94999981 16.55991364
v 28.96744156 11.50000000 16.37826347
v 28.81317329 11.94999981 16.18682671
v 28.75308990 11.50000000 16.13088799
v 28.44008636 11.94999981 15.93753815
v 28.16366196 11.50000000 15.86170578
v 28.47772789 11.50000000 15.95392323
v 28.99592972 12.39999962 16.42499924
v 29.11081505 12.39999962 16.70235825
v 29.14999962 12.39999962 17.00000000
v 28.29764175 12.39999962 15.88918495
v 28.00000000 11.94999981 15.85000038
v 28.57500076 12.39999962 16.00407028
v 27.83633804 11.50000000 15.86170578
v 27.55991364 11.94999981 15.93753815
v 27.18682671 11.94999981 16.18682671
v 27.24691010 11.50000000 16.13088799
v 28.00000000 12.39999962 15.85000038
v 27.70235825 12.39999962 15.88918495
v 26.93753815 11.94999981 16.55991364
v 27.03255844 11.50000000 16.37826347
v 26.89658356 11.50000000 16.67600822
v 26.85000038 11.50000000 17.00000000
v 26.85000038 11.80000019 17.00000000
v 27.42499924 12.39999962 16.00407028
v 26.88918495 12.39999962 16.70235825
v 26.85000038 12.10000038 17.00000000
v 27.00407028 12.39999962 16.42499924
v 26.85000038 12.39999962 17.00000000
v 29.20208168 12.94999981 15.79791832
v 29.00762749 12.67500019 15.99237251
v 29.57059479 12.94999981 16.34943771
v 29.39653587 13.22500038 15.60346413
v 29.82466125 13.22500038 16.24419975
v 28.65056229 12.94999981 15.42940521
v 28.54532433 12.67500019 15.68347168
v 28.75580025 13.22500038 15.17533779
v 29.11081505 12.39999962 16.70235825
v 29.14999962 12.39999962 17.00000000
v 29.51666641 12.76666641 17.00000000
v 28.99592972 12.39999962 16.42499924
v 29.31652832 12.67500019 16.45467567
v 28.57500076 12.39999962 16.00407028
v 28.81317329 12.39999962 16.18682671
v 29.88333321 13.13333321 17.00000000
v 30.17333221 13.50000000 16.41765785
v 30.25000000 13.50000000 17.00000000
v 29.94855690 13.50000000 15.87500000
v 28.29764175 12.39999962 15.88918495
v 28.00000000 12.76666641 15.48333359
v 28.00000000 12.39999962 15.85000038
v 28.00000000 13.13333321 15.11666679
v 29.12500000 13.50000000 15.05144310
v 28.58234215 13.50000000 14.82666683
v 28.00000000 13.50000000 14.75000000
v 26.48333359 12.76666641 17.00000000
v 26.89658356 12.39999962 17.32399178
v 26.85000038 12.39999962 17.00000000
v 26.11666679 13.13333321 17.00000000
v 26.42940521 12.94999981 17.65056229
v 27.03255844 12.39999962 17.62173653
v 27.24691010 12.39999962 17.86911201
v 27.52227211 12.39999962 18.04607773
v 27.34943771 12.94999981 18.57059479
v 27.83633804 12.39999962 18.13829422
v 25.84114075 13.50000000 17.63389778
v 25.75000000 13.50000000 17.00000000
v 26.10717964 13.50000000 18.21644211
v 27.06531715 13.50000000 19.04667282
v 27.67979240 13.50000000 19.22709846
v 26.52656364 13.50000000 18.70043564
v 28.32020760 13.50000000 19.22709846
v 28.00000000 12.94999981 18.70000076
v 28.16366196 12.39999962 18.13829422
v 28.65056229 12.94999981 18.57059479
v 28.47772789 12.39999962 18.04607773
v 29.20208168 12.94999981 18.20208168
v 28.75308990 12.39999962 17.86911201
v 29.10341644 12.39999962 17.32399178
v 28.96744156 12.39999962 17.62173653
v 29.57059479 12.94999981 17.65056229
v 29.51666641 12.76666641 17.00000000
v 29.14999962 12.39999962 17.00000000
v 28.93468285 13.50000000 19.04667282
v 29.47343636 13.50000000 18.70043564
v 29.89282036 13.50000000 18.21644211
v 30.15885925 13.50000000 17.63389778
v 29.88333321 13.13333321 17.00000000
v 30.25000000 13.50000000 17.00000000
v 26.85000038 11.80000019 17.00000000
v 26.89658356 11.50000000 17.32399178
v 26.85000038 11.50000000 17.00000000
v 26.85000038 12.10000038 17.00000000
v 26.93753815 11.94999981 17.44008636
v 27.03255844 11.50000000 17.62173653
v 27.24691010 11.50000000 17.86911201
v 27.52227211 11.50000000 18.04607773
v 27.55991364 11.94999981 18.06246185
v 27.83633804 11.50000000 18.13829422
v 26.89658356 12.39999962 17.32399178
v 26.85000038 12.39999962 17.00000000
v 27.03255844 12.39999962 17.62173653
v 27.52227211 12.39999962 18.04607773
v 27.83633804 12.39999962 18.13829422
v 28.00000000 11.94999981 18.14999962
v 27.24691010 12.39999962 17.86911201
v 28.16366196 12.39999962 18.13829422
v 28.16366196 11.50000000 18.13829422
v 28.44008636 11.94999981 18.06246185
v 28.47772789 11.50000000 18.04607773
v 28.81317329 11.94999981 17.81317329
v 28.75308990 11.50000000 17.86911201
v 29.10341644 11.50000000 17.32399178
v 28.96744156 11.50000000 17.62173653
v 29.06246185 11.94999981 17.44008636
v 29.14999962 11.80000019 17.00000000
v 29.14999962 11.50000000 17.00000000
v 28.47772789 12.39999962 18.04607773
v 28.75308990 12.39999962 17.86911201
v 28.96744156 12.39999962 17.62173653
v 29.10341644 12.39999962 17.32399178
v 29.14999962 12.10000038 17.00000000
v 29.14999962 12.39999962 17.00000000
v -7.96998692 8.93181133 -28.75106239
v -8.01000023 8.50000000 -28.75106239
v -8.01000023 8.50000000 -28.79999924
v -7.83111668 9.39930630 -28.77553177
v -7.65801048 9.73711586 -28.75106239
v -7.85130978 9.34891796 -28.75106239
v -7.32170105 10.16170120 -28.77553177
v -7.39667082 10.08318520 -28.75106239
v -7.96998692 8.93181133 -28.79999924
v -7.07619143 10.37534046 -28.75106239
v -6.70748520 10.60363388 -28.75106239
v -6.55930614 10.67111683 -28.77553177
v -6.30310822 10.76029015 -28.75106239
v -6.96559000 10.45395374 -28.77553177
v -5.87683058 10.83997536 -28.75106239
v -5.65999985 10.85000038 -28.77553177
v -7.65801048 9.73711586 -28.79999924
v -7.85130978 9.34891796 -28.79999924
v -7.07619143 10.37534046 -28.79999924
v -6.70748520 10.60363388 -28.79999924
v -6.30310822 10.76029015 -28.79999924
v -5.87683058 10.83997536 -28.79999924
v -5.44316912 10.83997536 -28.79999924
v -5.44316912 10.83997536 -28.75106239
v -4.76069403 10.67111683 -28.77553177
v -5.01689196 10.76029015 -28.75106239
v -4.35441017 10.45395374 -28.77553177
v -4.24380875 10.37534046 -28.75106239
v -4.61251497 10.60363388 -28.75106239
v -4.61251497 10.60363388 -28.79999924
v -5.01689196 10.76029015 -28.79999924
v -3.99829912 10.16170120 -28.77553177
v -3.92332911 10.08318520 -28.75106239
v -3.66198969 9.73711586 -28.75106239
v -3.70604634 9.80558968 -28.77553177
v -3.48888302 9.39930630 -28.77553177
v -3.35001326 8.93181133 -28.75106239
v -3.46869016 9.34891796 -28.75106239
v -3.35001326 8.93181133 -28.79999924
v -3.30999994 8.50000000 -28.79999924
v -4.24380875 10.37534046 -28.79999924
v -3.92332911 10.08318520 -28.79999924
v -3.66198969 9.73711586 -28.79999924
v -3.46869016 9.34891796 -28.79999924
v -4.24380875 10.37534046 -28.79999924
v -3.84885335 11.31819916 -28.79999924
v -3.46621656 11.03176117 -28.79999924
v -3.92332911 10.08318520 -28.79999924
v -3.12823892 10.69378376 -28.79999924
v -4.61251497 10.60363388 -28.79999924
v -5.01689196 10.76029015 -28.79999924
v -5.18324518 11.81590176 -28.79999924
v -4.71619606 11.71430111 -28.79999924
v -4.26835966 11.54726696 -28.79999924
v -5.44316912 10.83997536 -28.79999924
v -2.61273289 9.89164066 -28.79999924
v -3.66198969 9.73711586 -28.79999924
v -2.84180069 10.31114674 -28.79999924
v -2.34409809 8.97675514 -28.79999924
v -3.35001326 8.93181133 -28.79999924
v -2.44569850 9.44380379 -28.79999924
v -3.46869016 9.34891796 -28.79999924
v -2.30999994 8.50000000 -28.79999924
v -3.30999994 8.50000000 -28.79999924
v -2.34409809 8.02324486 -28.79999924
v -5.87683058 10.83997536 -28.79999924
v -6.13675451 11.81590176 -28.79999924
v -5.65999985 11.85000038 -28.79999924
v -6.30310822 10.76029015 -28.79999924
v -6.60380411 11.71430111 -28.79999924
v -7.05164051 11.54726696 -28.79999924
v -7.47114658 11.31819916 -28.79999924
v -6.70748520 10.60363388 -28.79999924
v -7.07619143 10.37534046 -28.79999924
v -7.85378361 11.03176117 -28.79999924
v -8.19176102 10.69378376 -28.79999924
v -7.39667082 10.08318520 -28.79999924
v -8.70726681 9.89164066 -28.79999924
v -7.65801048 9.73711586 -28.79999924
v -7.85130978 9.34891796 -28.79999924
v -8.47819901 10.31114674 -28.79999924
v -8.97590160 8.97675514 -28.79999924
v -8.87430191 9.44380379 -28.79999924
v -7.96998692 8.93181133 -28.79999924
v -8.01000023 8.50000000 -28.79999924
v -2.44569850 7.55619574 -28.79999924
v -3.35001326 8.06818867 -28.79999924
v -3.46869016 7.65108204 -28.79999924
v -2.61273289 7.10835981 -28.79999924
v -2.84180069 6.68885326 -28.79999924
v -3.66198969 7.26288462 -28.79999924
v -3.12823892 6.30621672 -28.79999924
v -3.92332911 6.91681528 -28.79999924
v -3.46621656 5.96823883 -28.79999924
v -4.24380875 6.62465954 -28.79999924
v -3.84885335 5.68180084 -28.79999924
v -4.61251497 6.39636612 -28.79999924
v -4.26835966 5.45273304 -28.79999924
v -5.01689196 6.23970985 -28.79999924
v -5.18324518 5.18409824 -28.79999924
v -5.44316912 6.16002464 -28.79999924
v -5.65999985 5.15000010 -28.79999924
v -4.71619606 5.28569841 -28.79999924
v -5.87683058 6.16002464 -28.79999924
v -8.97590160 8.02324486 -28.79999924
v -7.96998692 8.06818867 -28.79999924
v -8.19176102 6.30621672 -28.79999924
v -8.47819901 6.68885326 -28.79999924
v -7.65801048 7.26288462 -28.79999924
v -8.70726681 7.10835981 -28.79999924
v -7.85130978 7.65108204 -28.79999924
v -8.87430191 7.55619574 -28.79999924
v -9.01000023 8.50000000 -28.79999924
v -7.39667082 6.91681528 -28.79999924
v -6.30310822 6.23970985 -28.79999924
v -7.05164051 5.45273304 -28.79999924
v -6.70748520 6.39636612 -28.79999924
v -6.13675451 5.18409824 -28.79999924
v -6.60380411 5.28569841 -28.79999924
v -7.07619143 6.62465954 -28.79999924
v -7.85378361 5.96823883 -28.79999924
v -7.47114658 5.68180084 -28.79999924
v 7.07619143 10.37534046 -28.79999924
v 7.47114658 11.31819916 -28.79999924
v 7.85378361 11.03176117 -28.79999924
v 7.39667082 10.08318520 -28.79999924
v 8.19176102 10.69378376 -28.79999924
v 6.70748520 10.60363388 -28.79999924
v 6.30310822 10.76029015 -28.79999924
v 6.13675451 11.81590176 -28.79999924
v 6.60380411 11.71430111 -28.79999924
v 7.05164051 11.54726696 -28.79999924
v 5.87683058 10.83997536 -28.79999924
v 8.70726681 9.89164066 -28.79999924
v 7.65801048 9.73711586 -28.79999924
v 8.47819901 10.31114674 -28.79999924
v 8.97590160 8.97675514 -28.79999924
v 7.96998692 8.93181133 -28.79999924
v 8.87430191 9.44380379 -28.79999924
v 7.85130978 9.34891796 -28.79999924
v 8.01000023 8.50000000 -28.79999924
v 9.01000023 8.50000000 -28.79999924
v 8.97590160 8.02324486 -28.79999924
v 5.44316912 10.83997536 -28.79999924
v 5.18324518 11.81590176 -28.79999924
v 5.65999985 11.85000038 -28.79999924
v 5.01689196 10.76029015 -28.79999924
v 4.71619606 11.71430111 -28.79999924
v 4.26835966 11.54726696 -28.79999924
v 4.61251497 10.60363388 -28.79999924
v 3.84885335 11.31819916 -28.79999924
v 3.46621656 11.03176117 -28.79999924
v 4.24380875 10.37534046 -28.79999924
v 3.12823892 10.69378376 -28.79999924
v 3.92332911 10.08318520 -28.79999924
v 2.61273289 9.89164066 -28.79999924
v 3.66198969 9.73711586 -28.79999924
v 3.46869016 9.34891796 -28.79999924
v 2.84180069 10.31114674 -28.79999924
v 2.34409809 8.97675514 -28.79999924
v 2.44569850 9.44380379 -28.79999924
v 3.35001326 8.93181133 -28.79999924
v 3.30999994 8.50000000 -28.79999924
v 8.87430191 7.55619574 -28.79999924
v 7.96998692 8.06818867 -28.79999924
v 8.70726681 7.10835981 -28.79999924
v 7.85130978 7.65108204 -28.79999924
v 8.47819901 6.68885326 -28.79999924
v 7.65801048 7.26288462 -28.79999924
v 8.19176102 6.30621672 -28.79999924
v 7.39667082 6.91681528 -28.79999924
v 7.85378361 5.96823883 -28.79999924
v 7.07619143 6.62465954 -28.79999924
v 7.47114658 5.68180084 -28.79999924
v 6.70748520 6.39636612 -28.79999924
v 7.05164051 5.45273304 -28.79999924
v 6.30310822 6.23970985 -28.79999924
v 6.13675451 5.18409824 -28.79999924
v 5.87683058 6.16002464 -28.79999924
v 5.65999985 5.15000010 -28.79999924
v 6.60380411 5.28569841 -28.79999924
v 5.44316912 6.16002464 -28.79999924
v 2.34409809 8.02324486 -28.79999924
v 3.35001326 8.06818867 -28.79999924
v 3.12823892 6.30621672 -28.79999924
v 2.84180069 6.68885326 -28.79999924
v 3.66198969 7.26288462 -28.79999924
v 2.61273289 7.10835981 -28.79999924
v 3.46869016 7.65108204 -28.79999924
v 2.44569850 7.55619574 -28.79999924
v 2.30999994 8.50000000 -28.79999924
v 3.92332911 6.91681528 -28.79999924
v 5.01689196 6.23970985 -28.79999924
v 4.26835966 5.45273304 -28.79999924
v 4.61251497 6.39636612 -28.79999924
v 5.18324518 5.18409824 -28.79999924
v 4.71619606 5.28569841 -28.79999924
v 4.24380875 6.62465954 -28.79999924
v 3.46621656 5.96823883 -28.79999924
v 3.84885335 5.68180084 -28.79999924
v -2.30999994 8.50000000 -29.07144165
v -2.34409809 8.02324486 -28.79999924
v -2.30999994 8.50000000 -28.79999924
v -2.40885782 7.69369221 -29.36344337
v -2.33556962 8.08831406 -29.35350609
v -2.30999994 8.50000000 -29.34288406
v -2.44569850 7.55619574 -28.79999924
v -2.52473307 7.32056999 -29.37269592
v -2.61273289 7.10835981 -28.79999924
v -2.84180069 6.68885326 -28.79999924
v -2.67806458 6.97338247 -29.38126183
v -3.12823892 6.30621672 -28.79999924
v -3.07538176 6.36905479 -29.39633942
v -3.84885335 5.68180084 -28.79999924
v -3.46621656 5.96823883 -28.79999924
v -3.55847311 5.89115238 -29.40867615
v -4.71619606 5.28569841 -28.79999924
v -4.26835966 5.45273304 -28.79999924
v -4.35938215 5.41284943 -29.42203903
v -4.08765125 5.54201746 -29.41827011
v -3.30878067 6.11391497 -29.40285110
v -5.18324518 5.18409824 -28.79999924
v -4.89891529 5.23759842 -29.42752266
v -2.86342669 6.65580130 -29.38914299
v -4.63093472 5.31197166 -29.42512321
v -3.81944656 5.70095730 -29.41381645
v -5.16107607 5.18737221 -29.42923546
v -5.41543245 5.15895271 -29.43026352
v -5.65999985 5.15000010 -29.43060684
v -5.65999985 5.15000010 -28.79999924
v -6.13675451 5.18409824 -28.79999924
v -5.90456009 5.15895176 -29.43026543
v -6.60380411 5.28569841 -28.79999924
v -6.42104197 5.23758745 -29.42752457
v -7.47114658 5.68180084 -28.79999924
v -7.05164051 5.45273304 -28.79999924
v -7.23228407 5.54198265 -29.41827202
v -8.19176102 6.30621672 -28.79999924
v -7.85378361 5.96823883 -28.79999924
v -8.01116467 6.11386108 -29.40285301
v -7.76146603 5.89110327 -29.40867805
v -6.96055603 5.41282368 -29.42204094
v -8.70726681 7.10835981 -28.79999924
v -8.47819901 6.68885326 -28.79999924
v -8.64190865 6.97333002 -29.38126373
v -8.87430191 7.55619574 -28.79999924
v -8.79524994 7.32052565 -29.37269783
v -9.01000023 8.50000000 -29.07144165
v -9.01000023 8.50000000 -28.79999924
v -8.97590160 8.02324486 -28.79999924
v -8.98442841 8.08829594 -29.35350800
v -8.91113377 7.69365931 -29.36344528
v -8.24457169 6.36899853 -29.39634132
v -9.01000023 8.50000000 -29.34288406
v -6.68900919 5.31195354 -29.42512512
v -6.15889978 5.18736696 -29.42923737
v -7.50048923 5.70091486 -29.41381836
v -8.45653629 6.65574503 -29.38914490
v 7.23234892 5.54201746 -29.41827011
v 28.00000000 5.84205914 -29.41248512
v 6.96061802 5.41284943 -29.42203903
v 28.00000000 2.50000000 -29.50000000
v 6.68906498 5.31197166 -29.42512321
v 7.76152706 5.89115238 -29.40867615
v 7.50055361 5.70095730 -29.41381645
v 6.15892363 5.18737221 -29.42923546
v 6.42108440 5.23759842 -29.42752266
v 5.90456724 5.15895271 -29.43026352
v 8.79526711 7.32056999 -29.37269592
v 8.91114235 7.69369221 -29.36344337
v 8.98443031 8.08831406 -29.35350609
v 28.00000000 9.18411827 -29.32497025
v 8.01121902 6.11391497 -29.40285110
v 8.45657349 6.65580130 -29.38914299
v 8.64193535 6.97338247 -29.38126183
v 8.24461842 6.36905479 -29.39633942
v 9.01000023 8.50000000 -29.34288406
v 5.65999985 5.15000010 -29.43060684
v -5.65999985 5.15000010 -29.43060684
v 5.41544008 5.15895176 -29.43026543
v -5.41543245 5.15895271 -29.43026352
v 5.16110039 5.18736696 -29.42923737
v -4.89891529 5.23759842 -29.42752266
v 4.63099051 5.31195354 -29.42512512
v 4.89895821 5.23758745 -29.42752457
v -4.35938215 5.41284943 -29.42203903
v 4.08771563 5.54198265 -29.41827202
v 4.35944414 5.41282368 -29.42204094
v -4.08765125 5.54201746 -29.41827011
v 3.81951094 5.70091486 -29.41381836
v -4.63093472 5.31197166 -29.42512321
v -5.16107607 5.18737221 -29.42923546
v -3.55847311 5.89115238 -29.40867615
v 3.30883527 6.11386108 -29.40285301
v 3.55853415 5.89110327 -29.40867805
v -3.07538176 6.36905479 -29.39633942
v 2.86346364 6.65574503 -29.38914490
v 3.07542849 6.36899853 -29.39634132
v -3.30878067 6.11391497 -29.40285110
v -2.67806458 6.97338247 -29.38126183
v 2.52474999 7.32052565 -29.37269783
v 2.67809129 6.97333002 -29.38126373
v -2.40885782 7.69369221 -29.36344337
v 2.33557200 8.08829594 -29.35350800
v 2.40886593 7.69365931 -29.36344528
v -2.33556962 8.08831406 -29.35350609
v 2.30999994 8.50000000 -29.34288406
v -2.52473307 7.32056999 -29.37269592
v -2.86342669 6.65580130 -29.38914299
v -3.81944656 5.70095730 -29.41381645
v 8.91113377 9.30634117 -29.32232475
v 8.98442841 8.91170406 -29.33226204
v 8.79524994 9.67947483 -29.31307220
v 8.64190865 10.02666950 -29.30450439
v 8.45653629 10.34425545 -29.29662323
v 8.24457169 10.63100147 -29.28942680
v 18.66666603 12.52617741 -29.23745537
v 8.01116467 10.88613892 -29.28291702
v 28.00000000 12.52617741 -29.23745537
v 7.76146603 11.10889626 -29.27709198
v 7.50048923 11.29908466 -29.27195168
v 9.33333302 12.52617741 -29.23745537
v 7.23228407 11.45801735 -29.26749611
v 6.68900919 11.68804646 -29.26064301
v 6.42104197 11.76241302 -29.25824547
v 6.96055603 11.58717632 -29.26372719
v 6.15889978 11.81263256 -29.25653267
v -3.07542849 10.63100147 -29.28942680
v 3.30878067 10.88608456 -29.28291893
v 3.07538176 10.63094521 -29.28942871
v -3.55853415 11.10889626 -29.27709198
v 3.81944656 11.29904270 -29.27195358
v 3.55847311 11.10884762 -29.27709389
v -3.30883527 10.88613892 -29.28291702
v -2.33557200 8.91170406 -29.33226204
v 2.40885782 9.30630779 -29.32232475
v 2.33556962 8.91168594 -29.33226204
v -2.52474999 9.67947483 -29.31307220
v 2.67806458 10.02661800 -29.30450630
v 2.52473307 9.67943001 -29.31307220
v -2.67809129 10.02666950 -29.30450439
v 2.86342669 10.34419918 -29.29662514
v -2.40886593 9.30634117 -29.32232475
v -2.86346364 10.34425545 -29.29662323
v 5.90456009 11.84104824 -29.25550461
v 5.65999985 11.85000038 -29.25516129
v 0.00000000 12.52617741 -29.23745537
v 4.35938215 11.58715057 -29.26372910
v 4.08765125 11.45798302 -29.26749802
v 4.89891529 11.76240158 -29.25824547
v 4.63093472 11.68802834 -29.26064491
v 5.16107607 11.81262779 -29.25653267
v 5.41543245 11.84104729 -29.25550461
v -3.81951094 11.29908466 -29.27195168
v -2.30999994 8.50000000 -29.34288406
v -28.00000000 2.50000000 -29.50000000
v -6.15889978 5.18736696 -29.42923737
v -5.90456009 5.15895176 -29.43026543
v -6.68900919 5.31195354 -29.42512512
v -6.42104197 5.23758745 -29.42752457
v -6.96055603 5.41282368 -29.42204094
v -28.00000000 5.84205914 -29.41248512
v -7.50048923 5.70091486 -29.41381836
v -7.23228407 5.54198265 -29.41827202
v -7.76146603 5.89110327 -29.40867805
v -8.01116467 6.11386108 -29.40285301
v -8.45653629 6.65574503 -29.38914490
v -8.24457169 6.36899853 -29.39634132
v -8.79524994 7.32052565 -29.37269783
v -8.64190865 6.97333002 -29.38126373
v -8.91113377 7.69365931 -29.36344528
v -28.00000000 9.18411827 -29.32497025
v -8.98442841 8.08829594 -29.35350800
v -9.01000023 8.50000000 -29.34288406
v -4.08771563 11.45801735 -29.26749611
v -4.35944414 11.58717632 -29.26372719
v -4.89895821 11.76241302 -29.25824547
v -4.63099051 11.68804646 -29.26064301
v -5.16110039 11.81263256 -29.25653267
v -9.33333302 12.52617741 -29.23745537
v -5.65999985 11.85000038 -29.25516129
v -5.41544008 11.84104824 -29.25550461
v -5.90456724 11.84104729 -29.25550461
v -8.45657349 10.34419918 -29.29662514
v -18.66666603 12.52617741 -29.23745537
v -8.24461842 10.63094521 -29.28942871
v -8.01121902 10.88608456 -29.28291893
v -7.76152706 11.10884762 -29.27709389
v -8.91114235 9.30630779 -29.32232475
v -8.98443031 8.91168594 -29.33226204
v -8.79526711 9.67943001 -29.31307220
v -8.64193535 10.02661800 -29.30450630
v -6.68906498 11.68802834 -29.26064491
v -6.96061802 11.58715057 -29.26372910
v -6.15892363 11.81262779 -29.25653267
v -6.42108440 11.76240158 -29.25824547
v -7.23234892 11.45798302 -29.26749802
v -7.50055361 11.29904270 -29.27195358
v -28.00000000 12.52617741 -29.23745537
v -9.01000023 8.50000000 -29.07144165
v -8.97590160 8.97675514 -28.79999924
v -9.01000023 8.50000000 -28.79999924
v -8.98443031 8.91168594 -29.33226204
v -8.87430191 9.44380379 -28.79999924
v -8.79526711 9.67943001 -29.31307220
v -8.70726681 9.89164066 -28.79999924
v -8.91114235 9.30630779 -29.32232475
v -8.47819901 10.31114674 -28.79999924
v -8.64193535 10.02661800 -29.30450630
v -8.24461842 10.63094521 -29.28942871
v -8.19176102 10.69378376 -28.79999924
v -7.47114658 11.31819916 -28.79999924
v -7.85378361 11.03176117 -28.79999924
v -7.76152706 11.10884762 -29.27709389
v -7.05164051 11.54726696 -28.79999924
v -7.23234892 11.45798302 -29.26749802
v -6.13675451 11.81590176 -28.79999924
v -6.60380411 11.71430111 -28.79999924
v -6.42108440 11.76240158 -29.25824547
v -5.65999985 11.85000038 -29.25516129
v -5.65999985 11.85000038 -28.79999924
v -5.90456724 11.84104729 -29.25550461
v -6.96061802 11.58715057 -29.26372910
v -8.01121902 10.88608456 -29.28291893
v -6.15892363 11.81262779 -29.25653267
v -8.45657349 10.34419918 -29.29662514
v -9.01000023 8.50000000 -29.34288406
v -6.68906498 11.68802834 -29.26064491
v -7.50055361 11.29904270 -29.27195358
v -5.16110039 11.81263256 -29.25653267
v -5.18324518 11.81590176 -28.79999924
v -5.41544008 11.84104824 -29.25550461
v -4.71619606 11.71430111 -28.79999924
v -4.89895821 11.76241302 -29.25824547
v -3.84885335 11.31819916 -28.79999924
v -4.26835966 11.54726696 -28.79999924
v -4.08771563 11.45801735 -29.26749611
v -4.35944414 11.58717632 -29.26372719
v -3.55853415 11.10889626 -29.27709198
v -3.46621656 11.03176117 -28.79999924
v -2.84180069 10.31114674 -28.79999924
v -3.12823892 10.69378376 -28.79999924
v -3.07542849 10.63100147 -29.28942680
v -2.61273289 9.89164066 -28.79999924
v -2.67809129 10.02666950 -29.30450439
v -2.34409809 8.97675514 -28.79999924
v -2.44569850 9.44380379 -28.79999924
v -2.40886593 9.30634117 -29.32232475
v -2.30999994 8.50000000 -29.07144165
v -2.30999994 8.50000000 -28.79999924
v -2.52474999 9.67947483 -29.31307220
v -3.30883527 10.88613892 -29.28291702
v -2.33557200 8.91170406 -29.33226204
v -4.63099051 11.68804646 -29.26064301
v -3.81951094 11.29908466 -29.27195168
v -2.86346364 10.34425545 -29.29662323
v -2.30999994 8.50000000 -29.34288406
v 9.01000023 8.50000000 -29.07144165
v 8.97590160 8.02324486 -28.79999924
v 9.01000023 8.50000000 -28.79999924
v 8.91114235 7.69369221 -29.36344337
v 8.98443031 8.08831406 -29.35350609
v 9.01000023 8.50000000 -29.34288406
v 8.87430191 7.55619574 -28.79999924
v 8.79526711 7.32056999 -29.37269592
v 8.70726681 7.10835981 -28.79999924
v 8.47819901 6.68885326 -28.79999924
v 8.64193535 6.97338247 -29.38126183
v 8.19176102 6.30621672 -28.79999924
v 8.24461842 6.36905479 -29.39633942
v 7.47114658 5.68180084 -28.79999924
v 7.85378361 5.96823883 -28.79999924
v 7.76152706 5.89115238 -29.40867615
v 6.60380411 5.28569841 -28.79999924
v 7.05164051 5.45273304 -28.79999924
v 6.96061802 5.41284943 -29.42203903
v 7.23234892 5.54201746 -29.41827011
v 8.01121902 6.11391497 -29.40285110
v 6.13675451 5.18409824 -28.79999924
v 6.42108440 5.23759842 -29.42752266
v 8.45657349 6.65580130 -29.38914299
v 6.68906498 5.31197166 -29.42512321
v 7.50055361 5.70095730 -29.41381645
v 6.15892363 5.18737221 -29.42923546
v 5.90456724 5.15895271 -29.43026352
v 5.65999985 5.15000010 -29.43060684
v 5.65999985 5.15000010 -28.79999924
v 5.18324518 5.18409824 -28.79999924
v 5.41544008 5.15895176 -29.43026543
v 4.71619606 5.28569841 -28.79999924
v 4.89895821 5.23758745 -29.42752457
v 3.84885335 5.68180084 -28.79999924
v 4.26835966 5.45273304 -28.79999924
v 4.08771563 5.54198265 -29.41827202
v 3.12823892 6.30621672 -28.79999924
v 3.46621656 5.96823883 -28.79999924
v 3.30883527 6.11386108 -29.40285301
v 3.55853415 5.89110327 -29.40867805
v 4.35944414 5.41282368 -29.42204094
v 2.61273289 7.10835981 -28.79999924
v 2.84180069 6.68885326 -28.79999924
v 2.67809129 6.97333002 -29.38126373
v 2.44569850 7.55619574 -28.79999924
v 2.52474999 7.32052565 -29.37269783
v 2.30999994 8.50000000 -29.07144165
v 2.30999994 8.50000000 -28.79999924
v 2.34409809 8.02324486 -28.79999924
v 2.33557200 8.08829594 -29.35350800
v 2.40886593 7.69365931 -29.36344528
v 3.07542849 6.36899853 -29.39634132
v 2.30999994 8.50000000 -29.34288406
v 4.63099051 5.31195354 -29.42512512
v 5.16110039 5.18736696 -29.42923737
v 3.81951094 5.70091486 -29.41381836
v 2.86346364 6.65574503 -29.38914490
v 2.30999994 8.50000000 -29.07144165
v 2.34409809 8.97675514 -28.79999924
v 2.30999994 8.50000000 -28.79999924
v 2.33556962 8.91168594 -29.33226204
v 2.44569850 9.44380379 -28.79999924
v 2.52473307 9.67943001 -29.31307220
v 2.61273289 9.89164066 -28.79999924
v 2.40885782 9.30630779 -29.32232475
v 2.84180069 10.31114674 -28.79999924
v 2.67806458 10.02661800 -29.30450630
v 3.07538176 10.63094521 -29.28942871
v 3.12823892 10.69378376 -28.79999924
v 3.84885335 11.31819916 -28.79999924
v 3.46621656 11.03176117 -28.79999924
v 3.55847311 11.10884762 -29.27709389
v 4.26835966 11.54726696 -28.79999924
v 4.08765125 11.45798302 -29.26749802
v 5.18324518 11.81590176 -28.79999924
v 4.71619606 11.71430111 -28.79999924
v 4.89891529 11.76240158 -29.25824547
v 5.65999985 11.85000038 -29.25516129
v 5.65999985 11.85000038 -28.79999924
v 5.41543245 11.84104729 -29.25550461
v 4.35938215 11.58715057 -29.26372910
v 3.30878067 10.88608456 -29.28291893
v 5.16107607 11.81262779 -29.25653267
v 2.86342669 10.34419918 -29.29662514
v 2.30999994 8.50000000 -29.34288406
v 4.63093472 11.68802834 -29.26064491
v 3.81944656 11.29904270 -29.27195358
v 6.15889978 11.81263256 -29.25653267
v 6.13675451 11.81590176 -28.79999924
v 5.90456009 11.84104824 -29.25550461
v 6.60380411 11.71430111 -28.79999924
v 6.42104197 11.76241302 -29.25824547
v 7.47114658 11.31819916 -28.79999924
v 7.05164051 11.54726696 -28.79999924
v 7.23228407 11.45801735 -29.26749611
v 6.96055603 11.58717632 -29.26372719
v 7.76146603 11.10889626 -29.27709198
v 7.85378361 11.03176117 -28.79999924
v 8.47819901 10.31114674 -28.79999924
v 8.19176102 10.69378376 -28.79999924
v 8.24457169 10.63100147 -29.28942680
v 8.70726681 9.89164066 -28.79999924
v 8.64190865 10.02666950 -29.30450439
v 8.97590160 8.97675514 -28.79999924
v 8.87430191 9.44380379 -28.79999924
v 8.91113377 9.30634117 -29.32232475
v 9.01000023 8.50000000 -29.07144165
v 9.01000023 8.50000000 -28.79999924
v 8.79524994 9.67947483 -29.31307220
v 8.01116467 10.88613892 -29.28291702
v 8.98442841 8.91170406 -29.33226204
v 6.68900919 11.68804646 -29.26064301
v 7.50048923 11.29908466 -29.27195168
v 8.45653629 10.34425545 -29.29662323
v 9.01000023 8.50000000 -29.34288406
v 0.00000000 13.21630192 -28.93558884
v 0.00000000 13.42636395 -28.61442566
v 14.00000000 13.42636395 -28.61442566
v -14.00000000 13.21630192 -28.93558884
v -14.00000000 13.42636395 -28.61442566
v 0.00000000 12.90074921 -29.15398598
v 14.00000000 13.21630192 -28.93558884
v -14.00000000 12.90074921 -29.15398598
v 28.00000000 13.37035561 -28.73022079
v 18.66666603 13.50000000 -28.23779869
v 28.00000000 13.50000000 -28.23779869
v 9.33333302 13.50000000 -28.23779869
v 28.00000000 13.01503849 -29.09496498
v -9.33333302 13.50000000 -28.23779869
v 0.00000000 13.50000000 -28.23779869
v -18.66666603 13.50000000 -28.23779869
v -28.00000000 13.50000000 -28.23779869
v -28.00000000 13.37035561 -28.73022079
v 14.00000000 12.90074921 -29.15398598
v 28.00000000 12.52617741 -29.23745537
v 18.66666603 12.52617741 -29.23745537
v 9.33333302 12.52617741 -29.23745537
v -28.00000000 13.01503849 -29.09496498
v -18.66666603 12.52617741 -29.23745537
v -9.33333302 12.52617741 -29.23745537
v -28.00000000 12.52617741 -29.23745537
v 29.87019920 13.20710659 -28.53231049
v 29.04759979 13.20710659 -28.81968880
v 29.73369789 13.42387962 -28.23800278
v 29.96140671 12.88268375 -28.72896194
v 29.09869003 12.88268375 -29.03035545
v 30.62092972 13.20710659 -28.08997345
v 30.42963409 13.42387962 -27.82794952
v 30.74874878 12.88268375 -28.26505280
v 31.27093697 13.20710659 -27.50967598
v 31.43045807 12.88268375 -27.65645409
v 31.79524612 13.20710659 -26.81371689
v 31.03219986 13.42387962 -27.29000664
v 31.98033524 12.88268375 -26.92655373
v 32.17370605 13.20710659 -26.02884293
v 31.86907578 13.42387962 -25.91725731
v 32.37725067 12.88268375 -26.10340309
v 32.39176941 13.20710659 -25.18521690
v 32.60595322 12.88268375 -25.21863556
v 28.00000000 13.37035561 -28.73022079
v 28.00000000 13.50000000 -28.23779869
v 28.64906120 13.50000000 -28.18101311
v 28.97113800 13.42387962 -28.50440407
v 29.27840233 13.50000000 -28.01238060
v 29.86889839 13.50000000 -27.73702812
v 30.40261078 13.50000000 -27.36331940
v 28.00000000 13.01503849 -29.09496498
v 28.00000000 12.52617741 -29.23745537
v 28.67420959 12.52617741 -29.18923569
v 29.33469582 12.52617741 -29.04555511
v 29.96800995 12.52617741 -28.80934143
v 30.56126213 12.52617741 -28.48540115
v 31.10237312 12.52617741 -28.08032990
v 30.86331940 13.50000000 -26.90261078
v 31.23702812 13.50000000 -26.36889839
v 31.51823997 13.42387962 -26.64484406
v 31.51238060 13.50000000 -25.77840233
v 31.68101311 13.50000000 -25.14906120
v 32.07122421 13.42387962 -25.13520432
v 31.73779869 13.50000000 -24.50000000
v 32.23022079 13.37035561 -24.50000000
v 32.59496689 13.01503849 -24.50000000
v 31.58032990 12.52617741 -27.60237312
v 32.30934143 12.52617741 -26.46800995
v 31.98540115 12.52617741 -27.06126213
v 32.73745346 12.52617741 -24.50000000
v 32.54555511 12.52617741 -25.83469582
v 32.68923569 12.52617741 -25.17420959
v 28.00000000 9.18411827 -29.32497025
v 28.00000000 12.52617741 -29.23745537
v 28.67420959 12.52617741 -29.18923569
v 28.94984245 7.51308870 -29.27517700
v 29.33469582 12.52617741 -29.04555511
v 30.56126213 12.52617741 -28.48540115
v 30.70491982 7.51308870 -28.54819870
v 29.96800995 12.52617741 -28.80934143
v 31.10237312 12.52617741 -28.08032990
v 29.29409599 2.50000000 -29.32962990
v 28.00000000 2.50000000 -29.50000000
v 28.00000000 5.84205914 -29.41248512
v 31.53553391 2.50000000 -28.03553391
v 30.50000000 2.50000000 -28.83012772
v 31.44271088 7.51308870 -27.94271088
v 31.58032990 12.52617741 -27.60237312
v 31.98540115 12.52617741 -27.06126213
v 32.04819870 7.51308870 -27.20491982
v 32.30934143 12.52617741 -26.46800995
v 32.68923569 12.52617741 -25.17420959
v 32.77517700 7.51308870 -25.44984245
v 32.54555511 12.52617741 -25.83469582
v 32.73745346 12.52617741 -24.50000000
v 32.82497025 9.18411827 -24.50000000
v 32.49811935 7.51308870 -26.36318207
v 32.33012772 2.50000000 -27.00000000
v 32.82962799 2.50000000 -25.79409599
v 33.00000000 2.50000000 -24.50000000
v 32.91248322 5.84205914 -24.50000000
v 32.91248322 5.84205914 17.50000000
v 32.73745346 12.52617741 -3.50000000
v 32.82497025 9.18411827 17.50000000
v 32.73745346 12.52617741 3.50000000
v 32.73745346 12.52617741 10.50000000
v 32.73745346 12.52617741 17.50000000
v 33.00000000 2.50000000 17.50000000
v 33.00000000 2.50000000 -24.50000000
v 32.91248322 5.84205914 -24.50000000
v 32.82497025 9.18411827 -24.50000000
v 32.73745346 12.52617741 -10.50000000
v 32.73745346 12.52617741 -24.50000000
v 32.73745346 12.52617741 -17.50000000
v 32.43558884 13.21630192 -3.50000000
v 32.11442566 13.42636395 -3.50000000
v 32.11442566 13.42636395 7.00000000
v 32.43558884 13.21630192 -14.00000000
v 32.11442566 13.42636395 -14.00000000
v 32.65398407 12.90074921 -3.50000000
v 32.43558884 13.21630192 7.00000000
v 32.65398407 12.90074921 -14.00000000
v 32.23022079 13.37035561 17.50000000
v 31.73779869 13.50000000 10.50000000
v 31.73779869 13.50000000 17.50000000
v 31.73779869 13.50000000 3.50000000
v 32.59496689 13.01503849 17.50000000
v 31.73779869 13.50000000 -10.50000000
v 31.73779869 13.50000000 -3.50000000
v 31.73779869 13.50000000 -17.50000000
v 32.23022079 13.37035561 -24.50000000
v 31.73779869 13.50000000 -24.50000000
v 32.73745346 12.52617741 10.50000000
v 32.65398407 12.90074921 7.00000000
v 32.73745346 12.52617741 17.50000000
v 32.73745346 12.52617741 3.50000000
v 32.59496689 13.01503849 -24.50000000
v 32.73745346 12.52617741 -17.50000000
v 32.73745346 12.52617741 -10.50000000
v 32.73745346 12.52617741 -24.50000000
v 32.03231049 13.20710659 19.37019920
v 32.31969070 13.20710659 18.54759979
v 32.00440598 13.42387962 18.47113800
v 32.22896194 12.88268375 19.46140671
v 32.53035355 12.88268375 18.59869003
v 31.58997345 13.20710659 20.12092972
v 31.32794952 13.42387962 19.92963409
v 31.76505280 12.88268375 20.24874878
v 31.00967598 13.20710659 20.77093697
v 31.15645409 12.88268375 20.93045807
v 30.31371689 13.20710659 21.29524612
v 30.79000664 13.42387962 20.53219986
v 30.42655373 12.88268375 21.48033524
v 29.52884293 13.20710659 21.67370605
v 29.41725731 13.42387962 21.36907578
v 29.60340309 12.88268375 21.87725258
v 28.68521690 13.20710659 21.89177132
v 28.63520432 13.42387962 21.57122612
v 28.71863556 12.88268375 22.10595322
v 32.23022079 13.37035561 17.50000000
v 31.73779869 13.50000000 17.50000000
v 31.68101311 13.50000000 18.14906120
v 31.51238060 13.50000000 18.77840233
v 31.23702812 13.50000000 19.36889839
v 30.86331940 13.50000000 19.90261078
v 31.73800278 13.42387962 19.23369789
v 32.59496689 13.01503849 17.50000000
v 32.73745346 12.52617741 17.50000000
v 32.68923569 12.52617741 18.17420959
v 32.54555511 12.52617741 18.83469582
v 32.30934143 12.52617741 19.46800995
v 31.98540115 12.52617741 20.06126213
v 31.58032990 12.52617741 20.60237312
v 30.40261078 13.50000000 20.36331940
v 29.86889839 13.50000000 20.73702812
v 30.14484406 13.42387962 21.01823997
v 29.27840233 13.50000000 21.01238060
v 28.64906120 13.50000000 21.18101311
v 28.00000000 13.50000000 21.23779869
v 28.00000000 13.37035561 21.73022079
v 28.00000000 13.01503849 22.09496498
v 31.10237312 12.52617741 21.08032990
v 29.96800995 12.52617741 21.80934143
v 30.56126213 12.52617741 21.48540115
v 28.00000000 12.52617741 22.23745537
v 29.33469582 12.52617741 22.04555511
v 28.67420959 12.52617741 22.18923569
v 32.82497025 9.18411827 17.50000000
v 32.73745346 12.52617741 17.50000000
v 32.68923569 12.52617741 18.17420959
v 32.77517700 7.51308870 18.44984245
v 32.54555511 12.52617741 18.83469582
v 31.98540115 12.52617741 20.06126213
v 32.04819870 7.51308870 20.20491982
v 32.30934143 12.52617741 19.46800995
v 31.58032990 12.52617741 20.60237312
v 33.00000000 2.50000000 17.50000000
v 32.91248322 5.84205914 17.50000000
v 32.82962799 2.50000000 18.79409599
v 31.53553391 2.50000000 21.03553391
v 32.33012772 2.50000000 20.00000000
v 31.44271088 7.51308870 20.94271088
v 31.10237312 12.52617741 21.08032990
v 30.56126213 12.52617741 21.48540115
v 30.70491982 7.51308870 21.54819870
v 29.96800995 12.52617741 21.80934143
v 28.67420959 12.52617741 22.18923569
v 28.94984245 7.51308870 22.27517700
v 29.33469582 12.52617741 22.04555511
v 28.00000000 12.52617741 22.23745537
v 28.00000000 9.18411827 22.32497025
v 29.86318207 7.51308870 21.99811745
v 30.50000000 2.50000000 21.83012772
v 29.29409599 2.50000000 22.32962990
v 28.00000000 2.50000000 22.50000000
v 28.00000000 5.84205914 22.41248512
v -28.00000000 5.84205914 22.41248512
v -28.00000000 2.50000000 22.50000000
v -27.00000000 2.50000000 22.50000000
v -0.00000000 12.52617741 22.23745537
v -28.00000000 9.18411827 22.32497025
v -18.66666603 12.52617741 22.23745537
v -28.00000000 12.52617741 22.23745537
v -9.33333302 12.52617741 22.23745537
v 27.00000000 2.50000000 22.50000000
v 28.00000000 5.84205914 22.41248512
v 28.00000000 2.50000000 22.50000000
v 28.00000000 9.18411827 22.32497025
v 9.33333302 12.52617741 22.23745537
v 28.00000000 12.52617741 22.23745537
v 18.66666603 12.52617741 22.23745537
v 0.00000000 13.21630192 21.93558884
v 0.00000000 13.42636395 21.61442566
v -14.00000000 13.42636395 21.61442566
v 14.00000000 13.21630192 21.93558884
v 14.00000000 13.42636395 21.61442566
v 0.00000000 12.90074921 22.15398598
v -14.00000000 13.21630192 21.93558884
v 14.00000000 12.90074921 22.15398598
v -28.00000000 13.37035561 21.73022079
v -18.66666603 13.50000000 21.23779869
v -28.00000000 13.50000000 21.23779869
v -9.33333302 13.50000000 21.23779869
v -28.00000000 13.01503849 22.09496498
v 9.33333302 13.50000000 21.23779869
v 0.00000000 13.50000000 21.23779869
v 18.66666603 13.50000000 21.23779869
v 28.00000000 13.50000000 21.23779869
v 28.00000000 13.37035561 21.73022079
v -18.66666603 12.52617741 22.23745537
v -14.00000000 12.90074921 22.15398598
v -28.00000000 12.52617741 22.23745537
v -9.33333302 12.52617741 22.23745537
v 28.00000000 13.01503849 22.09496498
v 18.66666603 12.52617741 22.23745537
v 9.33333302 12.52617741 22.23745537
v 28.00000000 12.52617741 22.23745537
v -29.87019920 13.20710659 21.53231049
v -29.04759979 13.20710659 21.81968880
v -29.73369789 13.42387962 21.23800278
v -29.96140671 12.88268375 21.72896194
v -29.09869003 12.88268375 22.03035545
v -30.62092972 13.20710659 21.08997345
v -30.42963409 13.42387962 20.82794952
v -30.74874878 12.88268375 21.26505280
v -31.27093697 13.20710659 20.50967598
v -31.43045807 12.88268375 20.65645409
v -31.79524612 13.20710659 19.81371689
v -31.03219986 13.42387962 20.29000664
v -31.98033524 12.88268375 19.92655373
v -32.17370605 13.20710659 19.02884293
v -31.86907578 13.42387962 18.91725731
v -32.37725067 12.88268375 19.10340309
v -32.39176941 13.20710659 18.18521690
v -32.60595322 12.88268375 18.21863556
v -28.00000000 13.37035561 21.73022079
v -28.00000000 13.50000000 21.23779869
v -28.64906120 13.50000000 21.18101311
v -28.97113800 13.42387962 21.50440407
v -29.27840233 13.50000000 21.01238060
v -29.86889839 13.50000000 20.73702812
v -30.40261078 13.50000000 20.36331940
v -28.00000000 13.01503849 22.09496498
v -28.00000000 12.52617741 22.23745537
v -28.67420959 12.52617741 22.18923569
v -29.33469582 12.52617741 22.04555511
v -29.96800995 12.52617741 21.80934143
v -30.56126213 12.52617741 21.48540115
v -31.10237312 12.52617741 21.08032990
v -30.86331940 13.50000000 19.90261078
v -31.23702812 13.50000000 19.36889839
v -31.51823997 13.42387962 19.64484406
v -31.51238060 13.50000000 18.77840233
v -31.68101311 13.50000000 18.14906120
v -32.07122421 13.42387962 18.13520432
v -31.73779869 13.50000000 17.50000000
v -32.23022079 13.37035561 17.50000000
v -32.59496689 13.01503849 17.50000000
v -31.58032990 12.52617741 20.60237312
v -32.30934143 12.52617741 19.46800995
v -31.98540115 12.52617741 20.06126213
v -32.73745346 12.52617741 17.50000000
v -32.54555511 12.52617741 18.83469582
v -32.68923569 12.52617741 18.17420959
v -28.00000000 9.18411827 22.32497025
v -28.00000000 12.52617741 22.23745537
v -28.67420959 12.52617741 22.18923569
v -28.94984245 7.51308870 22.27517700
v -29.33469582 12.52617741 22.04555511
v -30.56126213 12.52617741 21.48540115
v -30.70491982 7.51308870 21.54819870
v -29.96800995 12.52617741 21.80934143
v -31.10237312 12.52617741 21.08032990
v -29.29409599 2.50000000 22.32962990
v -28.00000000 2.50000000 22.50000000
v -28.00000000 5.84205914 22.41248512
v -31.53553391 2.50000000 21.03553391
v -30.50000000 2.50000000 21.83012772
v -31.44271088 7.51308870 20.94271088
v -31.58032990 12.52617741 20.60237312
v -31.98540115 12.52617741 20.06126213
v -32.04819870 7.51308870 20.20491982
v -32.30934143 12.52617741 19.46800995
v -32.68923569 12.52617741 18.17420959
v -32.77517700 7.51308870 18.44984245
v -32.54555511 12.52617741 18.83469582
v -32.73745346 12.52617741 17.50000000
v -32.82497025 9.18411827 17.50000000
v -32.49811935 7.51308870 19.36318207
v -32.33012772 2.50000000 20.00000000
v -32.82962799 2.50000000 18.79409599
v -33.00000000 2.50000000 17.50000000
v -32.91248322 5.84205914 17.50000000
v -32.91248322 5.84205914 -24.50000000
v -32.73745346 12.52617741 -3.50000000
v -32.82497025 9.18411827 -24.50000000
v -32.73745346 12.52617741 -10.50000000
v -32.73745346 12.52617741 -17.50000000
v -32.73745346 12.52617741 -24.50000000
v -33.00000000 2.50000000 -24.50000000
v -33.00000000 2.50000000 17.50000000
v -32.91248322 5.84205914 17.50000000
v -32.82497025 9.18411827 17.50000000
v -32.73745346 12.52617741 3.50000000
v -32.73745346 12.52617741 17.50000000
v -32.73745346 12.52617741 10.50000000
v -32.43558884 13.21630192 -3.50000000
v -32.11442566 13.42636395 -3.50000000
v -32.11442566 13.42636395 -14.00000000
v -32.43558884 13.21630192 7.00000000
v -32.11442566 13.42636395 7.00000000
v -32.65398407 12.90074921 -3.50000000
v -32.43558884 13.21630192 -14.00000000
v -32.65398407 12.90074921 7.00000000
v -32.23022079 13.37035561 -24.50000000
v -31.73779869 13.50000000 -17.50000000
v -31.73779869 13.50000000 -24.50000000
v -31.73779869 13.50000000 -10.50000000
v -32.59496689 13.01503849 -24.50000000
v -31.73779869 13.50000000 3.50000000
v -31.73779869 13.50000000 -3.50000000
v -31.73779869 13.50000000 10.50000000
v -32.23022079 13.37035561 17.50000000
v -31.73779869 13.50000000 17.50000000
v -32.73745346 12.52617741 -17.50000000
v -32.65398407 12.90074921 -14.00000000
v -32.73745346 12.52617741 -24.50000000
v -32.73745346 12.52617741 -10.50000000
v -32.59496689 13.01503849 17.50000000
v -32.73745346 12.52617741 10.50000000
v -32.73745346 12.52617741 3.50000000
v -32.73745346 12.52617741 17.50000000
v -3.30999994 8.50000000 -28.75106239
v -3.30999994 8.50000000 -28.79999924
v -3.35001326 8.06818867 -28.79999924
v -3.48888302 7.60069370 -28.77553177
v -3.66198969 7.26288462 -28.75106239
v -3.46869016 7.65108204 -28.75106239
v -3.99829912 6.83829927 -28.77553177
v -3.92332911 6.91681528 -28.75106239
v -3.35001326 8.06818867 -28.75106239
v -4.24380875 6.62465954 -28.75106239
v -4.61251497 6.39636612 -28.75106239
v -4.76069403 6.32888317 -28.77553177
v -5.01689196 6.23970985 -28.75106239
v -4.35441017 6.54604626 -28.77553177
v -5.44316912 6.16002464 -28.75106239
v -5.65999985 6.15000010 -28.77553177
v -3.66198969 7.26288462 -28.79999924
v -3.46869016 7.65108204 -28.79999924
v -4.24380875 6.62465954 -28.79999924
v -4.61251497 6.39636612 -28.79999924
v -5.01689196 6.23970985 -28.79999924
v -5.44316912 6.16002464 -28.79999924
v -5.87683058 6.16002464 -28.79999924
v -5.87683058 6.16002464 -28.75106239
v -6.55930614 6.32888317 -28.77553177
v -6.30310822 6.23970985 -28.75106239
v -6.96559000 6.54604626 -28.77553177
v -7.07619143 6.62465954 -28.75106239
v -6.70748520 6.39636612 -28.75106239
v -6.70748520 6.39636612 -28.79999924
v -6.30310822 6.23970985 -28.79999924
v -7.32170105 6.83829927 -28.77553177
v -7.39667082 6.91681528 -28.75106239
v -7.65801048 7.26288462 -28.75106239
v -7.61395359 7.19440985 -28.77553177
v -7.83111668 7.60069370 -28.77553177
v -7.96998692 8.06818867 -28.75106239
v -7.85130978 7.65108204 -28.75106239
v -7.96998692 8.06818867 -28.79999924
v -8.01000023 8.50000000 -28.79999924
v -7.07619143 6.62465954 -28.79999924
v -7.39667082 6.91681528 -28.79999924
v -7.65801048 7.26288462 -28.79999924
v -7.85130978 7.65108204 -28.79999924
v 8.01000023 8.50000000 -28.75106239
v 8.01000023 8.50000000 -28.79999924
v 7.96998692 8.06818867 -28.79999924
v 7.83111668 7.60069370 -28.77553177
v 7.65801048 7.26288462 -28.75106239
v 7.85130978 7.65108204 -28.75106239
v 7.32170105 6.83829927 -28.77553177
v 7.39667082 6.91681528 -28.75106239
v 7.96998692 8.06818867 -28.75106239
v 7.07619143 6.62465954 -28.75106239
v 6.70748520 6.39636612 -28.75106239
v 6.55930614 6.32888317 -28.77553177
v 6.30310822 6.23970985 -28.75106239
v 6.96559000 6.54604626 -28.77553177
v 5.87683058 6.16002464 -28.75106239
v 5.65999985 6.15000010 -28.77553177
v 7.65801048 7.26288462 -28.79999924
v 7.85130978 7.65108204 -28.79999924
v 7.07619143 6.62465954 -28.79999924
v 6.70748520 6.39636612 -28.79999924
v 6.30310822 6.23970985 -28.79999924
v 5.87683058 6.16002464 -28.79999924
v 5.44316912 6.16002464 -28.79999924
v 5.44316912 6.16002464 -28.75106239
v 4.76069403 6.32888317 -28.77553177
v 5.01689196 6.23970985 -28.75106239
v 4.35441017 6.54604626 -28.77553177
v 4.24380875 6.62465954 -28.75106239
v 4.61251497 6.39636612 -28.75106239
v 4.61251497 6.39636612 -28.79999924
v 5.01689196 6.23970985 -28.79999924
v 3.99829912 6.83829927 -28.77553177
v 3.92332911 6.91681528 -28.75106239
v 3.66198969 7.26288462 -28.75106239
v 3.70604634 7.19440985 -28.77553177
v 3.48888302 7.60069370 -28.77553177
v 3.35001326 8.06818867 -28.75106239
v 3.46869016 7.65108204 -28.75106239
v 3.35001326 8.06818867 -28.79999924
v 3.30999994 8.50000000 -28.79999924
v 4.24380875 6.62465954 -28.79999924
v 3.92332911 6.91681528 -28.79999924
v 3.66198969 7.26288462 -28.79999924
v 3.46869016 7.65108204 -28.79999924
v 3.35001326 8.93181133 -28.75106239
v 3.30999994 8.50000000 -28.75106239
v 3.30999994 8.50000000 -28.79999924
v 3.48888302 9.39930630 -28.77553177
v 3.66198969 9.73711586 -28.75106239
v 3.46869016 9.34891796 -28.75106239
v 3.99829912 10.16170120 -28.77553177
v 3.92332911 10.08318520 -28.75106239
v 3.35001326 8.93181133 -28.79999924
v 4.24380875 10.37534046 -28.75106239
v 4.61251497 10.60363388 -28.75106239
v 4.76069403 10.67111683 -28.77553177
v 5.01689196 10.76029015 -28.75106239
v 4.35441017 10.45395374 -28.77553177
v 5.44316912 10.83997536 -28.75106239
v 5.65999985 10.85000038 -28.77553177
v 3.66198969 9.73711586 -28.79999924
v 3.46869016 9.34891796 -28.79999924
v 4.24380875 10.37534046 -28.79999924
v 4.61251497 10.60363388 -28.79999924
v 5.01689196 10.76029015 -28.79999924
v 5.44316912 10.83997536 -28.79999924
v 5.87683058 10.83997536 -28.79999924
v 5.87683058 10.83997536 -28.75106239
v 6.55930614 10.67111683 -28.77553177
v 6.30310822 10.76029015 -28.75106239
v 6.96559000 10.45395374 -28.77553177
v 7.07619143 10.37534046 -28.75106239
v 6.70748520 10.60363388 -28.75106239
v 6.70748520 10.60363388 -28.79999924
v 6.30310822 10.76029015 -28.79999924
v 7.32170105 10.16170120 -28.77553177
v 7.39667082 10.08318520 -28.75106239
v 7.65801048 9.73711586 -28.75106239
v 7.61395359 9.80558968 -28.77553177
v 7.83111668 9.39930630 -28.77553177
v 7.96998692 8.93181133 -28.75106239
v 7.85130978 9.34891796 -28.75106239
v 7.96998692 8.93181133 -28.79999924
v 8.01000023 8.50000000 -28.79999924
v 7.07619143 10.37534046 -28.79999924
v 7.39667082 10.08318520 -28.79999924
v 7.65801048 9.73711586 -28.79999924
v 7.85130978 9.34891796 -28.79999924
v 6.70748520 6.39636612 -28.75106239
v 7.96998692 8.06818867 -28.75106239
v 7.65801048 7.26288462 -28.75106239
v 7.85130978 7.65108204 -28.75106239
v 7.39667082 6.91681528 -28.75106239
v 5.01689196 6.23970985 -28.75106239
v 6.30310822 6.23970985 -28.75106239
v 6.70748520 10.60363388 -28.75106239
v 7.07619143 6.62465954 -28.75106239
v 5.01689196 10.76029015 -28.75106239
v 7.96998692 8.93181133 -28.75106239
v 7.85130978 9.34891796 -28.75106239
v 7.39667082 10.08318520 -28.75106239
v 7.65801048 9.73711586 -28.75106239
v 8.01000023 8.50000000 -28.75106239
v 7.07619143 10.37534046 -28.75106239
v 6.30310822 10.76029015 -28.75106239
v 5.87683058 10.83997536 -28.75106239
v 5.44316912 10.83997536 -28.75106239
v 5.87683058 6.16002464 -28.75106239
v 5.44316912 6.16002464 -28.75106239
v 4.61251497 6.39636612 -28.75106239
v 3.66198969 7.26288462 -28.75106239
v 4.24380875 6.62465954 -28.75106239
v 3.92332911 6.91681528 -28.75106239
v 3.46869016 7.65108204 -28.75106239
v 3.35001326 8.06818867 -28.75106239
v 4.24380875 10.37534046 -28.75106239
v 4.61251497 10.60363388 -28.75106239
v 3.35001326 8.93181133 -28.75106239
v 3.66198969 9.73711586 -28.75106239
v 3.92332911 10.08318520 -28.75106239
v 3.46869016 9.34891796 -28.75106239
v 3.30999994 8.50000000 -28.75106239
v -4.61251497 6.39636612 -28.75106239
v -3.35001326 8.06818867 -28.75106239
v -3.66198969 7.26288462 -28.75106239
v -3.46869016 7.65108204 -28.75106239
v -3.92332911 6.91681528 -28.75106239
v -5.87683058 6.16002464 -28.75106239
v -5.01689196 10.76029015 -28.75106239
v -4.24380875 6.62465954 -28.75106239
v -5.01689196 6.23970985 -28.75106239
v -3.35001326 8.93181133 -28.75106239
v -3.30999994 8.50000000 -28.75106239
v -3.66198969 9.73711586 -28.75106239
v -3.46869016 9.34891796 -28.75106239
v -4.24380875 10.37534046 -28.75106239
v -3.92332911 10.08318520 -28.75106239
v -4.61251497 10.60363388 -28.75106239
v -5.44316912 10.83997536 -28.75106239
v -5.44316912 6.16002464 -28.75106239
v -6.30310822 6.23970985 -28.75106239
v -7.85130978 9.34891796 -28.75106239
v -7.65801048 7.26288462 -28.75106239
v -6.70748520 6.39636612 -28.75106239
v -7.07619143 6.62465954 -28.75106239
v -7.85130978 7.65108204 -28.75106239
v -7.96998692 8.06818867 -28.75106239
v -7.39667082 6.91681528 -28.75106239
v -6.70748520 10.60363388 -28.75106239
v -7.39667082 10.08318520 -28.75106239
v -7.07619143 10.37534046 -28.75106239
v -6.30310822 10.76029015 -28.75106239
v -5.87683058 10.83997536 -28.75106239
v -8.01000023 8.50000000 -28.75106239
v -7.96998692 8.93181133 -28.75106239
v -7.65801048 9.73711586 -28.75106239
v 27.52227211 11.50000000 18.04607773
v 26.89658356 11.50000000 17.32399178
v 27.03255844 11.50000000 17.62173653
v 27.83633804 11.50000000 18.13829422
v 27.24691010 11.50000000 17.86911201
v 27.83633804 11.50000000 15.86170578
v 26.89658356 11.50000000 16.67600822
v 26.85000038 11.50000000 17.00000000
v 27.03255844 11.50000000 16.37826347
v 27.52227211 11.50000000 15.95392323
v 27.24691010 11.50000000 16.13088799
v 29.10341644 11.50000000 17.32399178
v 28.47772789 11.50000000 18.04607773
v 28.75308990 11.50000000 17.86911201
v 28.96744156 11.50000000 17.62173653
v 28.96744156 11.50000000 16.37826347
v 28.16366196 11.50000000 15.86170578
v 28.47772789 11.50000000 15.95392323
v 28.75308990 11.50000000 16.13088799
v 29.10341644 11.50000000 16.67600822
v 29.14999962 11.50000000 17.00000000
v 28.16366196 11.50000000 18.13829422
v -28.16366196 11.50000000 18.13829422
v -29.10341644 11.50000000 17.32399178
v -28.96744156 11.50000000 17.62173653
v -28.47772789 11.50000000 18.04607773
v -28.75308990 11.50000000 17.86911201
v -27.52227211 11.50000000 15.95392323
v -28.96744156 11.50000000 16.37826347
v -29.14999962 11.50000000 17.00000000
v -29.10341644 11.50000000 16.67600822
v -28.47772789 11.50000000 15.95392323
v -28.75308990 11.50000000 16.13088799
v -28.16366196 11.50000000 15.86170578
v -27.52227211 11.50000000 18.04607773
v -27.03255844 11.50000000 17.62173653
v -27.24691010 11.50000000 17.86911201
v -26.89658356 11.50000000 17.32399178
v -27.24691010 11.50000000 16.13088799
v -27.03255844 11.50000000 16.37826347
v -27.83633804 11.50000000 15.86170578
v -26.89658356 11.50000000 16.67600822
v -26.85000038 11.50000000 17.00000000
v -27.83633804 11.50000000 18.13829422
v -7.75308990 11.50000000 19.36911201
v -8.10341644 11.50000000 18.82399178
v -7.96744156 11.50000000 19.12173653
v -7.16366196 11.50000000 19.63829422
v -7.47772741 11.50000000 19.54607773
v -8.10341644 11.50000000 18.17600822
v -6.52227259 11.50000000 19.54607773
v -7.96744156 11.50000000 17.87826347
v -7.75308990 11.50000000 17.63088799
v -8.14999962 11.50000000 18.50000000
v -7.47772741 11.50000000 17.45392227
v -6.83633804 11.50000000 17.36170578
v -7.16366196 11.50000000 17.36170578
v -5.89658308 11.50000000 18.82399178
v -6.24691010 11.50000000 19.36911201
v -6.03255844 11.50000000 19.12173653
v -5.84999990 11.50000000 18.50000000
v -6.24691010 11.50000000 17.63088799
v -6.52227259 11.50000000 17.45392227
v -6.03255844 11.50000000 17.87826347
v -5.89658308 11.50000000 18.17600822
v -6.83633804 11.50000000 19.63829422
v 6.03255844 11.50000000 19.12173653
v 5.84999990 11.50000000 18.50000000
v 5.89658308 11.50000000 18.82399178
v 7.16366196 11.50000000 17.36170578
v 6.03255844 11.50000000 17.87826347
v 6.24691010 11.50000000 19.36911201
v 5.89658308 11.50000000 18.17600822
v 7.16366196 11.50000000 19.63829422
v 6.52227259 11.50000000 19.54607773
v 6.24691010 11.50000000 17.63088799
v 6.52227259 11.50000000 17.45392227
v 6.83633804 11.50000000 17.36170578
v 6.83633804 11.50000000 19.63829422
v 7.47772741 11.50000000 19.54607773
v 7.96744156 11.50000000 19.12173653
v 7.75308990 11.50000000 19.36911201
v 8.10341644 11.50000000 18.82399178
v 8.14999962 11.50000000 18.50000000
v 7.47772741 11.50000000 17.45392227
v 7.75308990 11.50000000 17.63088799
v 8.10341644 11.50000000 18.17600822
v 7.96744156 11.50000000 17.87826347
v 26.03255844 11.50000000 -21.37826347
v 25.85000038 11.50000000 -22.00000000
v 25.89658356 11.50000000 -21.67600822
v 26.83633804 11.50000000 -20.86170578
v 26.24691010 11.50000000 -21.13088799
v 26.52227211 11.50000000 -20.95392227
v 27.47772789 11.50000000 -23.04607773
v 25.89658356 11.50000000 -22.32399178
v 26.03255844 11.50000000 -22.62173653
v 26.24691010 11.50000000 -22.86911201
v 26.52227211 11.50000000 -23.04607773
v 27.16366196 11.50000000 -23.13829422
v 27.47772789 11.50000000 -20.95392227
v 27.96744156 11.50000000 -22.62173653
v 27.96744156 11.50000000 -21.37826347
v 27.75308990 11.50000000 -21.13088799
v 28.10341644 11.50000000 -21.67600822
v 28.14999962 11.50000000 -22.00000000
v 27.75308990 11.50000000 -22.86911201
v 28.10341644 11.50000000 -22.32399178
v 27.16366196 11.50000000 -20.86170578
v -27.96744156 11.50000000 -21.37826347
v -28.14999962 11.50000000 -22.00000000
v -28.10341644 11.50000000 -21.67600822
v -27.16366196 11.50000000 -20.86170578
v -27.75308990 11.50000000 -21.13088799
v -27.47772789 11.50000000 -20.95392227
v -27.96744156 11.50000000 -22.62173653
v -26.24691010 11.50000000 -21.13088799
v -28.10341644 11.50000000 -22.32399178
v -27.16366196 11.50000000 -23.13829422
v -27.47772789 11.50000000 -23.04607773
v -26.83633804 11.50000000 -23.13829422
v -27.75308990 11.50000000 -22.86911201
v -26.83633804 11.50000000 -20.86170578
v -26.52227211 11.50000000 -20.95392227
v -25.89658356 11.50000000 -21.67600822
v -26.03255844 11.50000000 -21.37826347
v -26.03255844 11.50000000 -22.62173653
v -26.24691010 11.50000000 -22.86911201
v -26.52227211 11.50000000 -23.04607773
v -25.89658356 11.50000000 -22.32399178
v -25.85000038 11.50000000 -22.00000000
v -9.66023159 0.50000000 21.75106239
v 9.00000000 -1.00000000 22.00000000
v 9.66023159 0.50000000 21.75106239
v -7.43362141 -1.20313048 -28.79999924
v -3.25999999 -2.81999993 -28.79999924
v -3.88637853 -4.43686962 -28.79999924
v -8.06000042 -2.81999993 -28.79999924
v 7.43362141 -4.43686962 -28.79999924
v 3.25999999 -2.81999993 -28.79999924
v 3.88637853 -1.20313048 -28.79999924
v 8.06000042 -2.81999993 -28.79999924
v 33.00000000 2.50000000 -24.50000000
v -27.00000000 2.50000000 22.50000000
v 27.00000000 -5.50000000 21.75106239
v 27.00000000 -5.50000000 21.75106239
v -30.29829788 -7.50000000 21.07622147
v -0.00000000 -7.01308870 22.25089073
v 31.57622147 -7.50000000 19.79829788
v 32.75089264 -7.01308870 -3.50000000
v 30.29829788 -7.50000000 -28.07622147
v 0.00000000 -7.01308870 -29.25089073
v -31.57622147 -7.50000000 -26.79829788
v -32.75089264 -7.01308870 -3.50000000
v 9.71029758 -7.50000000 -5.64699984
v -0.00000000 -7.50000000 -25.21229744
v -0.00000000 -7.50000000 13.91829777
v 5.05000019 -14.39999962 -24.05745888
v -6.13386440 -30.50000000 10.34186459
v -6.13386440 -30.50000000 10.34186459
v 6.13386440 -30.50000000 -21.63586426
v -6.73614073 -7.50000000 10.94414043
v -5.05000019 -14.39999962 -22.05745888
v -5.05000019 -14.39999962 -24.05745888
v -5.05000019 -20.39999962 -21.90034294
v 6.73614073 -7.50000000 -22.23814011
v -27.00000000 2.50000000 22.50000000
v -25.40900993 13.50000000 -23.59099007
v -26.18682671 12.39999962 -22.81317329
v -27.47772789 11.50000000 -23.04607773
v -27.81317329 12.39999962 -22.81317329
v -26.52227211 11.50000000 -20.95392227
v 27.81317329 12.39999962 -22.81317329
v 26.52227211 11.50000000 -23.04607773
v 28.59099007 13.50000000 -23.59099007
v 27.47772789 12.39999962 -20.95392227
v 27.47772789 11.50000000 -20.95392227
v 7.81317282 12.39999962 17.68682671
v 6.52227259 11.50000000 17.45392227
v 6.18682718 12.39999962 17.68682671
v 8.59099007 13.50000000 16.90900993
v 7.47772741 12.39999962 19.54607773
v 7.47772741 11.50000000 19.54607773
v -6.18682718 12.39999962 17.68682671
v -7.47772741 11.50000000 17.45392227
v -7.81317282 12.39999962 17.68682671
v -5.40900993 13.50000000 16.90900993
v -6.52227259 12.39999962 19.54607773
v -6.52227259 11.50000000 19.54607773
v -27.18682671 12.39999962 16.18682671
v -28.81317329 12.39999962 16.18682671
v -26.40900993 13.50000000 15.40900993
v -27.52227211 12.39999962 18.04607773
v -27.52227211 11.50000000 18.04607773
v 28.81317329 12.39999962 16.18682671
v 27.52227211 11.50000000 15.95392323
v 27.18682671 12.39999962 16.18682671
v 29.59099007 13.50000000 15.40900993
v -7.39667082 10.08318520 -28.79999924
v -3.30999994 8.50000000 -28.75106239
v 0.00000000 12.52617741 -29.23745537
v 32.73745346 12.52617741 -3.50000000
v -0.00000000 12.52617741 22.23745537
v -32.73745346 12.52617741 -3.50000000
v -3.92332911 6.91681528 -28.79999924
v -8.01000023 8.50000000 -28.75106239
v 7.39667082 6.91681528 -28.79999924
v 3.30999994 8.50000000 -28.75106239
v 3.92332911 10.08318520 -28.79999924
v 8.01000023 8.50000000 -28.75106239
v 26.83633804 11.50000000 -23.13829422
vt 0.40368599 0.32448801
vt 0.40579101 0.32448801
vt 0.40368599 0.31973600
vt 0.40158099 0.32448801
vt 0.40368599 0.32923999
vt 0.40579101 0.32923999
vt 0.40158099 0.32923999
vt 0.40509000 0.31498399
vt 0.40789601 0.31815201
vt 0.40789601 0.31498399
vt 0.40579101 0.31973600
vt 0.40789601 0.32448801
vt 0.40789601 0.32132000
vt 0.39947599 0.31498399
vt 0.39947599 0.31815201
vt 0.40228301 0.31498399
vt 0.40158099 0.31973600
vt 0.39947599 0.32132000
vt 0.40789601 0.32765600
vt 0.40789601 0.33082399
vt 0.40509000 0.33399200
vt 0.40789601 0.33399200
vt 0.39947599 0.32448801
vt 0.39947599 0.32765600
vt 0.39947599 0.33082399
vt 0.40228301 0.33399200
vt 0.39947599 0.33399200
vt 0.40898001 0.28954199
vt 0.40898001 0.28780299
vt 0.40422800 0.28954199
vt 0.40898001 0.29128101
vt 0.41373199 0.28954199
vt 0.41373199 0.28780299
vt 0.41373199 0.29128101
vt 0.39947599 0.28838301
vt 0.40264401 0.28606400
vt 0.39947599 0.28606400
vt 0.40422800 0.28780299
vt 0.40898001 0.28606400
vt 0.40581200 0.28606400
vt 0.39947599 0.29302001
vt 0.40264401 0.29302001
vt 0.39947599 0.29070100
vt 0.40422800 0.29128101
vt 0.40581200 0.29302001
vt 0.41214800 0.28606400
vt 0.41531599 0.28606400
vt 0.41848299 0.28838301
vt 0.41848299 0.28606400
vt 0.40898001 0.29302001
vt 0.41214800 0.29302001
vt 0.41531599 0.29302001
vt 0.41848299 0.29070100
vt 0.41848299 0.29302001
vt 0.42971101 0.35063601
vt 0.43181601 0.35063601
vt 0.42971101 0.34588400
vt 0.42760599 0.35063601
vt 0.42760599 0.34588400
vt 0.42971101 0.35538700
vt 0.43181601 0.35538700
vt 0.42760599 0.35538700
vt 0.43111399 0.34113199
vt 0.43392101 0.34430000
vt 0.43392101 0.34113199
vt 0.43181601 0.34588400
vt 0.43392101 0.35063601
vt 0.43392101 0.34746799
vt 0.42550099 0.34113199
vt 0.42550099 0.34430000
vt 0.42830700 0.34113199
vt 0.42550099 0.34746799
vt 0.43392101 0.35380399
vt 0.43392101 0.35697100
vt 0.43111399 0.36013901
vt 0.43392101 0.36013901
vt 0.42550099 0.35063601
vt 0.42550099 0.35380399
vt 0.42550099 0.35697100
vt 0.42830700 0.36013901
vt 0.42550099 0.36013901
vt 0.42971101 0.32448801
vt 0.43181601 0.32448801
vt 0.42971101 0.31973600
vt 0.42760599 0.32448801
vt 0.42760599 0.31973600
vt 0.42971101 0.32923999
vt 0.43181601 0.32923999
vt 0.42760599 0.32923999
vt 0.43111399 0.31498399
vt 0.43392101 0.31815201
vt 0.43392101 0.31498399
vt 0.43181601 0.31973600
vt 0.43392101 0.32448801
vt 0.43392101 0.32132000
vt 0.42550099 0.31498399
vt 0.42550099 0.31815201
vt 0.42830700 0.31498399
vt 0.42550099 0.32132000
vt 0.43392101 0.32765600
vt 0.43392101 0.33082399
vt 0.43111399 0.33399200
vt 0.43392101 0.33399200
vt 0.42550099 0.32448801
vt 0.42550099 0.32765600
vt 0.42550099 0.33082399
vt 0.42830700 0.33399200
vt 0.42550099 0.33399200
vt 0.40368599 0.35063601
vt 0.40579101 0.35063601
vt 0.40368599 0.34588400
vt 0.40158099 0.35063601
vt 0.40158099 0.34588400
vt 0.40368599 0.35538700
vt 0.40579101 0.35538700
vt 0.40158099 0.35538700
vt 0.40509000 0.34113199
vt 0.40789601 0.34430000
vt 0.40789601 0.34113199
vt 0.40579101 0.34588400
vt 0.40789601 0.35063601
vt 0.40789601 0.34746799
vt 0.39947599 0.34113199
vt 0.39947599 0.34430000
vt 0.40228301 0.34113199
vt 0.39947599 0.34746799
vt 0.40789601 0.35380399
vt 0.40789601 0.35697100
vt 0.40509000 0.36013901
vt 0.40789601 0.36013901
vt 0.39947599 0.35063601
vt 0.39947599 0.35380399
vt 0.39947599 0.35697100
vt 0.40228301 0.36013901
vt 0.39947599 0.36013901
vt 0.49488100 0.34872100
vt 0.49698600 0.34872100
vt 0.49488100 0.34433600
vt 0.49277601 0.34872100
vt 0.49277601 0.34433600
vt 0.49488100 0.35310701
vt 0.49698600 0.35310701
vt 0.49277601 0.35310701
vt 0.49628499 0.33995000
vt 0.49909201 0.34287399
vt 0.49909201 0.33995000
vt 0.49698600 0.34433600
vt 0.49909201 0.34872100
vt 0.49909201 0.34579799
vt 0.49067101 0.33995000
vt 0.49067101 0.34287399
vt 0.49347800 0.33995000
vt 0.49067101 0.34579799
vt 0.49909201 0.35164499
vt 0.49909201 0.35456899
vt 0.49628499 0.35749301
vt 0.49909201 0.35749301
vt 0.49067101 0.34872100
vt 0.49067101 0.35164499
vt 0.49067101 0.35456899
vt 0.49347800 0.35749301
vt 0.49067101 0.35749301
vt 0.26173899 0.16719300
vt 0.24279401 0.07333500
vt 0.28609699 0.07333500
vt 0.28609699 0.36563101
vt 0.26173899 0.27177301
vt 0.25903201 0.16719300
vt 0.25632599 0.16719300
vt 0.25091299 0.16719300
vt 0.25361899 0.16719300
vt 0.24820700 0.16719300
vt 0.24550000 0.16719300
vt 0.24550000 0.27177301
vt 0.24279401 0.36563101
vt 0.25903201 0.27177301
vt 0.25632599 0.27177301
vt 0.25091299 0.27177301
vt 0.25361899 0.27177301
vt 0.24820700 0.27177301
vt 0.67768002 0.59816402
vt 0.67768002 0.69941503
vt 0.67668098 0.59649998
vt 0.67802799 0.60007399
vt 0.67802799 0.69750601
vt 0.67668098 0.70107901
vt 0.40759501 0.30320600
vt 0.40759501 0.30223200
vt 0.41165501 0.30223200
vt 0.40353599 0.30320600
vt 0.40353599 0.30223200
vt 0.40759501 0.30419901
vt 0.41165501 0.30320600
vt 0.40353599 0.30419901
vt 0.41300800 0.30130801
vt 0.41571501 0.30130801
vt 0.41030201 0.30130801
vt 0.41571501 0.30325001
vt 0.40218201 0.30130801
vt 0.40488899 0.30130801
vt 0.39947599 0.30130801
vt 0.39947599 0.30325001
vt 0.41571501 0.30519199
vt 0.41165501 0.30419901
vt 0.41030201 0.30519199
vt 0.41300800 0.30519199
vt 0.39947599 0.30519199
vt 0.40759501 0.30519199
vt 0.40488899 0.30519199
vt 0.40218201 0.30519199
vt 0.72551799 0.52459598
vt 0.72551799 0.62202799
vt 0.72822398 0.62202799
vt 0.72822398 0.52459598
vt 0.73093098 0.62202799
vt 0.73363698 0.52459598
vt 0.73093098 0.52459598
vt 0.73634398 0.52459598
vt 0.73634398 0.62202799
vt 0.73904997 0.62202799
vt 0.73904997 0.52459598
vt 0.74175698 0.62202799
vt 0.73363698 0.62202799
vt 0.40759501 0.29932100
vt 0.40759501 0.29834801
vt 0.41165501 0.29834801
vt 0.40353599 0.29932100
vt 0.40353599 0.29834801
vt 0.40759501 0.30031499
vt 0.41165501 0.29932100
vt 0.40353599 0.30031499
vt 0.41300800 0.29742301
vt 0.41571501 0.29742301
vt 0.41030201 0.29742301
vt 0.41571501 0.29936600
vt 0.40218201 0.29742301
vt 0.40488899 0.29742301
vt 0.39947599 0.29742301
vt 0.39947599 0.29936600
vt 0.41571501 0.30130801
vt 0.41165501 0.30031499
vt 0.41030201 0.30130801
vt 0.41300800 0.30130801
vt 0.39947599 0.30130801
vt 0.40759501 0.30130801
vt 0.40488899 0.30130801
vt 0.40218201 0.30130801
vt 0.40305001 0.30519199
vt 0.50048202 0.30519199
vt 0.40114000 0.30554000
vt 0.50239098 0.30554000
vt 0.39947599 0.30654001
vt 0.50405502 0.30654001
vt 0.69191098 0.45036599
vt 0.69453400 0.44884899
vt 0.69191098 0.44884899
vt 0.69417500 0.45194200
vt 0.69191098 0.45188400
vt 0.69978201 0.44884899
vt 0.69715798 0.44884899
vt 0.69852197 0.45204699
vt 0.69637698 0.45199600
vt 0.70060498 0.45209399
vt 0.70240599 0.44884899
vt 0.70503002 0.44884899
vt 0.70457900 0.45217699
vt 0.70765400 0.44884899
vt 0.70647699 0.45221299
vt 0.71290100 0.44884899
vt 0.71027702 0.44884899
vt 0.71179497 0.45229799
vt 0.71814901 0.44884899
vt 0.71552497 0.44884899
vt 0.71656102 0.45234901
vt 0.71344602 0.45231801
vt 0.70831299 0.45224500
vt 0.72077298 0.44884899
vt 0.71943003 0.45236400
vt 0.70262301 0.45213801
vt 0.71008497 0.45227301
vt 0.71503597 0.45233500
vt 0.71802598 0.45235801
vt 0.72077298 0.45236501
vt 0.72601998 0.44884899
vt 0.72339600 0.44884899
vt 0.72498399 0.45234901
vt 0.72864401 0.44884899
vt 0.72809899 0.45231801
vt 0.73389202 0.44884899
vt 0.73126799 0.44884899
vt 0.73323202 0.45224500
vt 0.73913902 0.44884899
vt 0.73651499 0.44884899
vt 0.73696500 0.45217699
vt 0.73506802 0.45221299
vt 0.72974902 0.45229799
vt 0.74438697 0.44884899
vt 0.74176300 0.44884899
vt 0.74302298 0.45204699
vt 0.74701101 0.44884899
vt 0.74516797 0.45199600
vt 0.74737102 0.45194200
vt 0.74963498 0.45036599
vt 0.74963498 0.44884899
vt 0.74963498 0.45188400
vt 0.74093997 0.45209399
vt 0.72650898 0.45233500
vt 0.72211498 0.45236400
vt 0.72351903 0.45235801
vt 0.73892200 0.45213801
vt 0.73145998 0.45227301
vt 0.62770700 0.60707498
vt 0.62259102 0.60495400
vt 0.62416500 0.60285199
vt 0.62932199 0.60530400
vt 0.62602198 0.60099500
vt 0.62644500 0.60911298
vt 0.62557900 0.61134899
vt 0.61985701 0.61228502
vt 0.62041497 0.60971898
vt 0.62133300 0.60725898
vt 0.62513798 0.61370498
vt 0.63042802 0.59816301
vt 0.63123500 0.60385901
vt 0.62812400 0.59942198
vt 0.63288897 0.59724599
vt 0.63545400 0.59668702
vt 0.63568598 0.60213399
vt 0.63338101 0.60279000
vt 0.63807398 0.59649998
vt 0.63807398 0.60191298
vt 0.64069301 0.59668702
vt 0.62513798 0.61610299
vt 0.61985701 0.61752301
vt 0.61966997 0.61490399
vt 0.62557900 0.61845899
vt 0.62041497 0.62008899
vt 0.62133300 0.62254900
vt 0.62259102 0.62485403
vt 0.62644500 0.62069398
vt 0.62770700 0.62273300
vt 0.62416500 0.62695599
vt 0.62602198 0.62881303
vt 0.62932199 0.62450403
vt 0.63042802 0.63164502
vt 0.63123500 0.62594903
vt 0.63338101 0.62701797
vt 0.62812400 0.63038599
vt 0.63545400 0.63312000
vt 0.63288897 0.63256198
vt 0.63568598 0.62767398
vt 0.63807398 0.62789500
vt 0.64325899 0.59724599
vt 0.64046103 0.60213399
vt 0.64571899 0.59816301
vt 0.64276600 0.60279000
vt 0.64802301 0.59942198
vt 0.64491200 0.60385901
vt 0.65012503 0.60099500
vt 0.64682502 0.60530400
vt 0.65198201 0.60285199
vt 0.64844102 0.60707498
vt 0.65355599 0.60495400
vt 0.64970303 0.60911298
vt 0.65481400 0.60725898
vt 0.65056902 0.61134899
vt 0.65628999 0.61228502
vt 0.65100902 0.61370498
vt 0.65647697 0.61490399
vt 0.65573198 0.60971898
vt 0.65100902 0.61610299
vt 0.64069301 0.63312000
vt 0.64046103 0.62767398
vt 0.65012503 0.62881303
vt 0.64802301 0.63038599
vt 0.64491200 0.62594903
vt 0.64571899 0.63164502
vt 0.64276600 0.62701797
vt 0.64325899 0.63256198
vt 0.63807398 0.63330799
vt 0.64682502 0.62450403
vt 0.65056902 0.61845899
vt 0.65481400 0.62254900
vt 0.64970303 0.62069398
vt 0.65628999 0.61752301
vt 0.65573198 0.62008899
vt 0.64844102 0.62273300
vt 0.65198201 0.62695599
vt 0.65355599 0.62485403
vt 0.69191098 0.41456601
vt 0.69191098 0.41483000
vt 0.69430202 0.41483000
vt 0.69699299 0.41469800
vt 0.69908601 0.41456601
vt 0.69669402 0.41456601
vt 0.70207602 0.41469800
vt 0.70147800 0.41456601
vt 0.69430202 0.41456601
vt 0.70386899 0.41456601
vt 0.70626098 0.41456601
vt 0.70715803 0.41469800
vt 0.70865297 0.41456601
vt 0.70461702 0.41469800
vt 0.71104503 0.41456601
vt 0.71223998 0.41469800
vt 0.69908601 0.41483000
vt 0.69669402 0.41483000
vt 0.70386899 0.41483000
vt 0.70626098 0.41483000
vt 0.70865297 0.41483000
vt 0.71104503 0.41483000
vt 0.71343601 0.41483000
vt 0.71343601 0.41456601
vt 0.71732301 0.41469800
vt 0.71582800 0.41456601
vt 0.71986401 0.41469800
vt 0.72061199 0.41456601
vt 0.71822000 0.41456601
vt 0.71822000 0.41483000
vt 0.71582800 0.41483000
vt 0.72240502 0.41469800
vt 0.72300297 0.41456601
vt 0.72539502 0.41456601
vt 0.72494602 0.41469800
vt 0.72748798 0.41469800
vt 0.73017800 0.41456601
vt 0.72778702 0.41456601
vt 0.73256999 0.41456601
vt 0.73017800 0.41483000
vt 0.72061199 0.41483000
vt 0.72300297 0.41483000
vt 0.72539502 0.41483000
vt 0.72778702 0.41483000
vt 0.69191098 0.41503000
vt 0.69191098 0.41529500
vt 0.69430202 0.41529500
vt 0.69699299 0.41516301
vt 0.69908601 0.41503000
vt 0.69669402 0.41503000
vt 0.70207602 0.41516301
vt 0.70147800 0.41503000
vt 0.69430202 0.41503000
vt 0.70386899 0.41503000
vt 0.70626098 0.41503000
vt 0.70715803 0.41516301
vt 0.70865297 0.41503000
vt 0.70461702 0.41516301
vt 0.71104503 0.41503000
vt 0.71223998 0.41516301
vt 0.69908601 0.41529500
vt 0.69669402 0.41529500
vt 0.70386899 0.41529500
vt 0.70626098 0.41529500
vt 0.70865297 0.41529500
vt 0.71104503 0.41529500
vt 0.71343601 0.41529500
vt 0.71343601 0.41503000
vt 0.71732301 0.41516301
vt 0.71582800 0.41503000
vt 0.71986401 0.41516301
vt 0.72061199 0.41503000
vt 0.71822000 0.41503000
vt 0.71822000 0.41529500
vt 0.71582800 0.41529500
vt 0.72240502 0.41516301
vt 0.72300297 0.41503000
vt 0.72539502 0.41503000
vt 0.72494602 0.41516301
vt 0.72748798 0.41516301
vt 0.73017800 0.41503000
vt 0.72778702 0.41503000
vt 0.73256999 0.41503000
vt 0.73017800 0.41529500
vt 0.72061199 0.41529500
vt 0.72300297 0.41529500
vt 0.72539502 0.41529500
vt 0.72778702 0.41529500
vt 0.69191098 0.43792501
vt 0.69453400 0.43640801
vt 0.69191098 0.43640801
vt 0.69417500 0.43938401
vt 0.69715798 0.43640801
vt 0.69852197 0.43927899
vt 0.69978201 0.43640801
vt 0.69637698 0.43933001
vt 0.70240599 0.43640801
vt 0.70060498 0.43923199
vt 0.70457900 0.43914899
vt 0.70503002 0.43640801
vt 0.71027702 0.43640801
vt 0.70765400 0.43640801
vt 0.70831299 0.43908101
vt 0.71290100 0.43640801
vt 0.71179497 0.43902901
vt 0.71814901 0.43640801
vt 0.71552497 0.43640801
vt 0.71656102 0.43897799
vt 0.72077298 0.43896100
vt 0.72077298 0.43640801
vt 0.71943003 0.43896300
vt 0.71344602 0.43900800
vt 0.70647699 0.43911299
vt 0.71802598 0.43896800
vt 0.70262301 0.43918899
vt 0.69191098 0.43944299
vt 0.71503597 0.43899101
vt 0.71008497 0.43905300
vt 0.72351903 0.43896800
vt 0.72339600 0.43640801
vt 0.72211498 0.43896300
vt 0.72601998 0.43640801
vt 0.72498399 0.43897799
vt 0.73126799 0.43640801
vt 0.72864401 0.43640801
vt 0.72974902 0.43902901
vt 0.72809899 0.43900800
vt 0.73323202 0.43908101
vt 0.73389202 0.43640801
vt 0.73913902 0.43640801
vt 0.73651499 0.43640801
vt 0.73696500 0.43914899
vt 0.74176300 0.43640801
vt 0.74093997 0.43923199
vt 0.74701101 0.43640801
vt 0.74438697 0.43640801
vt 0.74516797 0.43933001
vt 0.74963498 0.43792501
vt 0.74963498 0.43640801
vt 0.74302298 0.43927899
vt 0.73506802 0.43911299
vt 0.74737102 0.43938401
vt 0.72650898 0.43899101
vt 0.73145998 0.43905300
vt 0.73892200 0.43918899
vt 0.74963498 0.43944299
vt 0.69191098 0.45653799
vt 0.69477701 0.45502099
vt 0.69191098 0.45502099
vt 0.69438398 0.45811900
vt 0.69191098 0.45805600
vt 0.70051098 0.45502099
vt 0.69764400 0.45502099
vt 0.69913399 0.45823401
vt 0.69679099 0.45817900
vt 0.70141000 0.45828599
vt 0.70337802 0.45502099
vt 0.70624399 0.45502099
vt 0.70575202 0.45837599
vt 0.70911098 0.45502099
vt 0.70782602 0.45841500
vt 0.71484500 0.45502099
vt 0.71197802 0.45502099
vt 0.71363699 0.45850801
vt 0.72057801 0.45502099
vt 0.71771097 0.45502099
vt 0.71884400 0.45856401
vt 0.71543998 0.45853099
vt 0.70983201 0.45844999
vt 0.72344500 0.45502099
vt 0.72197801 0.45857999
vt 0.70361400 0.45833299
vt 0.71176797 0.45848101
vt 0.71717697 0.45854899
vt 0.72044402 0.45857400
vt 0.72344500 0.45858201
vt 0.72917801 0.45502099
vt 0.72631198 0.45502099
vt 0.72804600 0.45856401
vt 0.73204499 0.45502099
vt 0.73144901 0.45853099
vt 0.73777902 0.45502099
vt 0.73491198 0.45502099
vt 0.73705798 0.45844999
vt 0.74351197 0.45502099
vt 0.74064600 0.45502099
vt 0.74113703 0.45837599
vt 0.73906398 0.45841500
vt 0.73325300 0.45850801
vt 0.74924600 0.45502099
vt 0.74637902 0.45502099
vt 0.74775600 0.45823401
vt 0.75211298 0.45502099
vt 0.75009900 0.45817900
vt 0.75250602 0.45811900
vt 0.75497901 0.45653799
vt 0.75497901 0.45502099
vt 0.75497901 0.45805600
vt 0.74548000 0.45828599
vt 0.72971302 0.45854899
vt 0.72491199 0.45857999
vt 0.72644597 0.45857400
vt 0.74327499 0.45833299
vt 0.73512203 0.45848101
vt 0.01605200 0.26846001
vt 0.02260100 0.27150199
vt 0.02133900 0.27353999
vt 0.01777100 0.26616299
vt 0.02421600 0.26973000
vt 0.01980000 0.26413399
vt 0.02047300 0.27577600
vt 0.01306500 0.27646899
vt 0.01367500 0.27366599
vt 0.01467700 0.27097800
vt 0.02003200 0.27813199
vt 0.02612900 0.26828599
vt 0.02209700 0.26241499
vt 0.02730300 0.26003799
vt 0.02827500 0.26721701
vt 0.02461500 0.26104000
vt 0.03296800 0.26633999
vt 0.03010600 0.25942799
vt 0.03296800 0.25922301
vt 0.03583000 0.25942799
vt 0.03058100 0.26656100
vt 0.02003200 0.28052899
vt 0.01306500 0.28219199
vt 0.01286000 0.27933100
vt 0.02047300 0.28288600
vt 0.01367500 0.28499600
vt 0.01467700 0.28768399
vt 0.01777100 0.29249901
vt 0.01605200 0.29020199
vt 0.02260100 0.28716001
vt 0.02133900 0.28512099
vt 0.02421600 0.28893101
vt 0.01980000 0.29452699
vt 0.02461500 0.29762200
vt 0.02612900 0.29037601
vt 0.02827500 0.29144499
vt 0.02209700 0.29624701
vt 0.03010600 0.29923400
vt 0.02730300 0.29862401
vt 0.03058100 0.29210100
vt 0.03296800 0.29232201
vt 0.03863300 0.26003799
vt 0.03535500 0.26656100
vt 0.04132100 0.26104000
vt 0.03766100 0.26721701
vt 0.04383900 0.26241499
vt 0.03980700 0.26828599
vt 0.04613600 0.26413399
vt 0.04172000 0.26973000
vt 0.04816400 0.26616299
vt 0.04333500 0.27150199
vt 0.04988400 0.26846001
vt 0.04459700 0.27353999
vt 0.05125900 0.27097800
vt 0.04546300 0.27577600
vt 0.05287100 0.27646899
vt 0.04590300 0.27813199
vt 0.05307600 0.27933100
vt 0.05226100 0.27366599
vt 0.04590300 0.28052899
vt 0.03863300 0.29862401
vt 0.03535500 0.29210100
vt 0.03766100 0.29144499
vt 0.04172000 0.28893101
vt 0.04613600 0.29452699
vt 0.03980700 0.29037601
vt 0.04383900 0.29624701
vt 0.04132100 0.29762200
vt 0.03296800 0.29943901
vt 0.03583000 0.29923400
vt 0.04816400 0.29249901
vt 0.04333500 0.28716001
vt 0.04546300 0.28288600
vt 0.05125900 0.28768399
vt 0.04459700 0.28512099
vt 0.05287100 0.28219199
vt 0.05226100 0.28499600
vt 0.04988400 0.29020199
vt 0.69191098 0.41549501
vt 0.69191098 0.41576001
vt 0.69430202 0.41576001
vt 0.69699299 0.41562799
vt 0.69908601 0.41549501
vt 0.69669402 0.41549501
vt 0.70207602 0.41562799
vt 0.70147800 0.41549501
vt 0.69430202 0.41549501
vt 0.70386899 0.41549501
vt 0.70626098 0.41549501
vt 0.70715803 0.41562799
vt 0.70865297 0.41549501
vt 0.70461702 0.41562799
vt 0.71104503 0.41549501
vt 0.71223998 0.41562799
vt 0.69908601 0.41576001
vt 0.69669402 0.41576001
vt 0.70386899 0.41576001
vt 0.70626098 0.41576001
vt 0.70865297 0.41576001
vt 0.71104503 0.41576001
vt 0.71343601 0.41576001
vt 0.71343601 0.41549501
vt 0.71732301 0.41562799
vt 0.71582800 0.41549501
vt 0.71986401 0.41562799
vt 0.72061199 0.41549501
vt 0.71822000 0.41549501
vt 0.71822000 0.41576001
vt 0.71582800 0.41576001
vt 0.72240502 0.41562799
vt 0.72300297 0.41549501
vt 0.72539502 0.41549501
vt 0.72494602 0.41562799
vt 0.72748798 0.41562799
vt 0.73017800 0.41549501
vt 0.72778702 0.41549501
vt 0.73256999 0.41549501
vt 0.73017800 0.41576001
vt 0.72061199 0.41576001
vt 0.72300297 0.41576001
vt 0.72539502 0.41576001
vt 0.72778702 0.41576001
vt 0.69430202 0.41596001
vt 0.69191098 0.41596001
vt 0.69191098 0.41622499
vt 0.69699299 0.41609299
vt 0.69908601 0.41596001
vt 0.69669402 0.41596001
vt 0.70207602 0.41609299
vt 0.70147800 0.41596001
vt 0.69430202 0.41622499
vt 0.70386899 0.41596001
vt 0.70626098 0.41596001
vt 0.70715803 0.41609299
vt 0.70865297 0.41596001
vt 0.70461702 0.41609299
vt 0.71104503 0.41596001
vt 0.71223998 0.41609299
vt 0.69908601 0.41622499
vt 0.69669402 0.41622499
vt 0.70386899 0.41622499
vt 0.70626098 0.41622499
vt 0.70865297 0.41622499
vt 0.71104503 0.41622499
vt 0.71343601 0.41622499
vt 0.71343601 0.41596001
vt 0.71732301 0.41609299
vt 0.71582800 0.41596001
vt 0.71986401 0.41609299
vt 0.72061199 0.41596001
vt 0.71822000 0.41596001
vt 0.71822000 0.41622499
vt 0.71582800 0.41622499
vt 0.72240502 0.41609299
vt 0.72300297 0.41596001
vt 0.72539502 0.41596001
vt 0.72494602 0.41609299
vt 0.72748798 0.41609299
vt 0.73017800 0.41596001
vt 0.72778702 0.41596001
vt 0.73256999 0.41596001
vt 0.73017800 0.41622499
vt 0.72061199 0.41622499
vt 0.72300297 0.41622499
vt 0.72539502 0.41622499
vt 0.72778702 0.41622499
vt 0.39630401 0.29360700
vt 0.39782101 0.29647300
vt 0.39782101 0.29360700
vt 0.39484999 0.29607999
vt 0.39782101 0.29934001
vt 0.39496499 0.30083001
vt 0.39782101 0.30220699
vt 0.39490899 0.29848701
vt 0.39782101 0.30507401
vt 0.39501601 0.30310601
vt 0.39510700 0.30744800
vt 0.39782101 0.30794001
vt 0.39782101 0.31367400
vt 0.39782101 0.31080699
vt 0.39518100 0.31152800
vt 0.39782101 0.31654099
vt 0.39523900 0.31533301
vt 0.39782101 0.32227400
vt 0.39782101 0.31940699
vt 0.39529401 0.32054001
vt 0.39531299 0.32514101
vt 0.39782101 0.32514101
vt 0.39531100 0.32367399
vt 0.39526099 0.31713599
vt 0.39514601 0.30952099
vt 0.39530399 0.32214001
vt 0.39506400 0.30531001
vt 0.39478600 0.29360700
vt 0.39528000 0.31887299
vt 0.39521199 0.31346399
vt 0.39530399 0.32814199
vt 0.39782101 0.32800800
vt 0.39531100 0.32660800
vt 0.39782101 0.33087400
vt 0.39529401 0.32974201
vt 0.39782101 0.33660799
vt 0.39782101 0.33374101
vt 0.39523900 0.33494899
vt 0.39526099 0.33314499
vt 0.39518100 0.33875400
vt 0.39782101 0.33947501
vt 0.39782101 0.34520799
vt 0.39782101 0.34234101
vt 0.39510700 0.34283301
vt 0.39782101 0.34807500
vt 0.39501601 0.34717599
vt 0.39782101 0.35380799
vt 0.39782101 0.35094199
vt 0.39490899 0.35179499
vt 0.39630401 0.35667500
vt 0.39782101 0.35667500
vt 0.39496499 0.34945199
vt 0.39514601 0.34075999
vt 0.39484999 0.35420200
vt 0.39528000 0.33140901
vt 0.39521199 0.33681801
vt 0.39506400 0.34497100
vt 0.39478600 0.35667500
vt 0.86721802 0.41270599
vt 0.85004801 0.45059600
vt 0.85004801 0.41270599
vt 0.85004801 0.48848599
vt 0.86721802 0.64004701
vt 0.85004801 0.56426698
vt 0.85004801 0.52637702
vt 0.85004801 0.60215700
vt 0.88438898 0.41270599
vt 0.88438898 0.64004701
vt 0.90155900 0.41270599
vt 0.90155900 0.64004701
vt 0.85004801 0.64004701
vt 0.31422299 0.31077701
vt 0.31422299 0.29360700
vt 0.31775501 0.29360700
vt 0.31952199 0.31936201
vt 0.32128799 0.29360700
vt 0.33011901 0.31936201
vt 0.32482001 0.29360700
vt 0.32835299 0.29360700
vt 0.33188599 0.29360700
vt 0.33541799 0.29360700
vt 0.33541799 0.31936201
vt 0.31422299 0.32794699
vt 0.31422299 0.34511700
vt 0.32128799 0.34511700
vt 0.33541799 0.34511700
vt 0.32835299 0.34511700
vt 0.33895099 0.29360700
vt 0.34248301 0.29360700
vt 0.34071699 0.31936201
vt 0.34601599 0.29360700
vt 0.34601599 0.31936201
vt 0.35308099 0.29360700
vt 0.35131499 0.31936201
vt 0.34954801 0.29360700
vt 0.35661301 0.29360700
vt 0.35661301 0.31077701
vt 0.34248301 0.34511700
vt 0.34954801 0.34511700
vt 0.35661301 0.32794699
vt 0.35661301 0.34511700
vt 0.16904500 0.61299002
vt 0.16008900 0.49663499
vt 0.16947900 0.61138201
vt 0.17006700 0.60975200
vt 0.16875200 0.61456400
vt 0.16858600 0.61609000
vt 0.17174800 0.60651100
vt 0.17677100 0.49663499
vt 0.17285700 0.60494500
vt 0.17082100 0.60812098
vt 0.16853400 0.61755800
vt 0.17023800 0.67748898
vt 0.16858600 0.61902601
vt 0.16875200 0.62055302
vt 0.16008900 0.79975599
vt 0.17038900 0.67609102
vt 0.16904500 0.62212700
vt 0.16947900 0.62373501
vt 0.17159300 0.67168701
vt 0.17082100 0.62699598
vt 0.17174800 0.62860602
vt 0.17105500 0.67317897
vt 0.17006700 0.62536502
vt 0.17065699 0.67465103
vt 0.17564499 0.60204500
vt 0.17731801 0.60077298
vt 0.17917000 0.59965998
vt 0.17415699 0.60344601
vt 0.18567500 0.59760398
vt 0.19345300 0.49663499
vt 0.18807600 0.59745097
vt 0.18119600 0.59873998
vt 0.18337201 0.59804398
vt 0.17313200 0.66872102
vt 0.17285800 0.63017201
vt 0.17415699 0.63167101
vt 0.17669900 0.66463298
vt 0.17564499 0.63307202
vt 0.17731801 0.63434398
vt 0.17533600 0.66591603
vt 0.17992499 0.66245103
vt 0.17917100 0.63545698
vt 0.18119600 0.63637698
vt 0.18587799 0.66056901
vt 0.18567500 0.63751298
vt 0.18807600 0.63766599
vt 0.18377100 0.66097200
vt 0.18337300 0.63707298
vt 0.18177900 0.66160798
vt 0.17823000 0.66346902
vt 0.17228299 0.67019498
vt 0.17414699 0.66728699
vt 0.17019001 0.67883199
vt 0.17023800 0.68017602
vt 0.17065801 0.68301302
vt 0.17038900 0.68157297
vt 0.17105500 0.68448597
vt 0.17677100 0.79975599
vt 0.17228299 0.68747002
vt 0.17159300 0.68597698
vt 0.17313200 0.68894398
vt 0.18807600 0.66042799
vt 0.17533700 0.69174898
vt 0.17669900 0.69303101
vt 0.17992499 0.69521397
vt 0.17823000 0.69419599
vt 0.17414699 0.69037700
vt 0.18177900 0.69605601
vt 0.19345300 0.79975599
vt 0.18587799 0.69709599
vt 0.18377100 0.69669300
vt 0.18807600 0.69723600
vt 0.19027400 0.66056901
vt 0.19278000 0.59804398
vt 0.19047800 0.59760398
vt 0.19495600 0.59873903
vt 0.19698200 0.59965998
vt 0.19883400 0.60077202
vt 0.20050700 0.60204500
vt 0.21013500 0.54715502
vt 0.20199500 0.60344601
vt 0.20329501 0.60494399
vt 0.19622700 0.66245002
vt 0.19495700 0.63637698
vt 0.19698200 0.63545698
vt 0.19238099 0.66097200
vt 0.19047800 0.63751298
vt 0.19278000 0.63707298
vt 0.19437300 0.66160798
vt 0.20081601 0.66591501
vt 0.20050700 0.63307202
vt 0.20199600 0.63167101
vt 0.19945399 0.66463298
vt 0.19883500 0.63434398
vt 0.20329501 0.63017201
vt 0.20302100 0.66872102
vt 0.19792300 0.66346902
vt 0.21013500 0.59767503
vt 0.20533200 0.60812098
vt 0.20440499 0.60651100
vt 0.20667399 0.61138201
vt 0.20608500 0.60975200
vt 0.20740101 0.61456400
vt 0.20710801 0.61299002
vt 0.20756701 0.61609000
vt 0.21013500 0.49663499
vt 0.21013500 0.64819503
vt 0.20608599 0.62536502
vt 0.20667399 0.62373501
vt 0.20455900 0.67168701
vt 0.20440499 0.62860602
vt 0.20533200 0.62699598
vt 0.20761900 0.61755800
vt 0.20756701 0.61902601
vt 0.20740101 0.62055302
vt 0.20710801 0.62212598
vt 0.20386900 0.67019397
vt 0.20200500 0.66728699
vt 0.19238099 0.69669300
vt 0.19437400 0.69605601
vt 0.19027400 0.69709599
vt 0.19622700 0.69521397
vt 0.20081601 0.69174898
vt 0.21013500 0.74923599
vt 0.19945399 0.69303101
vt 0.19792300 0.69419497
vt 0.20200600 0.69037700
vt 0.20549500 0.67465103
vt 0.20509800 0.67317897
vt 0.20591500 0.67748898
vt 0.20576300 0.67609102
vt 0.20596300 0.67883199
vt 0.21013500 0.69871598
vt 0.20591500 0.68017602
vt 0.20455900 0.68597698
vt 0.20509800 0.68448502
vt 0.20302100 0.68894303
vt 0.20387000 0.68747002
vt 0.20549500 0.68301302
vt 0.20576300 0.68157297
vt 0.21013500 0.79975599
vt 0.65401000 0.52459598
vt 0.67118102 0.52459598
vt 0.67118102 0.52812803
vt 0.64542502 0.52989501
vt 0.67118102 0.53166097
vt 0.64542502 0.54049200
vt 0.67118102 0.53519398
vt 0.67118102 0.53872597
vt 0.67118102 0.54225898
vt 0.67118102 0.54579097
vt 0.64542502 0.54579097
vt 0.63683999 0.52459598
vt 0.61966997 0.52459598
vt 0.61966997 0.53166097
vt 0.61966997 0.54579097
vt 0.61966997 0.53872597
vt 0.67118102 0.54932398
vt 0.67118102 0.55285603
vt 0.64542502 0.55109000
vt 0.67118102 0.55638897
vt 0.64542502 0.55638897
vt 0.67118102 0.56345397
vt 0.64542502 0.56168801
vt 0.67118102 0.55992103
vt 0.67118102 0.56698698
vt 0.65401000 0.56698698
vt 0.61966997 0.55285603
vt 0.61966997 0.55992103
vt 0.63683999 0.56698698
vt 0.61966997 0.56698698
vt 0.82586300 0.41270599
vt 0.84303302 0.41270599
vt 0.84303302 0.45059600
vt 0.84303302 0.48848599
vt 0.84303302 0.52637702
vt 0.80869299 0.41270599
vt 0.79152203 0.41270599
vt 0.80869299 0.64004701
vt 0.82586300 0.64004701
vt 0.84303302 0.56426698
vt 0.84303302 0.60215700
vt 0.84303302 0.64004701
vt 0.34856299 0.24408799
vt 0.36573401 0.24408799
vt 0.36573401 0.24762100
vt 0.33997801 0.24938700
vt 0.36573401 0.25115299
vt 0.33997801 0.25998500
vt 0.36573401 0.25468600
vt 0.36573401 0.25821900
vt 0.36573401 0.26175100
vt 0.36573401 0.26528400
vt 0.33997801 0.26528400
vt 0.33139300 0.24408799
vt 0.31422299 0.24408799
vt 0.31422299 0.25115299
vt 0.31422299 0.26528400
vt 0.31422299 0.25821900
vt 0.36573401 0.26881599
vt 0.36573401 0.27234900
vt 0.33997801 0.27058199
vt 0.36573401 0.27588099
vt 0.33997801 0.27588099
vt 0.36573401 0.28294599
vt 0.33997801 0.28117999
vt 0.36573401 0.27941400
vt 0.36573401 0.28647900
vt 0.34856299 0.28647900
vt 0.31422299 0.27234900
vt 0.31422299 0.27941400
vt 0.33139300 0.28647900
vt 0.31422299 0.28647900
vt 0.15862399 0.50204802
vt 0.14194199 0.49663499
vt 0.15862399 0.49663499
vt 0.11653800 0.50204802
vt 0.10857800 0.54715502
vt 0.10857800 0.49663499
vt 0.12526000 0.49663499
vt 0.10857800 0.59767503
vt 0.12526000 0.79975599
vt 0.11653800 0.79434299
vt 0.14194199 0.79975599
vt 0.15862399 0.79434299
vt 0.15862399 0.79975599
vt 0.10857800 0.64819503
vt 0.10857800 0.79975599
vt 0.10857800 0.74923599
vt 0.10857800 0.69871598
vt 0.26572600 0.51669800
vt 0.22242300 0.51669800
vt 0.26572600 0.51961797
vt 0.30971101 0.00000000
vt 0.31263000 0.00000000
vt 0.31263000 0.29229599
vt 0.69191098 0.44465399
vt 0.73521399 0.44578800
vt 0.73521399 0.44173399
vt 0.19324000 0.25922301
vt 0.21041100 0.25922301
vt 0.21041100 0.26275599
vt 0.18465500 0.26452199
vt 0.21041100 0.26628801
vt 0.18465500 0.27511901
vt 0.21041100 0.26982099
vt 0.21041100 0.27335301
vt 0.21041100 0.27688599
vt 0.21041100 0.28041801
vt 0.18465500 0.28041801
vt 0.17607000 0.25922301
vt 0.15889999 0.26628801
vt 0.15889999 0.25922301
vt 0.15889999 0.28041801
vt 0.15889999 0.27335301
vt 0.21041100 0.28395101
vt 0.21041100 0.28748301
vt 0.18465500 0.28571701
vt 0.21041100 0.29101601
vt 0.18465500 0.29101601
vt 0.21041100 0.29808101
vt 0.18465500 0.29631501
vt 0.21041100 0.29454899
vt 0.21041100 0.30161399
vt 0.19324000 0.30161399
vt 0.15889999 0.28748301
vt 0.15889999 0.29454899
vt 0.17607000 0.30161399
vt 0.15889999 0.30161399
vt 0.70197600 0.43110701
vt 0.69694299 0.43110701
vt 0.69694299 0.43005100
vt 0.70197600 0.43216300
vt 0.69694299 0.43216300
vt 0.70700902 0.43110701
vt 0.70197600 0.43005100
vt 0.70700902 0.43216300
vt 0.71204197 0.43110701
vt 0.70700902 0.43005100
vt 0.71204197 0.43216300
vt 0.71707499 0.43110701
vt 0.71204197 0.43005100
vt 0.71707499 0.43216300
vt 0.72210699 0.43110701
vt 0.72210699 0.43005100
vt 0.72210699 0.43216300
vt 0.72714001 0.43110701
vt 0.72714001 0.43005100
vt 0.72714001 0.43216300
vt 0.73217303 0.43110701
vt 0.73217303 0.43216300
vt 0.69601399 0.42906499
vt 0.69265902 0.42906499
vt 0.69936901 0.42906499
vt 0.69265902 0.43044999
vt 0.70272398 0.42906499
vt 0.70607901 0.42906499
vt 0.70943499 0.42906499
vt 0.71279001 0.42906499
vt 0.69265902 0.43183401
vt 0.69997901 0.43321899
vt 0.69265902 0.43321899
vt 0.69631898 0.43321899
vt 0.70363897 0.43321899
vt 0.71095997 0.43321899
vt 0.71461999 0.43321899
vt 0.71614498 0.42906499
vt 0.71950001 0.42906499
vt 0.71707499 0.43005100
vt 0.72285497 0.42906499
vt 0.72621101 0.42906499
vt 0.73217303 0.42923900
vt 0.72956598 0.42906499
vt 0.73292100 0.42906499
vt 0.73217303 0.43005100
vt 0.73292100 0.43044999
vt 0.71828002 0.43321899
vt 0.72560102 0.43321899
vt 0.72193998 0.43321899
vt 0.73292100 0.43183401
vt 0.73217303 0.43304601
vt 0.72926098 0.43321899
vt 0.73292100 0.43321899
vt 0.26844701 0.69888300
vt 0.26740700 0.69888300
vt 0.26740700 0.62310302
vt 0.26844701 0.77466297
vt 0.26740700 0.77466297
vt 0.26948699 0.69888300
vt 0.26844701 0.62310302
vt 0.26948699 0.77466297
vt 0.26775301 0.54732198
vt 0.26636600 0.59784299
vt 0.26636600 0.54732198
vt 0.26636600 0.64836299
vt 0.26914001 0.54732198
vt 0.26636600 0.74940300
vt 0.26636600 0.69888300
vt 0.26636600 0.79992300
vt 0.26775301 0.85044402
vt 0.26636600 0.85044402
vt 0.27052701 0.54732198
vt 0.26948699 0.62310302
vt 0.27052701 0.64836299
vt 0.27052701 0.59784299
vt 0.26914001 0.85044402
vt 0.27052701 0.85044402
vt 0.27052701 0.74940300
vt 0.27052701 0.79992300
vt 0.70197600 0.42369401
vt 0.69694299 0.42369401
vt 0.69694299 0.42263800
vt 0.70197600 0.42475000
vt 0.69694299 0.42475000
vt 0.70700902 0.42369401
vt 0.70197600 0.42263800
vt 0.70700902 0.42475000
vt 0.71204197 0.42369401
vt 0.70700902 0.42263800
vt 0.71204197 0.42475000
vt 0.71707499 0.42369401
vt 0.71204197 0.42263800
vt 0.71707499 0.42475000
vt 0.72210699 0.42369401
vt 0.71707499 0.42263800
vt 0.72210699 0.42475000
vt 0.72714001 0.42369401
vt 0.72210699 0.42263800
vt 0.72714001 0.42475000
vt 0.73217303 0.42369401
vt 0.72714001 0.42263800
vt 0.73217303 0.42475000
vt 0.69601399 0.42165300
vt 0.69265902 0.42165300
vt 0.69936901 0.42165300
vt 0.69265902 0.42303699
vt 0.70272398 0.42165300
vt 0.70607901 0.42165300
vt 0.70943499 0.42165300
vt 0.71279001 0.42165300
vt 0.69265902 0.42442200
vt 0.69997901 0.42580599
vt 0.69265902 0.42580599
vt 0.69631898 0.42580599
vt 0.70363897 0.42580599
vt 0.71095997 0.42580599
vt 0.71461999 0.42580599
vt 0.71614498 0.42165300
vt 0.71950001 0.42165300
vt 0.72285497 0.42165300
vt 0.72621101 0.42165300
vt 0.73217303 0.42182600
vt 0.72956598 0.42165300
vt 0.73292100 0.42165300
vt 0.73217303 0.42263800
vt 0.73292100 0.42303699
vt 0.71828002 0.42580599
vt 0.72560102 0.42580599
vt 0.72193998 0.42580599
vt 0.73292100 0.42442200
vt 0.73217303 0.42563301
vt 0.72926098 0.42580599
vt 0.73292100 0.42580599
vt 0.95435703 0.59457898
vt 0.95331597 0.59457898
vt 0.95331597 0.53774399
vt 0.95435703 0.65141398
vt 0.95331597 0.65141398
vt 0.95539701 0.59457898
vt 0.95435703 0.53774399
vt 0.95539701 0.65141398
vt 0.95366299 0.48090899
vt 0.95227599 0.51879901
vt 0.95227599 0.48090899
vt 0.95227599 0.55668902
vt 0.95504999 0.48090899
vt 0.95227599 0.63246900
vt 0.95227599 0.59457898
vt 0.95227599 0.67035902
vt 0.95366299 0.70824999
vt 0.95227599 0.70824999
vt 0.95643699 0.48090899
vt 0.95539701 0.53774399
vt 0.95643699 0.55668902
vt 0.95643699 0.51879901
vt 0.95504999 0.70824999
vt 0.95643699 0.70824999
vt 0.95643699 0.63246900
vt 0.95643699 0.67035902
vt 0.62973499 0.42195001
vt 0.62470299 0.42195001
vt 0.62470299 0.42089400
vt 0.62973499 0.42300600
vt 0.62470299 0.42300600
vt 0.63476801 0.42195001
vt 0.62973499 0.42089400
vt 0.63476801 0.42300600
vt 0.63980103 0.42195001
vt 0.63476801 0.42089400
vt 0.63980103 0.42300600
vt 0.64483398 0.42195001
vt 0.63980103 0.42089400
vt 0.64483398 0.42300600
vt 0.64986598 0.42195001
vt 0.64986598 0.42089400
vt 0.64986598 0.42300600
vt 0.65489900 0.42195001
vt 0.65489900 0.42089400
vt 0.65489900 0.42300600
vt 0.65993202 0.42195001
vt 0.65993202 0.42300600
vt 0.62377298 0.41990799
vt 0.62712801 0.41990799
vt 0.62041801 0.41990799
vt 0.62041801 0.42129299
vt 0.63048297 0.41990799
vt 0.63383901 0.41990799
vt 0.63719398 0.41990799
vt 0.64054900 0.41990799
vt 0.62041801 0.42267701
vt 0.62773800 0.42406201
vt 0.62041801 0.42406201
vt 0.62407798 0.42406201
vt 0.63139802 0.42406201
vt 0.63871902 0.42406201
vt 0.64237899 0.42406201
vt 0.64390397 0.41990799
vt 0.64725900 0.41990799
vt 0.64483398 0.42089400
vt 0.65061402 0.41990799
vt 0.65397000 0.41990799
vt 0.65993202 0.42008200
vt 0.65732503 0.41990799
vt 0.66068000 0.41990799
vt 0.65993202 0.42089400
vt 0.66068000 0.42129299
vt 0.64603901 0.42406201
vt 0.65336001 0.42406201
vt 0.64969897 0.42406201
vt 0.66068000 0.42267701
vt 0.65993202 0.42388800
vt 0.65701997 0.42406201
vt 0.66068000 0.42406201
vt 0.95908397 0.56426698
vt 0.95804399 0.56426698
vt 0.95804399 0.48848599
vt 0.95908397 0.64004701
vt 0.95804399 0.64004701
vt 0.96012503 0.56426698
vt 0.95908397 0.48848599
vt 0.96012503 0.64004701
vt 0.95839101 0.41270599
vt 0.95700401 0.46322599
vt 0.95700401 0.41270599
vt 0.95700401 0.51374602
vt 0.95977801 0.41270599
vt 0.95700401 0.61478698
vt 0.95700401 0.56426698
vt 0.95700401 0.66530699
vt 0.95839101 0.71582699
vt 0.95700401 0.71582699
vt 0.96116501 0.41270599
vt 0.96012503 0.48848599
vt 0.96116501 0.51374602
vt 0.96116501 0.46322599
vt 0.95977801 0.71582699
vt 0.96116501 0.71582699
vt 0.96116501 0.61478698
vt 0.96116501 0.66530699
vt 0.62973499 0.41481799
vt 0.62470299 0.41481799
vt 0.62470299 0.41376200
vt 0.62973499 0.41587400
vt 0.62470299 0.41587400
vt 0.63476801 0.41481799
vt 0.62973499 0.41376200
vt 0.63476801 0.41587400
vt 0.63980103 0.41481799
vt 0.63476801 0.41376200
vt 0.63980103 0.41587400
vt 0.64483398 0.41481799
vt 0.63980103 0.41376200
vt 0.64483398 0.41587400
vt 0.64986598 0.41481799
vt 0.64483398 0.41376200
vt 0.64986598 0.41587400
vt 0.65489900 0.41481799
vt 0.64986598 0.41376200
vt 0.65489900 0.41587400
vt 0.65993202 0.41481799
vt 0.65489900 0.41376200
vt 0.65993202 0.41587400
vt 0.62377298 0.41277599
vt 0.62712801 0.41277599
vt 0.62041801 0.41277599
vt 0.62041801 0.41416100
vt 0.63048297 0.41277599
vt 0.63383901 0.41277599
vt 0.63719398 0.41277599
vt 0.64054900 0.41277599
vt 0.62041801 0.41554499
vt 0.62773800 0.41692999
vt 0.62041801 0.41692999
vt 0.62407798 0.41692999
vt 0.63139802 0.41692999
vt 0.63871902 0.41692999
vt 0.64237899 0.41692999
vt 0.64390397 0.41277599
vt 0.64725900 0.41277599
vt 0.65061402 0.41277599
vt 0.65397000 0.41277599
vt 0.65993202 0.41295001
vt 0.65732503 0.41277599
vt 0.66068000 0.41277599
vt 0.65993202 0.41376200
vt 0.66068000 0.41416100
vt 0.64603901 0.41692999
vt 0.65336001 0.41692999
vt 0.64969897 0.41692999
vt 0.66068000 0.41554499
vt 0.65993202 0.41675699
vt 0.65701997 0.41692999
vt 0.66068000 0.41692999
vt 0.94962901 0.59457898
vt 0.94858903 0.59457898
vt 0.94858903 0.53774399
vt 0.94962901 0.65141398
vt 0.94858903 0.65141398
vt 0.95066899 0.59457898
vt 0.94962901 0.53774399
vt 0.95066899 0.65141398
vt 0.94893599 0.48090899
vt 0.94754899 0.51879901
vt 0.94754899 0.48090899
vt 0.94754899 0.55668902
vt 0.95032299 0.48090899
vt 0.94754899 0.63246900
vt 0.94754899 0.59457898
vt 0.94754899 0.67035902
vt 0.94893599 0.70824999
vt 0.94754899 0.70824999
vt 0.95170999 0.48090899
vt 0.95066899 0.53774399
vt 0.95170999 0.55668902
vt 0.95170999 0.51879901
vt 0.95032299 0.70824999
vt 0.95170999 0.70824999
vt 0.95170999 0.63246900
vt 0.95170999 0.67035902
vt 0.91373599 0.48347700
vt 0.90945101 0.48915100
vt 0.91051900 0.48700500
vt 0.90879500 0.49145699
vt 0.90857297 0.49384400
vt 0.91196400 0.48509201
vt 0.91577399 0.48221499
vt 0.91800898 0.48134899
vt 0.92036599 0.48090899
vt 0.91800898 0.50633901
vt 0.92511898 0.48134899
vt 0.90945101 0.49853700
vt 0.90879500 0.49623099
vt 0.91373599 0.50421101
vt 0.91051900 0.50068301
vt 0.91196400 0.50259602
vt 0.91577399 0.50547302
vt 0.92036599 0.50678003
vt 0.92511898 0.50633901
vt 0.92276299 0.48090899
vt 0.93433398 0.49145699
vt 0.92735499 0.48221499
vt 0.92939299 0.48347700
vt 0.93367797 0.48915100
vt 0.93116498 0.48509201
vt 0.93260902 0.48700500
vt 0.93260902 0.50068301
vt 0.92939299 0.50421101
vt 0.92735499 0.50547302
vt 0.92276299 0.50678003
vt 0.93367797 0.49853700
vt 0.93455499 0.49384400
vt 0.93433398 0.49623099
vt 0.93116498 0.50259602
vt 0.90945101 0.70292002
vt 0.91051900 0.70077401
vt 0.91196400 0.69886100
vt 0.90879500 0.70522600
vt 0.92511898 0.69511801
vt 0.91577399 0.71924198
vt 0.91577399 0.69598401
vt 0.91800898 0.69511801
vt 0.92036599 0.69467801
vt 0.91373599 0.69724602
vt 0.91051900 0.71445203
vt 0.90879500 0.70999998
vt 0.90945101 0.71230602
vt 0.90857297 0.70761299
vt 0.91373599 0.71798003
vt 0.91196400 0.71636498
vt 0.91800898 0.72010797
vt 0.92036599 0.72054899
vt 0.93260902 0.71445203
vt 0.92735499 0.69598401
vt 0.92939299 0.69724602
vt 0.93260902 0.70077401
vt 0.93367797 0.70292002
vt 0.93433398 0.70522600
vt 0.93116498 0.69886100
vt 0.92735499 0.71924198
vt 0.92939299 0.71798003
vt 0.92511898 0.72010797
vt 0.92276299 0.72054899
vt 0.93433398 0.70999998
vt 0.93116498 0.71636498
vt 0.93367797 0.71230602
vt 0.93455499 0.70761299
vt 0.92276299 0.69467801
vt 0.60767901 0.63871801
vt 0.59529102 0.63508499
vt 0.60481000 0.63715303
vt 0.61260802 0.64298397
vt 0.61029601 0.64067501
vt 0.61456698 0.64559901
vt 0.60174698 0.63601202
vt 0.54498303 0.63508499
vt 0.61820501 0.65797198
vt 0.59855199 0.63531798
vt 0.49248201 0.67947400
vt 0.49467400 0.63508499
vt 0.61613399 0.64846498
vt 0.61727703 0.65152401
vt 0.61797202 0.65471500
vt 0.49364600 0.68050402
vt 0.49323401 0.68010497
vt 0.61820501 0.69565898
vt 0.49284399 0.67976302
vt 0.49234501 0.67937100
vt 0.49217799 0.67925000
vt 0.49241701 0.67942500
vt 0.49175200 0.67896098
vt 0.48699501 0.67730701
vt 0.48688799 0.67729700
vt 0.48710799 0.67731899
vt 0.48705101 0.67731303
vt 0.48761600 0.67738700
vt 0.48593000 0.67725599
vt 0.47207499 0.67725599
vt 0.48668799 0.67728198
vt 0.48635200 0.67726398
vt 0.44436601 0.63508499
vt 0.49041599 0.67823303
vt 0.49034300 0.67820001
vt 0.49119201 0.67862600
vt 0.49048999 0.67826700
vt 0.48888400 0.67766798
vt 0.48825899 0.67751002
vt 0.48915201 0.67774898
vt 0.48991701 0.67802101
vt 0.48939100 0.67782700
vt 0.49019799 0.67813700
vt 0.45822099 0.67725599
vt 0.49628100 0.68502098
vt 0.49627501 0.68500203
vt 0.49643701 0.68562502
vt 0.49628600 0.68504000
vt 0.49647999 0.68582499
vt 0.49599800 0.68418002
vt 0.49590200 0.68393803
vt 0.49623799 0.68487501
vt 0.49617499 0.68467700
vt 0.49626401 0.68496197
vt 0.49670601 0.71954399
vt 0.49670601 0.68801999
vt 0.49668899 0.68739599
vt 0.61820501 0.73334700
vt 0.49670601 0.75106800
vt 0.61820501 0.77103400
vt 0.49650201 0.68593299
vt 0.49649501 0.68590099
vt 0.49650699 0.68596101
vt 0.49664301 0.68684500
vt 0.49581000 0.68372101
vt 0.49463001 0.68166697
vt 0.49456000 0.68157297
vt 0.49467999 0.68173599
vt 0.49466401 0.68171299
vt 0.49469700 0.68175900
vt 0.49385700 0.68072802
vt 0.49407199 0.68096799
vt 0.49396399 0.68084598
vt 0.49441099 0.68137801
vt 0.49554300 0.68315399
vt 0.49543899 0.68295199
vt 0.49564400 0.68335801
vt 0.49559399 0.68325597
vt 0.49501801 0.68223298
vt 0.49486199 0.68199497
vt 0.49511200 0.68238300
vt 0.49518901 0.68251002
vt 0.49516299 0.68246597
vt 0.49521601 0.68255502
vt 0.43051201 0.67725599
vt 0.44436601 0.67725599
vt 0.39405799 0.63508499
vt 0.41665700 0.67725599
vt 0.40280300 0.67725599
vt 0.40217799 0.67727298
vt 0.40071300 0.67746001
vt 0.40074101 0.67745501
vt 0.40162599 0.67731899
vt 0.40068099 0.67746699
vt 0.40060499 0.67748201
vt 0.39980099 0.67768103
vt 0.39981899 0.67767501
vt 0.40040499 0.67752498
vt 0.39965501 0.67772400
vt 0.39974099 0.67769802
vt 0.39978099 0.67768598
vt 0.39871600 0.67805898
vt 0.39895901 0.67796302
vt 0.39945599 0.67778701
vt 0.39849901 0.67815101
vt 0.29344100 0.63508499
vt 0.27259800 0.64846498
vt 0.27416500 0.64559901
vt 0.29018000 0.63531798
vt 0.28698599 0.63601202
vt 0.28392300 0.63715303
vt 0.34375000 0.63508499
vt 0.27052701 0.65797198
vt 0.28105301 0.63871801
vt 0.27843601 0.64067501
vt 0.27612400 0.64298397
vt 0.39615399 0.67954803
vt 0.39803299 0.67836702
vt 0.39793101 0.67841703
vt 0.39733100 0.67874497
vt 0.39728600 0.67877102
vt 0.39772901 0.67852199
vt 0.27145600 0.65152401
vt 0.27076101 0.65471500
vt 0.27052701 0.69565898
vt 0.39724299 0.67879701
vt 0.39715901 0.67884803
vt 0.39813501 0.67831701
vt 0.39700899 0.67894202
vt 0.39677101 0.67909801
vt 0.39651200 0.67927903
vt 0.39648899 0.67929602
vt 0.39653501 0.67926300
vt 0.39644301 0.67932999
vt 0.39634800 0.67939901
vt 0.39574200 0.67988700
vt 0.39561999 0.67999399
vt 0.39550200 0.68010098
vt 0.39527801 0.68031299
vt 0.39453599 0.68111402
vt 0.39424700 0.68147498
vt 0.39487800 0.68072402
vt 0.39414400 0.68161201
vt 0.39402300 0.68177903
vt 0.39419800 0.68154001
vt 0.39339799 0.68276298
vt 0.39303800 0.68346500
vt 0.39373401 0.68220502
vt 0.39300400 0.68353897
vt 0.39297101 0.68361199
vt 0.39279199 0.68403703
vt 0.39259800 0.68456203
vt 0.39290801 0.68375599
vt 0.39252001 0.68480098
vt 0.39243901 0.68506902
vt 0.39215800 0.68633598
vt 0.39208999 0.68684298
vt 0.39228001 0.68569303
vt 0.39208299 0.68690002
vt 0.39206800 0.68706298
vt 0.39205199 0.68726200
vt 0.39207801 0.68695599
vt 0.39203399 0.68759799
vt 0.39202601 0.68801999
vt 0.39202601 0.71954399
vt 0.27052701 0.73334700
vt 0.39202601 0.75106800
vt 0.27052701 0.77103400
vt 0.49670601 0.81411701
vt 0.49670601 0.78259301
vt 0.61820501 0.80872101
vt 0.49670601 0.84564197
vt 0.61820501 0.84640801
vt 0.54498303 0.90698200
vt 0.49670601 0.87716597
vt 0.49669799 0.87758702
vt 0.49666500 0.87812299
vt 0.49667999 0.87792301
vt 0.49665499 0.87822998
vt 0.49664900 0.87828600
vt 0.49664301 0.87834197
vt 0.49645200 0.87949300
vt 0.49657500 0.87884998
vt 0.49629301 0.88011599
vt 0.49621299 0.88038403
vt 0.49613401 0.88062400
vt 0.49594101 0.88114899
vt 0.49582401 0.88142902
vt 0.49576101 0.88157398
vt 0.49572799 0.88164699
vt 0.49569401 0.88172001
vt 0.49533501 0.88242197
vt 0.49499899 0.88298100
vt 0.49471000 0.88340700
vt 0.49458799 0.88357401
vt 0.49453399 0.88364601
vt 0.49448499 0.88371098
vt 0.49467400 0.90698200
vt 0.49419600 0.88407201
vt 0.49385399 0.88446099
vt 0.49345401 0.88487297
vt 0.49322999 0.88508397
vt 0.49311200 0.88519102
vt 0.49298999 0.88529903
vt 0.49257901 0.88563699
vt 0.49238399 0.88578600
vt 0.49228999 0.88585597
vt 0.49224299 0.88589001
vt 0.49222001 0.88590598
vt 0.49219799 0.88592303
vt 0.49196100 0.88608700
vt 0.61820501 0.88409501
vt 0.49172300 0.88624299
vt 0.49157301 0.88633800
vt 0.49149001 0.88638800
vt 0.49144599 0.88641399
vt 0.61797202 0.88735199
vt 0.59529102 0.90698200
vt 0.49140099 0.88644099
vt 0.49100399 0.88666397
vt 0.49080101 0.88676798
vt 0.49069899 0.88681901
vt 0.61727703 0.89054298
vt 0.61456698 0.89646900
vt 0.61613399 0.89360303
vt 0.61029601 0.90139198
vt 0.61260802 0.89908302
vt 0.60767901 0.90334898
vt 0.60174698 0.90605497
vt 0.60481000 0.90491402
vt 0.59855199 0.90674901
vt 0.49059701 0.88686901
vt 0.49023399 0.88703501
vt 0.48977399 0.88722301
vt 0.49001601 0.88712698
vt 0.48927701 0.88739902
vt 0.48899099 0.88748801
vt 0.48907799 0.88746202
vt 0.48893201 0.88750499
vt 0.48895100 0.88749999
vt 0.48891300 0.88751000
vt 0.48812801 0.88770401
vt 0.48832700 0.88766098
vt 0.48801899 0.88772500
vt 0.48805100 0.88771898
vt 0.48799101 0.88773102
vt 0.48655400 0.88791198
vt 0.48710600 0.88786602
vt 0.48593000 0.88792998
vt 0.47207499 0.88792998
vt 0.44436601 0.90698200
vt 0.45822099 0.88792998
vt 0.44436601 0.88792998
vt 0.39283600 0.88125598
vt 0.34375000 0.90698200
vt 0.39265001 0.88077003
vt 0.39302501 0.88168901
vt 0.39292401 0.88146299
vt 0.39287800 0.88135701
vt 0.39249000 0.88028800
vt 0.39247999 0.88025498
vt 0.39256200 0.88051599
vt 0.39252099 0.88038701
vt 0.39250001 0.88032103
vt 0.39421400 0.88366902
vt 0.39402699 0.88341498
vt 0.39584401 0.88538700
vt 0.39405799 0.90698200
vt 0.39517999 0.88477498
vt 0.39457101 0.88411403
vt 0.39355299 0.88269001
vt 0.39341801 0.88245797
vt 0.39327300 0.88219202
vt 0.39393201 0.88327998
vt 0.39388400 0.88321000
vt 0.39383599 0.88313901
vt 0.27052701 0.80872101
vt 0.39202601 0.78259301
vt 0.39202601 0.81411701
vt 0.39202601 0.87716597
vt 0.39203301 0.87756997
vt 0.39202601 0.84564197
vt 0.27052701 0.84640801
vt 0.27052701 0.88409501
vt 0.39207599 0.87821198
vt 0.39225000 0.87935698
vt 0.39223799 0.87929899
vt 0.39239901 0.87997502
vt 0.39232001 0.87966502
vt 0.39227399 0.87946701
vt 0.39210600 0.87848800
vt 0.39208999 0.87835097
vt 0.39208299 0.87828201
vt 0.39222601 0.87923902
vt 0.39214200 0.87875098
vt 0.39628801 0.88574201
vt 0.40070000 0.88772398
vt 0.40003899 0.88757002
vt 0.40082100 0.88774800
vt 0.40075999 0.88773602
vt 0.40073001 0.88773000
vt 0.39969400 0.88747197
vt 0.39967999 0.88746798
vt 0.39982301 0.88751000
vt 0.39974201 0.88748699
vt 0.39970899 0.88747698
vt 0.40280300 0.88792998
vt 0.41665700 0.88792998
vt 0.43051201 0.88792998
vt 0.40238801 0.88792199
vt 0.40209201 0.88790703
vt 0.40173900 0.88787800
vt 0.40119800 0.88781101
vt 0.40094399 0.88777000
vt 0.40192300 0.88789499
vt 0.40183300 0.88788700
vt 0.39868301 0.88711101
vt 0.39788100 0.88674200
vt 0.39892501 0.88720798
vt 0.39880300 0.88716000
vt 0.39874300 0.88713598
vt 0.29344100 0.90698200
vt 0.27076101 0.88735199
vt 0.27145600 0.89054298
vt 0.39737600 0.88646603
vt 0.39681199 0.88611400
vt 0.39917201 0.88729900
vt 0.29018000 0.90674901
vt 0.28698599 0.90605497
vt 0.27259800 0.89360303
vt 0.28392300 0.90491402
vt 0.27416500 0.89646900
vt 0.27612400 0.89908302
vt 0.27843601 0.90139198
vt 0.28105301 0.90334898
vt 0.70634198 0.46342301
vt 0.70765603 0.46342301
vt 0.70765603 0.46236399
vt 0.70503098 0.46342301
vt 0.70634198 0.46236399
vt 0.70371902 0.46342301
vt 0.70503098 0.46236399
vt 0.70240903 0.46342301
vt 0.70371902 0.46236399
vt 0.70109898 0.46342301
vt 0.70240903 0.46236399
vt 0.69978899 0.46342301
vt 0.69978899 0.46236399
vt 0.69851500 0.46342301
vt 0.69851500 0.46236399
vt 0.69716698 0.46342301
vt 0.69716698 0.46236399
vt 0.69585502 0.46342301
vt 0.69585502 0.46236399
vt 0.69454098 0.46342301
vt 0.69454098 0.46236399
vt 0.69322699 0.46342301
vt 0.69322699 0.46236399
vt 0.70634198 0.46446499
vt 0.70765603 0.46446499
vt 0.70503098 0.46446499
vt 0.70371902 0.46446499
vt 0.70240903 0.46446499
vt 0.70109898 0.46446499
vt 0.69978899 0.46446499
vt 0.69851500 0.46446499
vt 0.69716698 0.46446499
vt 0.69585502 0.46446499
vt 0.69454098 0.46446499
vt 0.69322699 0.46446499
vt 0.70634198 0.46549600
vt 0.70765603 0.46549600
vt 0.70503098 0.46549600
vt 0.70371902 0.46549600
vt 0.70240903 0.46549600
vt 0.70109898 0.46549600
vt 0.69978899 0.46549600
vt 0.69851500 0.46549600
vt 0.69716698 0.46549600
vt 0.69585502 0.46549600
vt 0.69454098 0.46549600
vt 0.69322699 0.46549600
vt 0.70634198 0.46652699
vt 0.70765603 0.46652699
vt 0.70503098 0.46652699
vt 0.70371902 0.46652699
vt 0.70240903 0.46652699
vt 0.70109898 0.46652699
vt 0.69978899 0.46652699
vt 0.69851500 0.46652699
vt 0.69716698 0.46652699
vt 0.69585502 0.46652699
vt 0.69454098 0.46652699
vt 0.69322699 0.46652699
vt 0.70634198 0.46755800
vt 0.70765603 0.46755800
vt 0.70503098 0.46755800
vt 0.70371902 0.46755800
vt 0.70240903 0.46755800
vt 0.70109898 0.46755800
vt 0.69978899 0.46755800
vt 0.69851500 0.46755800
vt 0.69716698 0.46755800
vt 0.69585502 0.46755800
vt 0.69454098 0.46755800
vt 0.69322699 0.46755800
vt 0.70634198 0.46858901
vt 0.70765603 0.46858901
vt 0.70503098 0.46858901
vt 0.70371902 0.46858901
vt 0.70240903 0.46858901
vt 0.70109898 0.46858901
vt 0.69978899 0.46858901
vt 0.69851500 0.46858901
vt 0.69716698 0.46858901
vt 0.69585502 0.46858901
vt 0.69454098 0.46858901
vt 0.69322699 0.46858901
vt 0.70897198 0.46226501
vt 0.70897198 0.46127099
vt 0.70854598 0.46127599
vt 0.70789599 0.46128401
vt 0.70783901 0.46128500
vt 0.70820600 0.46128100
vt 0.70800501 0.46128300
vt 0.70778197 0.46128601
vt 0.70726597 0.46129200
vt 0.70660597 0.46129999
vt 0.70595700 0.46130800
vt 0.70567501 0.46131101
vt 0.70542097 0.46131399
vt 0.70485598 0.46131900
vt 0.70455003 0.46132100
vt 0.70439100 0.46132201
vt 0.70431000 0.46132201
vt 0.70343298 0.46132699
vt 0.70277601 0.46133101
vt 0.70225698 0.46133301
vt 0.70422798 0.46132299
vt 0.70204902 0.46133399
vt 0.70195800 0.46133399
vt 0.70187497 0.46133399
vt 0.70140898 0.46133500
vt 0.70109898 0.46236399
vt 0.69876999 0.46133301
vt 0.69888800 0.46133399
vt 0.69913501 0.46133399
vt 0.70088702 0.46133599
vt 0.70030802 0.46133599
vt 0.69967300 0.46133500
vt 0.69983703 0.46133500
vt 0.69999701 0.46133500
vt 0.69495797 0.46130699
vt 0.69497699 0.46130699
vt 0.69434798 0.46130201
vt 0.69499701 0.46130699
vt 0.69534099 0.46131101
vt 0.69513100 0.46130899
vt 0.69503999 0.46130800
vt 0.69414198 0.46129999
vt 0.69254100 0.46127900
vt 0.69191098 0.46226501
vt 0.69191098 0.46127099
vt 0.69309902 0.46128601
vt 0.69406402 0.46129900
vt 0.69403100 0.46129900
vt 0.69400197 0.46129799
vt 0.69587302 0.46131599
vt 0.69807702 0.46133000
vt 0.69789898 0.46132901
vt 0.69779998 0.46132800
vt 0.69774902 0.46132800
vt 0.69871199 0.46133301
vt 0.69868398 0.46133301
vt 0.69865501 0.46133301
vt 0.69836402 0.46133101
vt 0.69677699 0.46132299
vt 0.69637501 0.46132001
vt 0.69613600 0.46131799
vt 0.69689202 0.46132299
vt 0.69769597 0.46132800
vt 0.69723701 0.46132499
vt 0.69700700 0.46132401
vt 0.70897198 0.46320799
vt 0.70897198 0.46411601
vt 0.70897198 0.46500400
vt 0.70897198 0.46588600
vt 0.70897198 0.46768200
vt 0.70897198 0.46677399
vt 0.70654601 0.46961901
vt 0.70775002 0.46961901
vt 0.70897198 0.46862400
vt 0.70897198 0.46961901
vt 0.70535803 0.46961901
vt 0.70418698 0.46961901
vt 0.70189601 0.46961901
vt 0.70303297 0.46961901
vt 0.70077598 0.46961901
vt 0.70022202 0.46961901
vt 0.69191098 0.46320799
vt 0.69191098 0.46411601
vt 0.69191098 0.46500400
vt 0.69191098 0.46588600
vt 0.69191098 0.46677399
vt 0.69967300 0.46961901
vt 0.69994700 0.46961901
vt 0.69781399 0.46961901
vt 0.69589800 0.46961901
vt 0.69191098 0.46862400
vt 0.69191098 0.46768200
vt 0.69393200 0.46961901
vt 0.69292903 0.46961901
vt 0.69191098 0.46961901
vt 0.00416100 0.16841801
vt 0.00416100 0.12087600
vt 0.00208100 0.12087600
vt 0.00416100 0.21595900
vt 0.00208100 0.16841801
vt 0.00624200 0.16841801
vt 0.00624200 0.12087600
vt 0.00624200 0.21595900
vt 0.00000000 0.10502900
vt 0.00092500 0.07333500
vt 0.00000000 0.07333500
vt 0.00000000 0.13672400
vt 0.00277400 0.07333500
vt 0.00184900 0.07333500
vt 0.00369900 0.07333500
vt 0.00462300 0.07333500
vt 0.00000000 0.20011200
vt 0.00000000 0.23180600
vt 0.00208100 0.21595900
vt 0.00000000 0.26350001
vt 0.00092500 0.26350001
vt 0.00184900 0.26350001
vt 0.00277400 0.26350001
vt 0.00369900 0.26350001
vt 0.00554800 0.07333500
vt 0.00832200 0.13672400
vt 0.00647300 0.07333500
vt 0.00832200 0.10502900
vt 0.00739700 0.07333500
vt 0.00832200 0.07333500
vt 0.00832200 0.16841801
vt 0.00462300 0.26350001
vt 0.00554800 0.26350001
vt 0.00647300 0.26350001
vt 0.00739700 0.26350001
vt 0.00832200 0.20011200
vt 0.00832200 0.23180600
vt 0.00832200 0.26350001
vt 0.68027902 0.59912997
vt 0.68027902 0.59781700
vt 0.67926198 0.59781700
vt 0.68027902 0.60044301
vt 0.67926198 0.59912997
vt 0.68027902 0.60175502
vt 0.67926198 0.60044301
vt 0.68027902 0.60307199
vt 0.67926198 0.60175502
vt 0.68027902 0.60437602
vt 0.67926198 0.60307199
vt 0.68027902 0.60568601
vt 0.67926198 0.60437602
vt 0.68027902 0.60699600
vt 0.67926198 0.60699600
vt 0.68027902 0.60830599
vt 0.67926198 0.60830599
vt 0.68027902 0.60961801
vt 0.67926198 0.60961801
vt 0.68027902 0.61092198
vt 0.67926198 0.61092198
vt 0.68027902 0.61224502
vt 0.67926198 0.61224502
vt 0.68128002 0.59912997
vt 0.68128002 0.59781700
vt 0.68128002 0.60044301
vt 0.68128002 0.60175502
vt 0.68128002 0.60307199
vt 0.68128002 0.60437602
vt 0.68128002 0.60568601
vt 0.68128002 0.60699600
vt 0.68128002 0.60830599
vt 0.68128002 0.60961801
vt 0.68128002 0.61092198
vt 0.68128002 0.61224502
vt 0.68227100 0.59912997
vt 0.68227100 0.59781700
vt 0.68227100 0.60044301
vt 0.68227100 0.60175502
vt 0.68227100 0.60307199
vt 0.68227100 0.60437602
vt 0.68227100 0.60568601
vt 0.68227100 0.60699600
vt 0.68227100 0.60830599
vt 0.68227100 0.60961801
vt 0.68227100 0.61092198
vt 0.68227100 0.61224502
vt 0.68326098 0.59912997
vt 0.68326098 0.59781700
vt 0.68326098 0.60044301
vt 0.68326098 0.60175502
vt 0.68326098 0.60307199
vt 0.68326098 0.60437602
vt 0.68326098 0.60568601
vt 0.68326098 0.60699600
vt 0.68326098 0.60830599
vt 0.68326098 0.60961801
vt 0.68326098 0.61092198
vt 0.68326098 0.61224502
vt 0.68425101 0.59912997
vt 0.68425101 0.59781700
vt 0.68425101 0.60044301
vt 0.68425101 0.60175502
vt 0.68425101 0.60307199
vt 0.68425101 0.60437602
vt 0.68425101 0.60568601
vt 0.68425101 0.60699600
vt 0.68425101 0.60830599
vt 0.68425101 0.60961801
vt 0.68425101 0.61092198
vt 0.68425101 0.61224502
vt 0.68524200 0.59912997
vt 0.68524200 0.59781700
vt 0.68524200 0.60044301
vt 0.68524200 0.60175502
vt 0.68524200 0.60307199
vt 0.68524200 0.60437602
vt 0.68524200 0.60568601
vt 0.68524200 0.60699600
vt 0.68524200 0.60830599
vt 0.68524200 0.60961801
vt 0.68524200 0.61092198
vt 0.68524200 0.61224502
vt 0.67916697 0.59649998
vt 0.67821199 0.59649998
vt 0.67821699 0.59691900
vt 0.67822403 0.59757501
vt 0.67822301 0.59748000
vt 0.67821997 0.59721702
vt 0.67822200 0.59738898
vt 0.67823398 0.59838301
vt 0.67823100 0.59812403
vt 0.67823499 0.59851003
vt 0.67823601 0.59860301
vt 0.67823601 0.59857202
vt 0.67823702 0.59863299
vt 0.67824799 0.59954298
vt 0.67824501 0.59931701
vt 0.67824900 0.59962797
vt 0.67824900 0.59966302
vt 0.67824900 0.59967798
vt 0.67824900 0.59969300
vt 0.67825502 0.60023302
vt 0.67825699 0.60049897
vt 0.67825800 0.60062999
vt 0.68007302 0.59649998
vt 0.67825902 0.60069603
vt 0.67825902 0.60076100
vt 0.67826402 0.60165101
vt 0.67826700 0.60223103
vt 0.67826903 0.60290200
vt 0.67827100 0.60355002
vt 0.67827201 0.60412401
vt 0.67827398 0.60503399
vt 0.67827302 0.60593998
vt 0.67926198 0.60568601
vt 0.67827100 0.60651600
vt 0.67823702 0.61139399
vt 0.67823797 0.61133498
vt 0.67823601 0.61145502
vt 0.67822999 0.61195499
vt 0.67825001 0.61036402
vt 0.67824900 0.61039901
vt 0.67823899 0.61122102
vt 0.67824203 0.61101598
vt 0.67824602 0.61069298
vt 0.67822498 0.61243200
vt 0.67822403 0.61250299
vt 0.67821598 0.61315298
vt 0.67821199 0.61356097
vt 0.67916697 0.61356097
vt 0.67822701 0.61222303
vt 0.67822599 0.61236203
vt 0.67826700 0.60770798
vt 0.67826599 0.60797799
vt 0.67826498 0.60828400
vt 0.67826200 0.60885102
vt 0.67826998 0.60683399
vt 0.67826998 0.60700101
vt 0.67826903 0.60708600
vt 0.67826903 0.60717303
vt 0.67825502 0.60985202
vt 0.67825198 0.61012298
vt 0.67825103 0.61026001
vt 0.67825001 0.61032999
vt 0.67826098 0.60909998
vt 0.67826003 0.60921597
vt 0.67825902 0.60932702
vt 0.68094498 0.59649998
vt 0.68179798 0.59649998
vt 0.68264502 0.59649998
vt 0.68349802 0.59649998
vt 0.68527597 0.59649998
vt 0.68436998 0.59649998
vt 0.68623197 0.59872901
vt 0.68623197 0.59981900
vt 0.68623197 0.59762299
vt 0.68623102 0.59649998
vt 0.68623197 0.60089397
vt 0.68623102 0.60402298
vt 0.68623102 0.60503399
vt 0.68623197 0.60195202
vt 0.68623197 0.60299498
vt 0.68007302 0.61356097
vt 0.68094498 0.61356097
vt 0.68179798 0.61356097
vt 0.68264502 0.61356097
vt 0.68349802 0.61356097
vt 0.68623102 0.60604501
vt 0.68623197 0.60917097
vt 0.68623197 0.60811299
vt 0.68623197 0.60707098
vt 0.68623197 0.61024499
vt 0.68436998 0.61356097
vt 0.68623197 0.61243898
vt 0.68527597 0.61356097
vt 0.68623197 0.61133403
vt 0.68623102 0.61356097
vt 0.53241003 0.36238599
vt 0.55327898 0.36238599
vt 0.55327898 0.36067200
vt 0.51154000 0.36238599
vt 0.53241003 0.36067200
vt 0.53241003 0.36410001
vt 0.55327898 0.36410001
vt 0.51154000 0.36410001
vt 0.56023502 0.35895801
vt 0.57414800 0.35971999
vt 0.57414800 0.35895801
vt 0.54632300 0.35895801
vt 0.57414800 0.36124301
vt 0.57414800 0.36048099
vt 0.57414800 0.36200500
vt 0.57414800 0.36276701
vt 0.51849699 0.35895801
vt 0.50458401 0.35895801
vt 0.51154000 0.36067200
vt 0.49067101 0.35895801
vt 0.49067101 0.35971999
vt 0.49067101 0.36048099
vt 0.49067101 0.36124301
vt 0.49067101 0.36200500
vt 0.57414800 0.36352900
vt 0.57414800 0.36505300
vt 0.57414800 0.36429101
vt 0.56023502 0.36581501
vt 0.57414800 0.36581501
vt 0.54632300 0.36581501
vt 0.53241003 0.36581501
vt 0.49067101 0.36276701
vt 0.49067101 0.36352900
vt 0.49067101 0.36429101
vt 0.51849699 0.36581501
vt 0.50458401 0.36581501
vt 0.49067101 0.36505300
vt 0.49067101 0.36581501
vt 0.63410097 0.87320697
vt 0.63541502 0.87320697
vt 0.63541502 0.87214899
vt 0.63279003 0.87320697
vt 0.63410097 0.87214899
vt 0.63147801 0.87320697
vt 0.63279003 0.87214899
vt 0.63016802 0.87320697
vt 0.63147801 0.87214899
vt 0.62885797 0.87320697
vt 0.63016802 0.87214899
vt 0.62754798 0.87320697
vt 0.62754798 0.87214899
vt 0.62627399 0.87320697
vt 0.62627399 0.87214899
vt 0.62492597 0.87320697
vt 0.62492597 0.87214899
vt 0.62361401 0.87320697
vt 0.62361401 0.87214899
vt 0.62230098 0.87320697
vt 0.62230098 0.87214899
vt 0.62098598 0.87320697
vt 0.62098598 0.87214899
vt 0.63410097 0.87424999
vt 0.63541502 0.87424999
vt 0.63279003 0.87424999
vt 0.63147801 0.87424999
vt 0.63016802 0.87424999
vt 0.62885797 0.87424999
vt 0.62754798 0.87424999
vt 0.62627399 0.87424999
vt 0.62492597 0.87424999
vt 0.62361401 0.87424999
vt 0.62230098 0.87424999
vt 0.62098598 0.87424999
vt 0.63410097 0.87528098
vt 0.63541502 0.87528098
vt 0.63279003 0.87528098
vt 0.63147801 0.87528098
vt 0.63016802 0.87528098
vt 0.62885797 0.87528098
vt 0.62754798 0.87528098
vt 0.62627399 0.87528098
vt 0.62492597 0.87528098
vt 0.62361401 0.87528098
vt 0.62230098 0.87528098
vt 0.62098598 0.87528098
vt 0.63410097 0.87631100
vt 0.63541502 0.87631100
vt 0.63279003 0.87631100
vt 0.63147801 0.87631100
vt 0.63016802 0.87631100
vt 0.62885797 0.87631100
vt 0.62754798 0.87631100
vt 0.62627399 0.87631100
vt 0.62492597 0.87631100
vt 0.62361401 0.87631100
vt 0.62230098 0.87631100
vt 0.62098598 0.87631100
vt 0.63410097 0.87734199
vt 0.63541502 0.87734199
vt 0.63279003 0.87734199
vt 0.63147801 0.87734199
vt 0.63016802 0.87734199
vt 0.62885797 0.87734199
vt 0.62754798 0.87734199
vt 0.62627399 0.87734199
vt 0.62492597 0.87734199
vt 0.62361401 0.87734199
vt 0.62230098 0.87734199
vt 0.62098598 0.87734199
vt 0.63410097 0.87837303
vt 0.63541502 0.87837303
vt 0.63279003 0.87837303
vt 0.63147801 0.87837303
vt 0.63016802 0.87837303
vt 0.62885797 0.87837303
vt 0.62754798 0.87837303
vt 0.62627399 0.87837303
vt 0.62492597 0.87837303
vt 0.62361401 0.87837303
vt 0.62230098 0.87837303
vt 0.62098598 0.87837303
vt 0.63673103 0.87204999
vt 0.63673103 0.87105602
vt 0.63630497 0.87106103
vt 0.63565499 0.87106901
vt 0.63559902 0.87107003
vt 0.63596499 0.87106502
vt 0.63576400 0.87106800
vt 0.63554102 0.87107003
vt 0.63502502 0.87107700
vt 0.63436502 0.87108499
vt 0.63371599 0.87109298
vt 0.63343400 0.87109601
vt 0.63318002 0.87109900
vt 0.63261497 0.87110400
vt 0.63230902 0.87110603
vt 0.63214999 0.87110698
vt 0.63206899 0.87110698
vt 0.63119203 0.87111199
vt 0.63053501 0.87111598
vt 0.63001603 0.87111801
vt 0.63198799 0.87110800
vt 0.62980801 0.87111902
vt 0.62971699 0.87111902
vt 0.62963402 0.87111902
vt 0.62916797 0.87111998
vt 0.62885797 0.87214899
vt 0.62652898 0.87111801
vt 0.62664700 0.87111801
vt 0.62689400 0.87111902
vt 0.62864602 0.87111998
vt 0.62806702 0.87111998
vt 0.62743199 0.87111998
vt 0.62759602 0.87111998
vt 0.62775600 0.87111998
vt 0.62271702 0.87109202
vt 0.62273598 0.87109202
vt 0.62210703 0.87108600
vt 0.62275702 0.87109202
vt 0.62309998 0.87109500
vt 0.62289000 0.87109298
vt 0.62279898 0.87109202
vt 0.62190098 0.87108397
vt 0.62029999 0.87106401
vt 0.61966997 0.87204999
vt 0.61966997 0.87105602
vt 0.62085801 0.87107098
vt 0.62182301 0.87108397
vt 0.62178999 0.87108302
vt 0.62176102 0.87108302
vt 0.62363201 0.87110001
vt 0.62583703 0.87111402
vt 0.62565798 0.87111300
vt 0.62555897 0.87111300
vt 0.62550801 0.87111300
vt 0.62647098 0.87111801
vt 0.62644303 0.87111801
vt 0.62641400 0.87111700
vt 0.62612301 0.87111598
vt 0.62453699 0.87110800
vt 0.62413400 0.87110502
vt 0.62389499 0.87110299
vt 0.62465101 0.87110800
vt 0.62545502 0.87111199
vt 0.62499601 0.87111002
vt 0.62476599 0.87110901
vt 0.63673103 0.87299299
vt 0.63673103 0.87390101
vt 0.63673103 0.87478900
vt 0.63673103 0.87567002
vt 0.63673103 0.87746602
vt 0.63673103 0.87655801
vt 0.63430500 0.87940401
vt 0.63550901 0.87940401
vt 0.63673103 0.87840903
vt 0.63673103 0.87940300
vt 0.63311702 0.87940401
vt 0.63194603 0.87940401
vt 0.62965500 0.87940401
vt 0.63079202 0.87940401
vt 0.62853497 0.87940300
vt 0.62798101 0.87940300
vt 0.61966997 0.87299299
vt 0.61966997 0.87390101
vt 0.61966997 0.87478900
vt 0.61966997 0.87567002
vt 0.61966997 0.87655801
vt 0.62743199 0.87940300
vt 0.62770599 0.87940300
vt 0.62557298 0.87940401
vt 0.62365699 0.87940401
vt 0.61966997 0.87840903
vt 0.61966997 0.87746602
vt 0.62169099 0.87940401
vt 0.62068802 0.87940300
vt 0.61966997 0.87940300
vt 0.74796301 0.61967802
vt 0.74796301 0.57213700
vt 0.74596500 0.57213700
vt 0.74796301 0.66722000
vt 0.74596500 0.61967802
vt 0.74996102 0.61967802
vt 0.74996102 0.57213700
vt 0.74996102 0.66722000
vt 0.74396801 0.55628997
vt 0.74485600 0.52459598
vt 0.74396801 0.52459598
vt 0.74396801 0.58798403
vt 0.74663103 0.52459598
vt 0.74574399 0.52459598
vt 0.74751902 0.52459598
vt 0.74840701 0.52459598
vt 0.74396801 0.65137303
vt 0.74396801 0.68306702
vt 0.74596500 0.66722000
vt 0.74396801 0.71476102
vt 0.74485600 0.71476102
vt 0.74396801 0.61967802
vt 0.74574399 0.71476102
vt 0.74663103 0.71476102
vt 0.74751902 0.71476102
vt 0.74929500 0.52459598
vt 0.75107002 0.52459598
vt 0.75018299 0.52459598
vt 0.75195801 0.55628997
vt 0.75195801 0.52459598
vt 0.75195801 0.58798403
vt 0.75195801 0.61967802
vt 0.74840701 0.71476102
vt 0.74929500 0.71476102
vt 0.75018299 0.71476102
vt 0.75195801 0.65137303
vt 0.75195801 0.68306702
vt 0.75107002 0.71476102
vt 0.75195801 0.71476102
vt 0.62173700 0.76330101
vt 0.62173700 0.76198798
vt 0.62072003 0.76198798
vt 0.62173700 0.76461297
vt 0.62072003 0.76330101
vt 0.62173700 0.76592398
vt 0.62072003 0.76461297
vt 0.62173700 0.76723403
vt 0.62072003 0.76592398
vt 0.62173700 0.76854402
vt 0.62072003 0.76723403
vt 0.62173700 0.76985401
vt 0.62072003 0.76985401
vt 0.62173700 0.77112901
vt 0.62072003 0.77112901
vt 0.62173700 0.77247602
vt 0.62072003 0.77247602
vt 0.62173700 0.77378899
vt 0.62072003 0.77378899
vt 0.62173700 0.77510202
vt 0.62072003 0.77510202
vt 0.62173700 0.77641600
vt 0.62072003 0.77641600
vt 0.62273800 0.76330101
vt 0.62273800 0.76198798
vt 0.62273800 0.76461297
vt 0.62273800 0.76592398
vt 0.62273800 0.76723403
vt 0.62273800 0.76854402
vt 0.62273800 0.76985401
vt 0.62273800 0.77112901
vt 0.62273800 0.77247602
vt 0.62273800 0.77378899
vt 0.62273800 0.77510202
vt 0.62273800 0.77641600
vt 0.62372899 0.76330101
vt 0.62372899 0.76198798
vt 0.62372899 0.76461297
vt 0.62372899 0.76592398
vt 0.62372899 0.76723403
vt 0.62372899 0.76854402
vt 0.62372899 0.76985401
vt 0.62372899 0.77112901
vt 0.62372899 0.77247602
vt 0.62372899 0.77378899
vt 0.62372899 0.77510202
vt 0.62372899 0.77641600
vt 0.62471902 0.76330101
vt 0.62471902 0.76198798
vt 0.62471902 0.76461297
vt 0.62471902 0.76592398
vt 0.62471902 0.76723403
vt 0.62471902 0.76854402
vt 0.62471902 0.76985401
vt 0.62471902 0.77112901
vt 0.62471902 0.77247602
vt 0.62471902 0.77378899
vt 0.62471902 0.77510202
vt 0.62471902 0.77641600
vt 0.62570900 0.76330101
vt 0.62570900 0.76198798
vt 0.62570900 0.76461297
vt 0.62570900 0.76592398
vt 0.62570900 0.76723403
vt 0.62570900 0.76854402
vt 0.62570900 0.76985401
vt 0.62570900 0.77112901
vt 0.62570900 0.77247602
vt 0.62570900 0.77378899
vt 0.62570900 0.77510202
vt 0.62570900 0.77641600
vt 0.62669998 0.76330101
vt 0.62669998 0.76198798
vt 0.62669998 0.76461297
vt 0.62669998 0.76592398
vt 0.62669998 0.76723403
vt 0.62669998 0.76854402
vt 0.62669998 0.76985401
vt 0.62669998 0.77112901
vt 0.62669998 0.77247602
vt 0.62669998 0.77378899
vt 0.62669998 0.77510202
vt 0.62669998 0.77641600
vt 0.62062502 0.76067197
vt 0.61966997 0.76067197
vt 0.61967498 0.76109803
vt 0.61968303 0.76174802
vt 0.61968303 0.76180398
vt 0.61967897 0.76143700
vt 0.61968100 0.76163900
vt 0.61968398 0.76186198
vt 0.61969000 0.76237798
vt 0.61969799 0.76303798
vt 0.61970598 0.76368600
vt 0.61970901 0.76396900
vt 0.61971098 0.76422203
vt 0.61971599 0.76478702
vt 0.61971802 0.76509303
vt 0.61971903 0.76525199
vt 0.61971903 0.76533300
vt 0.61972398 0.76621002
vt 0.61972702 0.76686800
vt 0.61973000 0.76738697
vt 0.61971998 0.76541501
vt 0.61973000 0.76759499
vt 0.61973101 0.76768601
vt 0.61973101 0.76776803
vt 0.61973101 0.76823401
vt 0.62072003 0.76854402
vt 0.61973000 0.77087402
vt 0.61973000 0.77075499
vt 0.61973101 0.77050799
vt 0.61973202 0.76875699
vt 0.61973202 0.76933599
vt 0.61973101 0.76997101
vt 0.61973202 0.76980698
vt 0.61973202 0.76964599
vt 0.61970401 0.77468598
vt 0.61970502 0.77466601
vt 0.61969900 0.77529502
vt 0.61970502 0.77464598
vt 0.61970800 0.77430201
vt 0.61970598 0.77451301
vt 0.61970502 0.77460402
vt 0.61969697 0.77550203
vt 0.61967802 0.77710301
vt 0.62062502 0.77773303
vt 0.61966997 0.77773303
vt 0.61968499 0.77654397
vt 0.61969697 0.77557999
vt 0.61969602 0.77561301
vt 0.61969602 0.77564198
vt 0.61971301 0.77376997
vt 0.61972600 0.77156597
vt 0.61972499 0.77174503
vt 0.61972499 0.77184302
vt 0.61972398 0.77189499
vt 0.61972898 0.77093101
vt 0.61972898 0.77095997
vt 0.61972898 0.77098799
vt 0.61972803 0.77127898
vt 0.61971998 0.77286601
vt 0.61971700 0.77326900
vt 0.61971498 0.77350700
vt 0.61971998 0.77275097
vt 0.61972398 0.77194703
vt 0.61972201 0.77240700
vt 0.61972100 0.77263600
vt 0.62153101 0.76067197
vt 0.62240303 0.76067197
vt 0.62325603 0.76067197
vt 0.62410301 0.76067197
vt 0.62582898 0.76067197
vt 0.62495601 0.76067197
vt 0.62769002 0.76309800
vt 0.62769002 0.76189399
vt 0.62673402 0.76067197
vt 0.62768900 0.76067197
vt 0.62769002 0.76428503
vt 0.62769002 0.76545697
vt 0.62769002 0.76774698
vt 0.62769002 0.76661003
vt 0.62769002 0.76886702
vt 0.62769002 0.76942098
vt 0.62153101 0.77773303
vt 0.62240303 0.77773303
vt 0.62325603 0.77773303
vt 0.62410301 0.77773303
vt 0.62495601 0.77773303
vt 0.62768900 0.76997101
vt 0.62768900 0.76969701
vt 0.62769002 0.77182901
vt 0.62769002 0.77374500
vt 0.62673402 0.77773303
vt 0.62582898 0.77773303
vt 0.62769002 0.77571201
vt 0.62769002 0.77671403
vt 0.62768900 0.77773303
vt 0.49326399 0.33505699
vt 0.51413298 0.33505699
vt 0.51413298 0.33334199
vt 0.47239399 0.33505699
vt 0.49326399 0.33334199
vt 0.49326399 0.33677101
vt 0.51413298 0.33677101
vt 0.47239399 0.33677101
vt 0.52108902 0.33162799
vt 0.53500199 0.33239001
vt 0.53500199 0.33162799
vt 0.50717700 0.33162799
vt 0.53500199 0.33391401
vt 0.53500199 0.33315200
vt 0.53500199 0.33467600
vt 0.53500199 0.33543801
vt 0.47935101 0.33162799
vt 0.46543801 0.33162799
vt 0.47239399 0.33334199
vt 0.45152500 0.33162799
vt 0.45152500 0.33239001
vt 0.45152500 0.33315200
vt 0.45152500 0.33391401
vt 0.45152500 0.33467600
vt 0.53500199 0.33620000
vt 0.53500199 0.33772299
vt 0.53500199 0.33696201
vt 0.52108902 0.33848500
vt 0.53500199 0.33848500
vt 0.50717700 0.33848500
vt 0.49326399 0.33848500
vt 0.45152500 0.33543801
vt 0.45152500 0.33620000
vt 0.45152500 0.33696201
vt 0.47935101 0.33848500
vt 0.46543801 0.33848500
vt 0.45152500 0.33772299
vt 0.45152500 0.33848500
vt 0.48085901 0.00000000
vt 0.46733701 0.01476100
vt 0.46694601 0.00000000
vt 0.46772900 0.02952100
vt 0.49477199 0.00000000
vt 0.46812001 0.04428200
vt 0.46851099 0.05904200
vt 0.50868499 0.00000000
vt 0.50868499 0.11808500
vt 0.49903300 0.11808500
vt 0.46890199 0.07380300
vt 0.48938000 0.11808500
vt 0.46968499 0.10332400
vt 0.46929300 0.08856300
vt 0.47972801 0.11808500
vt 0.47007599 0.11808500
vt 0.54885900 0.05904200
vt 0.54925001 0.04428200
vt 0.53651100 0.00000000
vt 0.54964101 0.02952100
vt 0.52259803 0.00000000
vt 0.55042398 0.00000000
vt 0.55003202 0.01476100
vt 0.54846799 0.07380300
vt 0.51833701 0.11808500
vt 0.54768503 0.10332400
vt 0.53764200 0.11808500
vt 0.52798998 0.11808500
vt 0.54807597 0.08856300
vt 0.54729402 0.11808500
vt 0.76694298 0.58445001
vt 0.76491100 0.58445001
vt 0.76491100 0.55452299
vt 0.76694298 0.61437702
vt 0.76491100 0.61437702
vt 0.76897597 0.58445001
vt 0.76897597 0.55452299
vt 0.76897597 0.61437702
vt 0.76382601 0.52459598
vt 0.76287800 0.53954500
vt 0.76287800 0.52459598
vt 0.76287800 0.56944197
vt 0.76287800 0.55449301
vt 0.76287800 0.58439100
vt 0.76482999 0.52459598
vt 0.76587600 0.52459598
vt 0.76694298 0.55452299
vt 0.76694399 0.52459598
vt 0.76287800 0.59934002
vt 0.76287800 0.61428899
vt 0.76287800 0.62923700
vt 0.76384097 0.64423400
vt 0.76287800 0.64418602
vt 0.76336300 0.64421099
vt 0.76569003 0.64429200
vt 0.76477802 0.64426899
vt 0.76657498 0.64430302
vt 0.76670599 0.64430302
vt 0.76683700 0.64430302
vt 0.76905698 0.52459598
vt 0.77006000 0.52459598
vt 0.76801097 0.52459598
vt 0.77100801 0.56944197
vt 0.77100801 0.53954500
vt 0.77100801 0.52459598
vt 0.77100801 0.55449301
vt 0.77100801 0.58439100
vt 0.77100801 0.59934002
vt 0.76817697 0.64429200
vt 0.76928598 0.64426303
vt 0.76872700 0.64427900
vt 0.76710099 0.64430302
vt 0.76763499 0.64429998
vt 0.77100801 0.62923700
vt 0.76985198 0.64424098
vt 0.77042598 0.64421600
vt 0.77100801 0.64418602
vt 0.77100801 0.61428899
vt 0.62199903 0.24045900
vt 0.69120902 0.21057101
vt 0.62161100 0.25540200
vt 0.62238699 0.22551499
vt 0.66839701 0.21057101
vt 0.62277502 0.21057101
vt 0.64558601 0.21057101
vt 0.71402001 0.21057101
vt 0.62122202 0.27034599
vt 0.62044603 0.30023301
vt 0.65112001 0.33012101
vt 0.62005800 0.31517699
vt 0.61966997 0.33012101
vt 0.68256998 0.33012101
vt 0.62083399 0.28529000
vt 0.71402001 0.33012101
vt 0.80681700 0.27034599
vt 0.73683101 0.21057101
vt 0.80642903 0.25540200
vt 0.80604100 0.24045900
vt 0.75964200 0.21057101
vt 0.80565298 0.22551499
vt 0.78245300 0.21057101
vt 0.80526501 0.21057101
vt 0.80720598 0.28529000
vt 0.74546999 0.33012101
vt 0.80759400 0.30023301
vt 0.77692002 0.33012101
vt 0.80798203 0.31517699
vt 0.80836999 0.33012101
vt 0.67115098 0.65635401
vt 0.66911900 0.65635401
vt 0.67115098 0.62642699
vt 0.67115098 0.68628103
vt 0.66911900 0.68628103
vt 0.67318302 0.65635401
vt 0.67318302 0.68628103
vt 0.66814798 0.59656602
vt 0.66708601 0.61156601
vt 0.66762102 0.59658998
vt 0.66911900 0.62642699
vt 0.66708601 0.59661698
vt 0.66708601 0.62651497
vt 0.66866702 0.59654599
vt 0.67018098 0.59650701
vt 0.66968399 0.59651703
vt 0.67067099 0.59650201
vt 0.66917998 0.59652901
vt 0.66708601 0.64146399
vt 0.67115301 0.59649998
vt 0.66708601 0.65641302
vt 0.66708601 0.67136103
vt 0.66708601 0.70125902
vt 0.66708601 0.68630999
vt 0.66803402 0.71620798
vt 0.66708601 0.71620798
vt 0.67115098 0.71620798
vt 0.67008299 0.71620798
vt 0.66903698 0.71620798
vt 0.67163402 0.59650201
vt 0.67212403 0.59650701
vt 0.67318302 0.62642699
vt 0.67262000 0.59651703
vt 0.67312402 0.59652901
vt 0.67363602 0.59654599
vt 0.67521602 0.61156601
vt 0.67415500 0.59656602
vt 0.67468202 0.59658998
vt 0.67521602 0.62651497
vt 0.67521602 0.59661698
vt 0.67521602 0.64146399
vt 0.67521602 0.70125902
vt 0.67426801 0.71620798
vt 0.67221802 0.71620798
vt 0.67326498 0.71620798
vt 0.67521602 0.67136103
vt 0.67521602 0.65641302
vt 0.67521602 0.68630999
vt 0.67521602 0.71620798
vt 0.38378701 0.00000000
vt 0.39770001 0.00000000
vt 0.39730901 0.01476100
vt 0.38329601 0.03169500
vt 0.36987400 0.00000000
vt 0.39691800 0.02952100
vt 0.39652699 0.04428200
vt 0.38329601 0.06378600
vt 0.35596099 0.00000000
vt 0.32862601 0.03169500
vt 0.32813600 0.00000000
vt 0.34204900 0.00000000
vt 0.31461400 0.01476100
vt 0.31422299 0.00000000
vt 0.31578699 0.05904200
vt 0.31539601 0.04428200
vt 0.32862601 0.06378600
vt 0.31500500 0.02952100
vt 0.39613500 0.05904200
vt 0.39574400 0.07380300
vt 0.39535299 0.08856300
vt 0.39496201 0.10332400
vt 0.37526599 0.11808500
vt 0.39457101 0.11808500
vt 0.38491800 0.11808500
vt 0.36561400 0.11808500
vt 0.35596099 0.11808500
vt 0.31696099 0.10332400
vt 0.31657001 0.08856300
vt 0.33665699 0.11808500
vt 0.31617901 0.07380300
vt 0.34630901 0.11808500
vt 0.32700500 0.11808500
vt 0.31735200 0.11808500
vt 0.67522001 0.46976000
vt 0.67606997 0.50223702
vt 0.68604499 0.46976000
vt 0.05022200 0.17540599
vt 0.01286000 0.16627900
vt 0.01286000 0.23920301
vt 0.08271000 0.17540599
vt 0.08271000 0.23007600
vt 0.05022200 0.23007600
vt 0.13739900 0.23594300
vt 0.13739900 0.16953900
vt 0.31748301 0.11954900
vt 0.31422299 0.24262300
vt 0.49383399 0.24262300
vt 0.80983502 0.37051001
vt 0.98292601 0.37051001
vt 0.98292601 0.30410600
vt 0.62292999 0.00000000
vt 0.61966997 0.12453900
vt 0.79928100 0.12453900
vt 0.13739900 0.07333500
vt 0.01286000 0.07659500
vt 0.01286000 0.14299899
vt 0.21160001 0.54525101
vt 0.26627001 0.54525101
vt 0.26627001 0.53442502
vt 0.61966997 0.48058599
vt 0.65214700 0.48143601
vt 0.65214700 0.47060999
vt 0.21160001 0.52152801
vt 0.21160001 0.53235400
vt 0.26627001 0.53235400
vt 0.45932999 0.31003001
vt 0.45932999 0.30828500
vt 0.48925701 0.30828500
vt 0.42940301 0.31003001
vt 0.42940301 0.30828500
vt 0.45932999 0.31177399
vt 0.48925701 0.31177399
vt 0.42940301 0.31177399
vt 0.51918399 0.30735400
vt 0.50423503 0.30654001
vt 0.51918399 0.30654001
vt 0.47433701 0.30654001
vt 0.48928601 0.30654001
vt 0.45938799 0.30654001
vt 0.51918399 0.30821499
vt 0.51918399 0.30911300
vt 0.48925701 0.31003001
vt 0.51918399 0.31003001
vt 0.44444001 0.30654001
vt 0.42949101 0.30654001
vt 0.41454199 0.30654001
vt 0.39954600 0.30736601
vt 0.39959300 0.30654001
vt 0.39956799 0.30695599
vt 0.39948800 0.30895400
vt 0.39951101 0.30816999
vt 0.39947701 0.30971399
vt 0.39947599 0.30982599
vt 0.39947599 0.30993900
vt 0.51918399 0.31184500
vt 0.51918399 0.31270599
vt 0.51918399 0.31094599
vt 0.47433701 0.31351900
vt 0.50423503 0.31351900
vt 0.51918399 0.31351900
vt 0.48928601 0.31351900
vt 0.45938799 0.31351900
vt 0.44444001 0.31351900
vt 0.39948800 0.31108901
vt 0.39951700 0.31204101
vt 0.39950001 0.31156099
vt 0.39947599 0.31016499
vt 0.39947999 0.31062400
vt 0.41454199 0.31351900
vt 0.39953801 0.31252700
vt 0.39956301 0.31301999
vt 0.39959300 0.31351900
vt 0.42949101 0.31351900
vt 0.99581802 0.01494400
vt 0.97261900 0.00000000
vt 0.99542999 0.00000000
vt 0.94980699 0.00000000
vt 0.92699599 0.00000000
vt 0.99620599 0.02988700
vt 0.99659401 0.04483100
vt 0.90418500 0.00000000
vt 0.81177598 0.04483100
vt 0.88137400 0.00000000
vt 0.81255198 0.01494400
vt 0.83575100 0.00000000
vt 0.85856301 0.00000000
vt 0.81216401 0.02988700
vt 0.81294000 0.00000000
vt 0.81138802 0.05977500
vt 0.99698299 0.05977500
vt 0.99737102 0.07471800
vt 0.90418500 0.11954900
vt 0.99775898 0.08966200
vt 0.93563497 0.11954900
vt 0.96708500 0.11954900
vt 0.99814701 0.10460600
vt 0.99853498 0.11954900
vt 0.81099898 0.07471800
vt 0.87273502 0.11954900
vt 0.81061101 0.08966200
vt 0.84128499 0.11954900
vt 0.81022298 0.10460600
vt 0.80983502 0.11954900
vt 0.77653801 0.58445001
vt 0.77450502 0.58445001
vt 0.77450502 0.55452299
vt 0.77653801 0.61437702
vt 0.77450502 0.61437702
vt 0.77857000 0.58445001
vt 0.77857000 0.55452299
vt 0.77857000 0.61437702
vt 0.77342099 0.52459598
vt 0.77247298 0.53954500
vt 0.77247298 0.52459598
vt 0.77247298 0.56944197
vt 0.77247298 0.55449301
vt 0.77247298 0.58439100
vt 0.77442402 0.52459598
vt 0.77547002 0.52459598
vt 0.77653801 0.55452299
vt 0.77653801 0.52459598
vt 0.77247298 0.59934002
vt 0.77247298 0.61428899
vt 0.77247298 0.62923700
vt 0.77343500 0.64423400
vt 0.77247298 0.64418602
vt 0.77295798 0.64421099
vt 0.77528399 0.64429200
vt 0.77437198 0.64426899
vt 0.77617002 0.64430302
vt 0.77630103 0.64430302
vt 0.77643198 0.64430302
vt 0.77865201 0.52459598
vt 0.77965498 0.52459598
vt 0.77760601 0.52459598
vt 0.78060198 0.56944197
vt 0.78060198 0.53954500
vt 0.78060198 0.52459598
vt 0.78060198 0.55449301
vt 0.78060198 0.58439100
vt 0.78060198 0.59934002
vt 0.77777201 0.64429200
vt 0.77888000 0.64426303
vt 0.77832198 0.64427900
vt 0.77669603 0.64430302
vt 0.77723002 0.64429998
vt 0.78060198 0.62923700
vt 0.77944601 0.64424098
vt 0.78002000 0.64421600
vt 0.78060198 0.64418602
vt 0.78060198 0.61428899
vt 0.70645201 0.49991199
vt 0.70645201 0.49883500
vt 0.70847100 0.49991199
vt 0.70429802 0.49991199
vt 0.70429802 0.49883500
vt 0.70203102 0.49991199
vt 0.70203102 0.49883500
vt 0.69963902 0.49991199
vt 0.69963902 0.49883500
vt 0.69715101 0.49991199
vt 0.69715101 0.49883500
vt 0.70645201 0.50097197
vt 0.70847100 0.50097197
vt 0.70429802 0.50097197
vt 0.70203102 0.50097197
vt 0.69963902 0.50097197
vt 0.70645201 0.50201899
vt 0.70847100 0.50201899
vt 0.70429802 0.50201899
vt 0.70203102 0.50201899
vt 0.70645201 0.50306600
vt 0.70847100 0.50306600
vt 0.70429802 0.50306600
vt 0.70203102 0.50306600
vt 0.70645201 0.50411397
vt 0.70847100 0.50411397
vt 0.70429802 0.50411397
vt 0.70847100 0.50516099
vt 0.70847100 0.49883500
vt 0.70703298 0.49772400
vt 0.70819700 0.49772301
vt 0.70586902 0.49772400
vt 0.70936000 0.49772400
vt 0.70354402 0.49772400
vt 0.70238000 0.49772400
vt 0.70470601 0.49772400
vt 0.71052200 0.49772400
vt 0.71052200 0.49878600
vt 0.71052200 0.49984500
vt 0.71052200 0.50090599
vt 0.71052200 0.50196600
vt 0.70121598 0.49772400
vt 0.69888997 0.49772400
vt 0.69772702 0.49772400
vt 0.70005298 0.49772400
vt 0.69656402 0.49772400
vt 0.69308800 0.49847901
vt 0.69191098 0.49772400
vt 0.69307399 0.49772400
vt 0.69540101 0.49772400
vt 0.69423801 0.49772400
vt 0.69434899 0.49925101
vt 0.69727302 0.50093198
vt 0.69711298 0.50084299
vt 0.69568998 0.50003803
vt 0.71052200 0.50302702
vt 0.71052200 0.50408697
vt 0.71052200 0.50514698
vt 0.70901603 0.50605899
vt 0.70952302 0.50613201
vt 0.70850301 0.50596201
vt 0.70643097 0.50536603
vt 0.70670700 0.50546098
vt 0.70656902 0.50541401
vt 0.70697802 0.50555098
vt 0.70750600 0.50571197
vt 0.71052200 0.50620902
vt 0.69962502 0.50220299
vt 0.70083499 0.50283200
vt 0.70234299 0.50358897
vt 0.70201600 0.50342703
vt 0.69743299 0.50102001
vt 0.69775200 0.50119603
vt 0.69838399 0.50154001
vt 0.70328599 0.50404102
vt 0.70444500 0.50456899
vt 0.70549297 0.50501102
vt 0.70218003 0.50350899
vt 0.70266402 0.50374502
vt 0.49013400 0.32257399
vt 0.49013400 0.31877899
vt 0.50943899 0.31877899
vt 0.47082999 0.32257399
vt 0.47082999 0.31877899
vt 0.49013400 0.32636899
vt 0.50943899 0.32257399
vt 0.47082999 0.32636899
vt 0.52490300 0.31787601
vt 0.52435499 0.31684700
vt 0.52547097 0.31897801
vt 0.52383101 0.31588399
vt 0.51005298 0.31498399
vt 0.52333200 0.31498399
vt 0.49677399 0.31498399
vt 0.52553397 0.31910300
vt 0.52642000 0.32095399
vt 0.52684402 0.32192299
vt 0.52722800 0.32288101
vt 0.52596200 0.31997201
vt 0.52572000 0.31947601
vt 0.52559698 0.31922701
vt 0.52727902 0.32301599
vt 0.48349500 0.31498399
vt 0.47021499 0.31498399
vt 0.45644599 0.31587499
vt 0.45693600 0.31498399
vt 0.45596099 0.31676400
vt 0.45548400 0.31765401
vt 0.45501500 0.31854999
vt 0.45411599 0.32037100
vt 0.45455700 0.31945601
vt 0.45369399 0.32129499
vt 0.45329699 0.32223099
vt 0.45292699 0.32317999
vt 0.52732903 0.32315001
vt 0.50943899 0.32636899
vt 0.52791399 0.32489699
vt 0.52815503 0.32578501
vt 0.52836400 0.32670900
vt 0.52833903 0.32658899
vt 0.52760702 0.32392800
vt 0.52742600 0.32341400
vt 0.52838802 0.32682699
vt 0.52867502 0.32883701
vt 0.51909101 0.33016300
vt 0.52863002 0.32838801
vt 0.52870899 0.32928401
vt 0.52874303 0.33016300
vt 0.52851200 0.32751900
vt 0.52843201 0.32706201
vt 0.50943899 0.33016300
vt 0.45259100 0.32414201
vt 0.45167199 0.32811999
vt 0.45182800 0.32710800
vt 0.48048201 0.33016300
vt 0.45229200 0.32511801
vt 0.45203599 0.32610601
vt 0.49978700 0.33016300
vt 0.47082999 0.33016300
vt 0.46117699 0.33016300
vt 0.49013400 0.33016300
vt 0.45157000 0.32914001
vt 0.45152500 0.33016300
vt 0.55723500 0.34378701
vt 0.55615801 0.34378701
vt 0.55723500 0.34188399
vt 0.55723500 0.34581700
vt 0.55615801 0.34581700
vt 0.55723500 0.34795401
vt 0.55615801 0.34795401
vt 0.55723500 0.35020801
vt 0.55615801 0.35020801
vt 0.55723500 0.35255399
vt 0.55615801 0.35255399
vt 0.55829501 0.34378701
vt 0.55829501 0.34188399
vt 0.55829501 0.34581700
vt 0.55829501 0.34795401
vt 0.55829501 0.35020801
vt 0.55934203 0.34378701
vt 0.55934203 0.34188399
vt 0.55934203 0.34581700
vt 0.55934203 0.34795401
vt 0.56038898 0.34378701
vt 0.56038898 0.34188399
vt 0.56038898 0.34581700
vt 0.56038898 0.34795401
vt 0.56143701 0.34378701
vt 0.56143701 0.34188399
vt 0.56143701 0.34581700
vt 0.56248403 0.34188399
vt 0.55615801 0.34188399
vt 0.55504602 0.34323901
vt 0.55504602 0.34214199
vt 0.55504698 0.34433600
vt 0.55504602 0.34104601
vt 0.55504698 0.34652799
vt 0.55504698 0.34762400
vt 0.55504698 0.34543201
vt 0.55504698 0.33995000
vt 0.55610800 0.33995000
vt 0.55716801 0.33995000
vt 0.55822903 0.33995000
vt 0.55928898 0.33995000
vt 0.55504698 0.34872100
vt 0.55504698 0.35091400
vt 0.55504698 0.35201100
vt 0.55504698 0.34981799
vt 0.55504698 0.35310701
vt 0.55580199 0.35638300
vt 0.55504698 0.35749301
vt 0.55504698 0.35639599
vt 0.55504698 0.35420299
vt 0.55504698 0.35529900
vt 0.55657399 0.35519400
vt 0.55825502 0.35243800
vt 0.55816603 0.35258901
vt 0.55736101 0.35393000
vt 0.56035000 0.33995000
vt 0.56141001 0.33995000
vt 0.56247002 0.33995000
vt 0.56338102 0.34136999
vt 0.56345499 0.34089100
vt 0.56328499 0.34185299
vt 0.56268901 0.34380701
vt 0.56278402 0.34354600
vt 0.56273699 0.34367600
vt 0.56287402 0.34329101
vt 0.56303501 0.34279299
vt 0.56353098 0.33995000
vt 0.55952603 0.35022199
vt 0.56015497 0.34908101
vt 0.56091201 0.34765899
vt 0.56075001 0.34796801
vt 0.55834299 0.35228699
vt 0.55851901 0.35198700
vt 0.55886298 0.35139099
vt 0.56136400 0.34677100
vt 0.56189197 0.34567800
vt 0.56233400 0.34469000
vt 0.56083202 0.34781301
vt 0.56106800 0.34735700
vt 0.71492898 0.68845302
vt 0.71076798 0.68845302
vt 0.71076798 0.64247698
vt 0.71492898 0.73443002
vt 0.71076798 0.73443002
vt 0.71908998 0.68845302
vt 0.71492898 0.64247698
vt 0.71908998 0.73443002
vt 0.70977801 0.60034102
vt 0.70864999 0.60088903
vt 0.71098602 0.59977299
vt 0.71112299 0.59970999
vt 0.70759398 0.60141301
vt 0.70660698 0.63075900
vt 0.70660698 0.60191101
vt 0.70660698 0.65960598
vt 0.71126002 0.59964699
vt 0.71421599 0.59840000
vt 0.71315402 0.59882301
vt 0.71526700 0.59801501
vt 0.71541500 0.59796399
vt 0.71153301 0.59952301
vt 0.71207702 0.59928203
vt 0.70660698 0.68845302
vt 0.70660698 0.71730101
vt 0.70660698 0.74614799
vt 0.70855898 0.77596998
vt 0.70758402 0.77548498
vt 0.70660698 0.77499503
vt 0.70953500 0.77644801
vt 0.71051800 0.77691698
vt 0.71151102 0.77737403
vt 0.71251398 0.77781600
vt 0.71352702 0.77823699
vt 0.71455300 0.77863503
vt 0.71559399 0.77900398
vt 0.71556097 0.59791398
vt 0.71908998 0.64247698
vt 0.71747601 0.59732902
vt 0.71845001 0.59708899
vt 0.71946299 0.59688002
vt 0.71933198 0.59690499
vt 0.71641397 0.59763700
vt 0.71585101 0.59781700
vt 0.71959299 0.59685600
vt 0.72179699 0.59656799
vt 0.72325099 0.61948800
vt 0.72130400 0.59661299
vt 0.72228700 0.59653401
vt 0.72325099 0.59649998
vt 0.72035199 0.59673202
vt 0.71985102 0.59681100
vt 0.72325099 0.64247698
vt 0.71664900 0.77934003
vt 0.72101098 0.78026003
vt 0.71990103 0.78010303
vt 0.72325099 0.71144199
vt 0.71771902 0.77963901
vt 0.71880299 0.77989501
vt 0.72325099 0.66546500
vt 0.72325099 0.73443002
vt 0.72325099 0.68845302
vt 0.72325099 0.75741798
vt 0.72212899 0.78036201
vt 0.72325099 0.78040600
vt 0.64541000 0.76474202
vt 0.64437199 0.76474202
vt 0.64541000 0.76272303
vt 0.64541000 0.76689601
vt 0.64437199 0.76689601
vt 0.64541000 0.76916301
vt 0.64437199 0.76916301
vt 0.64541000 0.77155501
vt 0.64437199 0.77155501
vt 0.64541000 0.77404302
vt 0.64437199 0.77404302
vt 0.64643002 0.76474202
vt 0.64643002 0.76272303
vt 0.64643002 0.76689601
vt 0.64643002 0.76916301
vt 0.64643002 0.77155501
vt 0.64744002 0.76474202
vt 0.64744002 0.76272303
vt 0.64744002 0.76689601
vt 0.64744002 0.76916301
vt 0.64844900 0.76474202
vt 0.64844900 0.76272303
vt 0.64844900 0.76689601
vt 0.64844900 0.76916301
vt 0.64945799 0.76474202
vt 0.64945799 0.76272303
vt 0.64945799 0.76689601
vt 0.65046698 0.76272303
vt 0.64437199 0.76272303
vt 0.64330101 0.76416099
vt 0.64330000 0.76299697
vt 0.64330101 0.76532501
vt 0.64330101 0.76183403
vt 0.64330101 0.76765001
vt 0.64330101 0.76881403
vt 0.64330101 0.76648802
vt 0.64330101 0.76067197
vt 0.64432400 0.76067197
vt 0.64534497 0.76067197
vt 0.64636701 0.76067197
vt 0.64738899 0.76067197
vt 0.64330101 0.76997799
vt 0.64330101 0.77230400
vt 0.64330101 0.77346700
vt 0.64330101 0.77114099
vt 0.64330101 0.77463001
vt 0.64402902 0.77810597
vt 0.64330101 0.77928299
vt 0.64330101 0.77811998
vt 0.64330101 0.77579302
vt 0.64330101 0.77695602
vt 0.64477301 0.77684498
vt 0.64639199 0.77392101
vt 0.64630598 0.77408099
vt 0.64553100 0.77550399
vt 0.64841002 0.76067197
vt 0.64943302 0.76067197
vt 0.65045398 0.76067197
vt 0.65133202 0.76217800
vt 0.65140301 0.76166999
vt 0.65123898 0.76269102
vt 0.65066499 0.76476300
vt 0.65075701 0.76448703
vt 0.65071100 0.76462501
vt 0.65084302 0.76421601
vt 0.65099800 0.76368803
vt 0.65147603 0.76067197
vt 0.64761698 0.77156901
vt 0.64822298 0.77035898
vt 0.64895201 0.76885003
vt 0.64879602 0.76917797
vt 0.64647698 0.77376002
vt 0.64664602 0.77344197
vt 0.64697802 0.77280998
vt 0.64938802 0.76790798
vt 0.64989698 0.76674902
vt 0.65032297 0.76570100
vt 0.64887500 0.76901400
vt 0.64910299 0.76852900
vt 0.50845200 0.27700999
vt 0.50845200 0.27321500
vt 0.52775699 0.27321500
vt 0.48914799 0.27700999
vt 0.48914799 0.27321500
vt 0.50845200 0.28080499
vt 0.52775699 0.27700999
vt 0.48914799 0.28080499
vt 0.54322100 0.27231199
vt 0.54267299 0.27128300
vt 0.54378903 0.27341399
vt 0.54214901 0.27032000
vt 0.52837098 0.26942000
vt 0.54165101 0.26942000
vt 0.51509202 0.26942000
vt 0.54385197 0.27353901
vt 0.54473799 0.27539000
vt 0.54516202 0.27636001
vt 0.54554600 0.27731699
vt 0.54427999 0.27440801
vt 0.54403901 0.27391300
vt 0.54391497 0.27366400
vt 0.54559797 0.27745199
vt 0.50181299 0.26942000
vt 0.48853400 0.26942000
vt 0.47476399 0.27031100
vt 0.47525400 0.26942000
vt 0.47428000 0.27120000
vt 0.47380200 0.27208999
vt 0.47333300 0.27298701
vt 0.47243401 0.27480701
vt 0.47287500 0.27389199
vt 0.47201201 0.27573100
vt 0.47161499 0.27666700
vt 0.47124600 0.27761599
vt 0.54564798 0.27758601
vt 0.52775699 0.28080499
vt 0.54623300 0.27933300
vt 0.54647303 0.28022099
vt 0.54668200 0.28114501
vt 0.54665703 0.28102499
vt 0.54592502 0.27836400
vt 0.54574400 0.27785000
vt 0.54670602 0.28126401
vt 0.54699397 0.28327399
vt 0.53740901 0.28459901
vt 0.54694802 0.28282401
vt 0.54702699 0.28371999
vt 0.54706198 0.28459901
vt 0.54683000 0.28195500
vt 0.54675102 0.28149799
vt 0.52775699 0.28459901
vt 0.47090900 0.27857801
vt 0.46998999 0.28255701
vt 0.47014701 0.28154400
vt 0.49880001 0.28459901
vt 0.47061101 0.27955401
vt 0.47035500 0.28054199
vt 0.51810497 0.28459901
vt 0.48914799 0.28459901
vt 0.47949600 0.28459901
vt 0.50845200 0.28459901
vt 0.46988800 0.28357601
vt 0.46984300 0.28459901
vt 0.83868200 0.19551800
vt 0.80983502 0.20879699
vt 0.80983502 0.19551800
vt 0.86752999 0.19551800
vt 0.80983502 0.22207600
vt 0.89637703 0.19551800
vt 0.89637703 0.26191401
vt 0.80983502 0.23535500
vt 0.86752999 0.26191401
vt 0.80983502 0.24863499
vt 0.83868200 0.26191401
vt 0.80983502 0.26191401
vt 0.98291898 0.20879699
vt 0.92522401 0.19551800
vt 0.95407200 0.19551800
vt 0.98291898 0.19551800
vt 0.98291898 0.22207600
vt 0.98291898 0.23535500
vt 0.92522401 0.26191401
vt 0.98291898 0.24863499
vt 0.95407200 0.26191401
vt 0.98291898 0.26191401
vt 0.69601899 0.68845302
vt 0.69185799 0.68845302
vt 0.69185799 0.64247698
vt 0.69601899 0.73443002
vt 0.69185799 0.73443002
vt 0.70017999 0.68845302
vt 0.69601899 0.64247698
vt 0.70017999 0.73443002
vt 0.69086802 0.60034102
vt 0.68973899 0.60088903
vt 0.69207603 0.59977299
vt 0.69221300 0.59970999
vt 0.68868297 0.60141301
vt 0.68769699 0.63075900
vt 0.68769699 0.60191101
vt 0.68769699 0.65960598
vt 0.69234997 0.59964699
vt 0.69530600 0.59840000
vt 0.69424301 0.59882301
vt 0.69635600 0.59801501
vt 0.69650400 0.59796399
vt 0.69262302 0.59952301
vt 0.69316602 0.59928203
vt 0.68769699 0.68845302
vt 0.68769699 0.71730101
vt 0.68769699 0.74614799
vt 0.68964797 0.77596998
vt 0.68867397 0.77548498
vt 0.68769699 0.77499503
vt 0.69062400 0.77644801
vt 0.69160700 0.77691698
vt 0.69260001 0.77737403
vt 0.69360298 0.77781600
vt 0.69461697 0.77823699
vt 0.69564301 0.77863503
vt 0.69668299 0.77900398
vt 0.69665098 0.59791398
vt 0.69954002 0.59708899
vt 0.70017999 0.64247698
vt 0.69856602 0.59732902
vt 0.70042199 0.59690499
vt 0.70055300 0.59688002
vt 0.69694000 0.59781700
vt 0.69750398 0.59763700
vt 0.70068300 0.59685600
vt 0.70288700 0.59656799
vt 0.70434099 0.61948800
vt 0.70239401 0.59661299
vt 0.70337600 0.59653401
vt 0.70434099 0.59649998
vt 0.70094001 0.59681100
vt 0.70144200 0.59673202
vt 0.70434099 0.64247698
vt 0.69773901 0.77934003
vt 0.70434099 0.75741798
vt 0.70210099 0.78026003
vt 0.69880801 0.77963901
vt 0.69989198 0.77989501
vt 0.70099002 0.78010303
vt 0.70434099 0.71144199
vt 0.70434099 0.73443002
vt 0.70434099 0.66546500
vt 0.70434099 0.68845302
vt 0.70434099 0.78040600
vt 0.70321900 0.78036201
vt 0.65784103 0.87278801
vt 0.65784103 0.87171102
vt 0.65986001 0.87278801
vt 0.65568697 0.87278801
vt 0.65568697 0.87171102
vt 0.65341997 0.87278801
vt 0.65341997 0.87171102
vt 0.65102899 0.87278801
vt 0.65102899 0.87171102
vt 0.64854002 0.87278801
vt 0.64854002 0.87171102
vt 0.65784103 0.87384802
vt 0.65986001 0.87384802
vt 0.65568697 0.87384802
vt 0.65341997 0.87384802
vt 0.65102899 0.87384802
vt 0.65784103 0.87489498
vt 0.65986001 0.87489498
vt 0.65568697 0.87489498
vt 0.65341997 0.87489498
vt 0.65784103 0.87594199
vt 0.65986001 0.87594199
vt 0.65568697 0.87594199
vt 0.65341997 0.87594199
vt 0.65784103 0.87699002
vt 0.65986001 0.87699002
vt 0.65568697 0.87699002
vt 0.65986001 0.87803698
vt 0.65986001 0.87171102
vt 0.65842199 0.87059897
vt 0.65958703 0.87059897
vt 0.65725899 0.87059999
vt 0.66074902 0.87059897
vt 0.65493298 0.87059999
vt 0.65377003 0.87059999
vt 0.65609598 0.87059999
vt 0.66191101 0.87059999
vt 0.66191101 0.87166101
vt 0.66191101 0.87272102
vt 0.66191101 0.87378198
vt 0.66191101 0.87484199
vt 0.65260601 0.87059999
vt 0.65028000 0.87059999
vt 0.64911598 0.87059999
vt 0.65144300 0.87059999
vt 0.64795297 0.87059999
vt 0.64447701 0.87135500
vt 0.64330000 0.87059999
vt 0.64446402 0.87059999
vt 0.64679098 0.87059999
vt 0.64562702 0.87059999
vt 0.64573801 0.87212700
vt 0.64866298 0.87380803
vt 0.64850199 0.87371898
vt 0.64708000 0.87291402
vt 0.66191101 0.87590200
vt 0.66191101 0.87696302
vt 0.66191101 0.87802303
vt 0.66040498 0.87893498
vt 0.66091299 0.87900800
vt 0.65989202 0.87883800
vt 0.65781999 0.87824202
vt 0.65809602 0.87833703
vt 0.65795898 0.87829000
vt 0.65836698 0.87842703
vt 0.65889502 0.87858802
vt 0.66191101 0.87908399
vt 0.65101397 0.87507898
vt 0.65222400 0.87570798
vt 0.65373302 0.87646502
vt 0.65340501 0.87630302
vt 0.64882302 0.87389600
vt 0.64914203 0.87407202
vt 0.64977300 0.87441599
vt 0.65467501 0.87691700
vt 0.65583402 0.87744498
vt 0.65688300 0.87788701
vt 0.65357000 0.87638497
vt 0.65405399 0.87662101
vt 0.00000000 0.07187000
vt 0.00000000 0.00000000
vt 0.17961200 0.00000000
vt 0.26231301 0.54732198
vt 0.26231301 0.83961803
vt 0.26636600 0.83961803
vt 0.11119900 0.25922301
vt 0.12929501 0.25922301
vt 0.12929501 0.26307699
vt 0.10215100 0.26452199
vt 0.12929501 0.26693001
vt 0.12929501 0.27463800
vt 0.10215100 0.27511901
vt 0.12929501 0.27078399
vt 0.12929501 0.27849099
vt 0.07500600 0.25922301
vt 0.09310200 0.25922301
vt 0.07500600 0.26628801
vt 0.07500600 0.28041801
vt 0.07500600 0.27335301
vt 0.10215100 0.28041801
vt 0.12929501 0.28234500
vt 0.12929501 0.28619900
vt 0.10215100 0.28571701
vt 0.12929501 0.29005301
vt 0.12929501 0.29776001
vt 0.10215100 0.29631501
vt 0.12929501 0.29390600
vt 0.12929501 0.30161399
vt 0.11119900 0.30161399
vt 0.10215100 0.29101601
vt 0.07500600 0.28748301
vt 0.07500600 0.29454899
vt 0.07500600 0.30161399
vt 0.09310200 0.30161399
vt 0.63076103 0.45971999
vt 0.62574601 0.45971999
vt 0.62574601 0.45760801
vt 0.63076103 0.46183199
vt 0.62574601 0.46183199
vt 0.63577598 0.45971999
vt 0.63577598 0.45760801
vt 0.63577598 0.46183199
vt 0.64079100 0.45971999
vt 0.64079100 0.46183199
vt 0.64580601 0.45971999
vt 0.64079100 0.45760801
vt 0.64580601 0.46183199
vt 0.65082097 0.45971999
vt 0.65082097 0.45760801
vt 0.65082097 0.46183199
vt 0.65583497 0.45971999
vt 0.65583497 0.45760801
vt 0.65583497 0.46183199
vt 0.61966997 0.45826501
vt 0.61966997 0.45549700
vt 0.62412697 0.45549700
vt 0.62858498 0.45549700
vt 0.63304299 0.45549700
vt 0.63749999 0.45549700
vt 0.63076103 0.45760801
vt 0.61966997 0.46103400
vt 0.61966997 0.46380299
vt 0.62331700 0.46380299
vt 0.62696397 0.46380299
vt 0.63061100 0.46380299
vt 0.63425797 0.46380299
vt 0.63790601 0.46380299
vt 0.64195800 0.45549700
vt 0.64641601 0.45549700
vt 0.64580601 0.45760801
vt 0.65087301 0.45549700
vt 0.65533102 0.45549700
vt 0.65978801 0.45549700
vt 0.65978801 0.45826501
vt 0.65978801 0.46103400
vt 0.64155298 0.46380299
vt 0.64884698 0.46380299
vt 0.64520001 0.46380299
vt 0.65978801 0.46380299
vt 0.65249401 0.46380299
vt 0.65614098 0.46380299
vt 0.28064400 0.36997500
vt 0.28569999 0.37907499
vt 0.27775499 0.37198699
vt 0.27526101 0.37446699
vt 0.27323800 0.37733999
vt 0.28278399 0.38093901
vt 0.28051400 0.38354400
vt 0.27174801 0.38051900
vt 0.28902599 0.37810400
vt 0.28384000 0.36849299
vt 0.28724599 0.36758500
vt 0.29076001 0.36728001
vt 0.29249299 0.37810400
vt 0.29581901 0.37907499
vt 0.29873499 0.38093901
vt 0.27907401 0.38668001
vt 0.27083501 0.38390699
vt 0.27052701 0.38740101
vt 0.27899599 0.39322799
vt 0.27858099 0.39009300
vt 0.28021199 0.39614901
vt 0.34128001 0.36728001
vt 0.30100501 0.38354400
vt 0.30293900 0.39009300
vt 0.30244499 0.38668001
vt 0.30252400 0.39322799
vt 0.39179999 0.36728001
vt 0.39274499 0.37860501
vt 0.40269700 0.37002900
vt 0.39937100 0.37099999
vt 0.39645499 0.37286401
vt 0.39418501 0.37547001
vt 0.39225101 0.38201800
vt 0.40616301 0.37002900
vt 0.44231999 0.36728001
vt 0.40948999 0.37099999
vt 0.41240600 0.37286401
vt 0.41467601 0.37547001
vt 0.41611600 0.37860501
vt 0.39266601 0.38515300
vt 0.39388299 0.38807401
vt 0.39834100 0.39250800
vt 0.29937199 0.39865801
vt 0.39581800 0.39058301
vt 0.30130699 0.39614901
vt 0.41660899 0.38201800
vt 0.41619399 0.38515300
vt 0.40758201 0.39371800
vt 0.44231999 0.63362002
vt 0.40443000 0.39412999
vt 0.41497800 0.38807401
vt 0.46966299 0.38807401
vt 0.47159901 0.39058301
vt 0.41051999 0.39250800
vt 0.47705799 0.39371800
vt 0.46844700 0.38515300
vt 0.41304201 0.39058301
vt 0.40127799 0.39371800
vt 0.27052701 0.46276700
vt 0.27052701 0.42508399
vt 0.29684901 0.40058199
vt 0.27052701 0.50045002
vt 0.27052701 0.57581598
vt 0.27052701 0.53813303
vt 0.29790601 0.58805102
vt 0.29111299 0.58902299
vt 0.28819701 0.59088701
vt 0.28214800 0.39865801
vt 0.30414799 0.59088701
vt 0.28467000 0.40058199
vt 0.28760800 0.40179199
vt 0.28592700 0.59349197
vt 0.28448701 0.59662801
vt 0.29076001 0.40220499
vt 0.27052701 0.61349899
vt 0.27174801 0.62038100
vt 0.29008299 0.61053002
vt 0.27323800 0.62355900
vt 0.27083501 0.61699301
vt 0.29302001 0.61173999
vt 0.27775499 0.62891299
vt 0.27526101 0.62643301
vt 0.28756100 0.60860503
vt 0.28562501 0.60609698
vt 0.28440899 0.60317498
vt 0.28064400 0.63092399
vt 0.28384000 0.63240701
vt 0.28724599 0.63331503
vt 0.28399399 0.60004002
vt 0.30123201 0.58902299
vt 0.29391199 0.40179199
vt 0.29443899 0.58805102
vt 0.39179999 0.63362002
vt 0.30641800 0.59349197
vt 0.29076001 0.63362002
vt 0.29932499 0.61173999
vt 0.29617301 0.61215299
vt 0.30226201 0.61053002
vt 0.34128001 0.63362002
vt 0.30835199 0.60004002
vt 0.30785799 0.59662801
vt 0.30793700 0.60317498
vt 0.30478400 0.60860503
vt 0.30671999 0.60609698
vt 0.47515100 0.37099999
vt 0.47223499 0.37286401
vt 0.47847700 0.37002900
vt 0.46852499 0.37860501
vt 0.46803200 0.38201800
vt 0.46996501 0.37547001
vt 0.48526999 0.37099999
vt 0.48194399 0.37002900
vt 0.49284101 0.36728001
vt 0.48818600 0.37286401
vt 0.49045601 0.37547001
vt 0.49189600 0.37860501
vt 0.49239001 0.38201800
vt 0.54336101 0.36728001
vt 0.47412100 0.39250800
vt 0.48021099 0.39412999
vt 0.49197501 0.38515300
vt 0.49075800 0.38807401
vt 0.48882201 0.39058301
vt 0.58526897 0.39865801
vt 0.48629999 0.39250800
vt 0.61411297 0.46276700
vt 0.48336300 0.39371800
vt 0.58333403 0.39614901
vt 0.61411297 0.50045002
vt 0.59388101 0.36728001
vt 0.58590502 0.38093901
vt 0.59739399 0.36758500
vt 0.59561402 0.37810400
vt 0.59214801 0.37810400
vt 0.58882201 0.37907499
vt 0.60080099 0.36849299
vt 0.59894001 0.37907499
vt 0.60399699 0.36997500
vt 0.60688603 0.37198699
vt 0.60938001 0.37446699
vt 0.60185701 0.38093901
vt 0.61140299 0.37733999
vt 0.58363497 0.38354400
vt 0.58219498 0.38668001
vt 0.58170199 0.39009300
vt 0.58211702 0.39322799
vt 0.61380601 0.38390699
vt 0.60412699 0.38354400
vt 0.61289299 0.38051900
vt 0.60556698 0.38668001
vt 0.60564500 0.39322799
vt 0.60606003 0.39009300
vt 0.61411297 0.38740101
vt 0.60442799 0.39614901
vt 0.58779198 0.40058199
vt 0.58049297 0.59088701
vt 0.61411297 0.53813303
vt 0.58340901 0.58902299
vt 0.57822299 0.59349197
vt 0.49284101 0.63362002
vt 0.57678300 0.59662801
vt 0.59072900 0.40179199
vt 0.61411297 0.42508399
vt 0.58673501 0.58805102
vt 0.61411297 0.57581598
vt 0.59020102 0.58805102
vt 0.59352702 0.58902299
vt 0.54336101 0.63362002
vt 0.57670403 0.60317498
vt 0.57792097 0.60609698
vt 0.57628900 0.60004002
vt 0.57985598 0.60860503
vt 0.58237898 0.61053002
vt 0.59388101 0.63362002
vt 0.58531600 0.61173999
vt 0.58846802 0.61215299
vt 0.59162003 0.61173999
vt 0.59739399 0.63331503
vt 0.61140299 0.62355900
vt 0.59455800 0.61053002
vt 0.59388101 0.40220499
vt 0.59997100 0.40058199
vt 0.59703302 0.40179199
vt 0.59644401 0.59088701
vt 0.59871399 0.59349197
vt 0.60015398 0.59662801
vt 0.60249299 0.39865801
vt 0.61411297 0.61349899
vt 0.60023201 0.60317498
vt 0.59901500 0.60609698
vt 0.59707999 0.60860503
vt 0.60080099 0.63240701
vt 0.60399699 0.63092399
vt 0.61380601 0.61699301
vt 0.60064697 0.60004002
vt 0.61289299 0.62038100
vt 0.60688603 0.62891299
vt 0.60938001 0.62643301
vt 0.22242300 0.49944100
vt 0.22587900 0.49663499
vt 0.22242300 0.49663499
vt 0.22242300 0.50224799
vt 0.22717500 0.50084502
vt 0.22933500 0.49663499
vt 0.23279101 0.49663499
vt 0.23624700 0.49663499
vt 0.23667900 0.50084502
vt 0.23970300 0.49663499
vt 0.22587900 0.50505501
vt 0.22242300 0.50505501
vt 0.22933500 0.50505501
vt 0.23624700 0.50505501
vt 0.23970300 0.50505501
vt 0.23279101 0.50505501
vt 0.24315900 0.50505501
vt 0.24143100 0.50084502
vt 0.24315900 0.49663499
vt 0.24618299 0.50084502
vt 0.24661499 0.49663499
vt 0.25093400 0.50084502
vt 0.25007099 0.49663499
vt 0.25698200 0.49663499
vt 0.25352600 0.49663499
vt 0.25568601 0.50084502
vt 0.26043800 0.49944100
vt 0.26043800 0.49663499
vt 0.24661499 0.50505501
vt 0.25007099 0.50505501
vt 0.25352600 0.50505501
vt 0.25698200 0.50505501
vt 0.26043800 0.50224799
vt 0.26043800 0.50505501
vt 0.41669801 0.32448801
vt 0.41880399 0.32448801
vt 0.41669801 0.31973600
vt 0.41459301 0.32448801
vt 0.41459301 0.31973600
vt 0.41669801 0.32923999
vt 0.41880399 0.32923999
vt 0.41459301 0.32923999
vt 0.42090899 0.31815201
vt 0.42090899 0.31498399
vt 0.41810200 0.31498399
vt 0.42090899 0.32132000
vt 0.41880399 0.31973600
vt 0.42090899 0.32448801
vt 0.42090899 0.32765600
vt 0.41529500 0.31498399
vt 0.41248801 0.31815201
vt 0.41248801 0.31498399
vt 0.41248801 0.32132000
vt 0.42090899 0.33082399
vt 0.41810200 0.33399200
vt 0.42090899 0.33399200
vt 0.41529500 0.33399200
vt 0.41248801 0.32765600
vt 0.41248801 0.33082399
vt 0.41248801 0.33399200
vt 0.61966997 0.51764703
vt 0.62143600 0.51602298
vt 0.61966997 0.51602298
vt 0.61966997 0.51927102
vt 0.62209898 0.51845902
vt 0.62320203 0.51602298
vt 0.62452698 0.51845902
vt 0.62496901 0.51602298
vt 0.62695599 0.51845902
vt 0.62850100 0.51602298
vt 0.62673497 0.51602298
vt 0.62290800 0.52089500
vt 0.62128901 0.52089500
vt 0.61966997 0.52089500
vt 0.62776500 0.52089500
vt 0.62938499 0.51845902
vt 0.62614602 0.52089500
vt 0.63026798 0.51602298
vt 0.63181299 0.51845902
vt 0.63424200 0.51845902
vt 0.63380098 0.51602298
vt 0.62938499 0.52089500
vt 0.63100398 0.52089500
vt 0.63667101 0.51845902
vt 0.63556701 0.51602298
vt 0.63733298 0.51602298
vt 0.63910002 0.51602298
vt 0.63910002 0.51764703
vt 0.63262302 0.52089500
vt 0.63748002 0.52089500
vt 0.63910002 0.51927102
vt 0.63586098 0.52089500
vt 0.63910002 0.52089500
vt 0.64744502 0.50050300
vt 0.64921099 0.49887899
vt 0.64744502 0.49887899
vt 0.64744502 0.50212598
vt 0.64987302 0.50131398
vt 0.65097702 0.49887899
vt 0.65274400 0.49887899
vt 0.65451002 0.49887899
vt 0.65473098 0.50131398
vt 0.65627599 0.49887899
vt 0.64921099 0.50375003
vt 0.64744502 0.50375003
vt 0.65097702 0.50375003
vt 0.65451002 0.50375003
vt 0.65627599 0.50375003
vt 0.65274400 0.50375003
vt 0.65804303 0.50375003
vt 0.65715998 0.50131398
vt 0.65804303 0.49887899
vt 0.65958798 0.50131398
vt 0.66201699 0.50131398
vt 0.66157502 0.49887899
vt 0.66510803 0.49887899
vt 0.66334200 0.49887899
vt 0.66444600 0.50131398
vt 0.66687399 0.50050300
vt 0.66687399 0.49887899
vt 0.65980899 0.50375003
vt 0.66157502 0.50375003
vt 0.66334200 0.50375003
vt 0.66510803 0.50375003
vt 0.66687399 0.50212598
vt 0.66687399 0.50375003
vt 0.61966997 0.50907499
vt 0.62143600 0.50745100
vt 0.61966997 0.50745100
vt 0.61966997 0.51069897
vt 0.62209898 0.50988698
vt 0.62320203 0.50745100
vt 0.62452698 0.50988698
vt 0.62496901 0.50745100
vt 0.62695599 0.50988698
vt 0.62850100 0.50745100
vt 0.62673497 0.50745100
vt 0.62290800 0.51232302
vt 0.62128901 0.51232302
vt 0.61966997 0.51232302
vt 0.62776500 0.51232302
vt 0.62938499 0.50988698
vt 0.62614602 0.51232302
vt 0.63026798 0.50745100
vt 0.63181299 0.50988698
vt 0.63424200 0.50988698
vt 0.63380098 0.50745100
vt 0.62938499 0.51232302
vt 0.63100398 0.51232302
vt 0.63667101 0.50988698
vt 0.63556701 0.50745100
vt 0.63733298 0.50745100
vt 0.63910002 0.50745100
vt 0.63910002 0.50907499
vt 0.63262302 0.51232302
vt 0.63748002 0.51232302
vt 0.63910002 0.51069897
vt 0.63586098 0.51232302
vt 0.63910002 0.51232302
vt 0.63424200 0.51232302
vt 0.44272301 0.35063601
vt 0.44482800 0.35063601
vt 0.44272301 0.34588400
vt 0.44061801 0.35063601
vt 0.44061801 0.34588400
vt 0.44272301 0.35538700
vt 0.44482800 0.35538700
vt 0.44061801 0.35538700
vt 0.44693300 0.34430000
vt 0.44693300 0.34113199
vt 0.44412601 0.34113199
vt 0.44693300 0.34746799
vt 0.44482800 0.34588400
vt 0.44693300 0.35380399
vt 0.44693300 0.35063601
vt 0.44132000 0.34113199
vt 0.43851301 0.34430000
vt 0.43851301 0.34113199
vt 0.43851301 0.34746799
vt 0.44693300 0.35697100
vt 0.44412601 0.36013901
vt 0.44693300 0.36013901
vt 0.44132000 0.36013901
vt 0.43851301 0.35380399
vt 0.43851301 0.35697100
vt 0.43851301 0.36013901
vt 0.22242300 0.50947303
vt 0.22587900 0.50666600
vt 0.22242300 0.50666600
vt 0.22242300 0.51227999
vt 0.22717500 0.51087701
vt 0.22933500 0.50666600
vt 0.23279101 0.50666600
vt 0.23624700 0.50666600
vt 0.23667900 0.51087701
vt 0.23970300 0.50666600
vt 0.22587900 0.51508701
vt 0.22242300 0.51508701
vt 0.22933500 0.51508701
vt 0.23624700 0.51508701
vt 0.23970300 0.51508701
vt 0.24143100 0.51087701
vt 0.23279101 0.51508701
vt 0.24315900 0.51508701
vt 0.24315900 0.50666600
vt 0.24618299 0.51087701
vt 0.25093400 0.51087701
vt 0.25007099 0.50666600
vt 0.25698200 0.50666600
vt 0.25352600 0.50666600
vt 0.25568601 0.51087701
vt 0.26043800 0.50947303
vt 0.26043800 0.50666600
vt 0.24661499 0.51508701
vt 0.25007099 0.51508701
vt 0.25352600 0.51508701
vt 0.25698200 0.51508701
vt 0.26043800 0.51227999
vt 0.26043800 0.51508701
vt 0.64744502 0.49193001
vt 0.64921099 0.49030599
vt 0.64744502 0.49030599
vt 0.64744502 0.49355400
vt 0.64987302 0.49274200
vt 0.65097702 0.49030599
vt 0.65274400 0.49030599
vt 0.65451002 0.49030599
vt 0.65473098 0.49274200
vt 0.65627599 0.49030599
vt 0.64921099 0.49517801
vt 0.64744502 0.49517801
vt 0.65097702 0.49517801
vt 0.65451002 0.49517801
vt 0.65627599 0.49517801
vt 0.65715998 0.49274200
vt 0.65274400 0.49517801
vt 0.65804303 0.49517801
vt 0.65804303 0.49030599
vt 0.65958798 0.49274200
vt 0.66201699 0.49274200
vt 0.66157502 0.49030599
vt 0.66510803 0.49030599
vt 0.66334200 0.49030599
vt 0.66444600 0.49274200
vt 0.66687399 0.49193001
vt 0.66687399 0.49030599
vt 0.65980899 0.49517801
vt 0.66157502 0.49517801
vt 0.66334200 0.49517801
vt 0.66510803 0.49517801
vt 0.66687399 0.49355400
vt 0.66687399 0.49517801
vt 0.21484800 0.49663499
vt 0.21647200 0.49840099
vt 0.21647200 0.49663499
vt 0.21322399 0.49663499
vt 0.21403600 0.49906299
vt 0.21647200 0.50016701
vt 0.21403600 0.50149202
vt 0.21647200 0.50193399
vt 0.21403600 0.50392097
vt 0.21647200 0.50370002
vt 0.21647200 0.50546598
vt 0.21160001 0.49987301
vt 0.21160001 0.49825400
vt 0.21160001 0.49663499
vt 0.21160001 0.50472999
vt 0.21403600 0.50634998
vt 0.21160001 0.50311100
vt 0.21647200 0.50723302
vt 0.21403600 0.50877798
vt 0.21403600 0.51120698
vt 0.21647200 0.51076502
vt 0.21160001 0.50634998
vt 0.21160001 0.50796902
vt 0.21403600 0.51363599
vt 0.21647200 0.51253200
vt 0.21647200 0.51429802
vt 0.21647200 0.51606399
vt 0.21484800 0.51606399
vt 0.21160001 0.50958800
vt 0.21160001 0.51444501
vt 0.21322399 0.51606399
vt 0.21160001 0.51282603
vt 0.21160001 0.51606399
vt 0.44272301 0.32448801
vt 0.44482800 0.32448801
vt 0.44272301 0.31973600
vt 0.44061801 0.32448801
vt 0.44272301 0.32923999
vt 0.44482800 0.32923999
vt 0.44061801 0.32923999
vt 0.44693300 0.31815201
vt 0.44693300 0.31498399
vt 0.44412601 0.31498399
vt 0.44693300 0.32132000
vt 0.44482800 0.31973600
vt 0.44693300 0.32448801
vt 0.44693300 0.32765600
vt 0.44132000 0.31498399
vt 0.43851301 0.31815201
vt 0.43851301 0.31498399
vt 0.44061801 0.31973600
vt 0.43851301 0.32132000
vt 0.44693300 0.33082399
vt 0.44412601 0.33399200
vt 0.44693300 0.33399200
vt 0.44132000 0.33399200
vt 0.43851301 0.32765600
vt 0.43851301 0.33082399
vt 0.43851301 0.33399200
vt 0.99583399 0.41270599
vt 0.99853498 0.41616201
vt 0.99853498 0.41270599
vt 0.99313402 0.41270599
vt 0.99448401 0.41745800
vt 0.99853498 0.41961801
vt 0.99853498 0.42307401
vt 0.99853498 0.42653000
vt 0.99448401 0.42696199
vt 0.99853498 0.42998600
vt 0.99043298 0.41616201
vt 0.99043298 0.41270599
vt 0.99043298 0.41961801
vt 0.99043298 0.42653000
vt 0.99043298 0.42998600
vt 0.99043298 0.42307401
vt 0.99043298 0.43344101
vt 0.99448401 0.43171301
vt 0.99853498 0.43344101
vt 0.99448401 0.43646500
vt 0.99448401 0.44121701
vt 0.99853498 0.44035301
vt 0.99853498 0.44726500
vt 0.99853498 0.44380900
vt 0.99448401 0.44596899
vt 0.99583399 0.45072100
vt 0.99853498 0.45072100
vt 0.99043298 0.43689701
vt 0.99043298 0.44035301
vt 0.99043298 0.44380900
vt 0.99043298 0.44726500
vt 0.99313402 0.45072100
vt 0.99043298 0.45072100
vt 0.64744502 0.51764703
vt 0.64921099 0.51602298
vt 0.64744502 0.51602298
vt 0.64744502 0.51927102
vt 0.64987302 0.51845902
vt 0.65097702 0.51602298
vt 0.65274400 0.51602298
vt 0.65451002 0.51602298
vt 0.65473098 0.51845902
vt 0.65627599 0.51602298
vt 0.64921099 0.52089500
vt 0.64744502 0.52089500
vt 0.65097702 0.52089500
vt 0.65451002 0.52089500
vt 0.65627599 0.52089500
vt 0.65274400 0.52089500
vt 0.65804303 0.52089500
vt 0.65715998 0.51845902
vt 0.65804303 0.51602298
vt 0.65958798 0.51845902
vt 0.66201699 0.51845902
vt 0.66157502 0.51602298
vt 0.66510803 0.51602298
vt 0.66334200 0.51602298
vt 0.66444600 0.51845902
vt 0.66687399 0.51764703
vt 0.66687399 0.51602298
vt 0.65980899 0.52089500
vt 0.66157502 0.52089500
vt 0.66334200 0.52089500
vt 0.66510803 0.52089500
vt 0.66687399 0.51927102
vt 0.66687399 0.52089500
vt 0.22025900 0.49663499
vt 0.22188300 0.49840099
vt 0.22188300 0.49663499
vt 0.21863499 0.49663499
vt 0.21944700 0.49906299
vt 0.22188300 0.50016701
vt 0.21944700 0.50149202
vt 0.22188300 0.50193399
vt 0.21944700 0.50392097
vt 0.22188300 0.50546598
vt 0.22188300 0.50370002
vt 0.21701200 0.49987301
vt 0.21701200 0.49825400
vt 0.21701200 0.49663499
vt 0.21701200 0.50472999
vt 0.21944700 0.50634998
vt 0.21701200 0.50311100
vt 0.22188300 0.50723302
vt 0.21944700 0.50877798
vt 0.21944700 0.51120698
vt 0.22188300 0.51076502
vt 0.21701200 0.50634998
vt 0.21701200 0.50796902
vt 0.21944700 0.51363599
vt 0.22188300 0.51253200
vt 0.22188300 0.51429802
vt 0.22188300 0.51606399
vt 0.22025900 0.51606399
vt 0.21701200 0.50958800
vt 0.21701200 0.51444501
vt 0.21863499 0.51606399
vt 0.21701200 0.51282603
vt 0.21701200 0.51606399
vt 0.41669801 0.35063601
vt 0.41880399 0.35063601
vt 0.41880399 0.34588400
vt 0.41459301 0.35063601
vt 0.41669801 0.34588400
vt 0.41669801 0.35538700
vt 0.41880399 0.35538700
vt 0.41459301 0.35538700
vt 0.42090899 0.34430000
vt 0.42090899 0.34113199
vt 0.41810200 0.34113199
vt 0.42090899 0.34746799
vt 0.42090899 0.35063601
vt 0.42090899 0.35380399
vt 0.41529500 0.34113199
vt 0.41248801 0.34430000
vt 0.41248801 0.34113199
vt 0.41459301 0.34588400
vt 0.41248801 0.34746799
vt 0.42090899 0.35697100
vt 0.41810200 0.36013901
vt 0.42090899 0.36013901
vt 0.41529500 0.36013901
vt 0.41248801 0.35380399
vt 0.41248801 0.35697100
vt 0.41248801 0.36013901
vt 0.98626697 0.41270599
vt 0.98896801 0.41616201
vt 0.98896801 0.41270599
vt 0.98356599 0.41270599
vt 0.98491699 0.41745800
vt 0.98896801 0.41961801
vt 0.98896801 0.42307401
vt 0.98896801 0.42653000
vt 0.98491699 0.42696199
vt 0.98896801 0.42998600
vt 0.98086601 0.41616201
vt 0.98086601 0.41270599
vt 0.98086601 0.41961801
vt 0.98086601 0.42653000
vt 0.98086601 0.42998600
vt 0.98086601 0.42307401
vt 0.98086601 0.43344101
vt 0.98491699 0.43171301
vt 0.98896801 0.43344101
vt 0.98491699 0.43646500
vt 0.98491699 0.44121701
vt 0.98896801 0.44035301
vt 0.98896801 0.44726500
vt 0.98896801 0.44380900
vt 0.98491699 0.44596899
vt 0.98626697 0.45072100
vt 0.98896801 0.45072100
vt 0.98086601 0.43689701
vt 0.98086601 0.44035301
vt 0.98086601 0.44380900
vt 0.98086601 0.44726500
vt 0.98356599 0.45072100
vt 0.98086601 0.45072100
vt 0.64744502 0.50907499
vt 0.64921099 0.50745100
vt 0.64744502 0.50745100
vt 0.64744502 0.51069897
vt 0.64987302 0.50988698
vt 0.65097702 0.50745100
vt 0.65274400 0.50745100
vt 0.65451002 0.50745100
vt 0.65473098 0.50988698
vt 0.65627599 0.50745100
vt 0.64921099 0.51232302
vt 0.64744502 0.51232302
vt 0.65097702 0.51232302
vt 0.65451002 0.51232302
vt 0.65627599 0.51232302
vt 0.65274400 0.51232302
vt 0.65804303 0.51232302
vt 0.65715998 0.50988698
vt 0.65804303 0.50745100
vt 0.65958798 0.50988698
vt 0.66201699 0.50988698
vt 0.66157502 0.50745100
vt 0.66510803 0.50745100
vt 0.66334200 0.50745100
vt 0.66444600 0.50988698
vt 0.66687399 0.50907499
vt 0.66687399 0.50745100
vt 0.65980899 0.51232302
vt 0.66157502 0.51232302
vt 0.66334200 0.51232302
vt 0.66510803 0.51232302
vt 0.66687399 0.51069897
vt 0.66687399 0.51232302
vt 0.61966997 0.50050300
vt 0.62143600 0.49887899
vt 0.61966997 0.49887899
vt 0.61966997 0.50212598
vt 0.62209898 0.50131398
vt 0.62320203 0.49887899
vt 0.62452698 0.50131398
vt 0.62496901 0.49887899
vt 0.62695599 0.50131398
vt 0.62673497 0.49887899
vt 0.62850100 0.49887899
vt 0.62290800 0.50375003
vt 0.62128901 0.50375003
vt 0.61966997 0.50375003
vt 0.62776500 0.50375003
vt 0.62938499 0.50131398
vt 0.62614602 0.50375003
vt 0.63026798 0.49887899
vt 0.63181299 0.50131398
vt 0.63203400 0.49887899
vt 0.63424200 0.50131398
vt 0.63380098 0.49887899
vt 0.62938499 0.50375003
vt 0.63100398 0.50375003
vt 0.63667101 0.50131398
vt 0.63556701 0.49887899
vt 0.63733298 0.49887899
vt 0.63910002 0.49887899
vt 0.63910002 0.50050300
vt 0.63262302 0.50375003
vt 0.63748002 0.50375003
vt 0.63910002 0.50212598
vt 0.63586098 0.50375003
vt 0.63910002 0.50375003
vt 0.59169298 0.34872100
vt 0.59379798 0.34872100
vt 0.59169298 0.34433600
vt 0.58958697 0.34872100
vt 0.58958697 0.34433600
vt 0.59169298 0.35310701
vt 0.59379798 0.35310701
vt 0.58958697 0.35310701
vt 0.59590298 0.34287399
vt 0.59590298 0.33995000
vt 0.59309602 0.33995000
vt 0.59590298 0.34579799
vt 0.59379798 0.34433600
vt 0.59590298 0.34872100
vt 0.59590298 0.35164499
vt 0.59028900 0.33995000
vt 0.58748198 0.34287399
vt 0.58748198 0.33995000
vt 0.58748198 0.34579799
vt 0.59590298 0.35456899
vt 0.59309602 0.35749301
vt 0.59590298 0.35749301
vt 0.59028900 0.35749301
vt 0.58748198 0.35164499
vt 0.58748198 0.35456899
vt 0.58748198 0.35749301
vt 0.97670001 0.41270599
vt 0.97940099 0.41616201
vt 0.97940099 0.41270599
vt 0.97399902 0.41270599
vt 0.97535002 0.41745800
vt 0.97940099 0.41961801
vt 0.97940099 0.42307401
vt 0.97940099 0.42653000
vt 0.97535002 0.42696199
vt 0.97940099 0.42998600
vt 0.97129899 0.41616201
vt 0.97129899 0.41270599
vt 0.97129899 0.41961801
vt 0.97129899 0.42653000
vt 0.97129899 0.42998600
vt 0.97129899 0.42307401
vt 0.97129899 0.43344101
vt 0.97535002 0.43171301
vt 0.97940099 0.43344101
vt 0.97535002 0.43646500
vt 0.97535002 0.44121701
vt 0.97940099 0.44035301
vt 0.97940099 0.44726500
vt 0.97940099 0.44380900
vt 0.97535002 0.44596899
vt 0.97670001 0.45072100
vt 0.97940099 0.45072100
vt 0.97129899 0.43689701
vt 0.97129899 0.44035301
vt 0.97129899 0.44380900
vt 0.97129899 0.44726500
vt 0.97399902 0.45072100
vt 0.97129899 0.45072100
vt 0.39050600 0.29360700
vt 0.39212900 0.29537299
vt 0.39212900 0.29360700
vt 0.38888201 0.29360700
vt 0.38969401 0.29603499
vt 0.39212900 0.29713899
vt 0.39212900 0.29890600
vt 0.39212900 0.30067199
vt 0.38969401 0.30089301
vt 0.39212900 0.30243799
vt 0.38725799 0.29537299
vt 0.38725799 0.29360700
vt 0.38725799 0.29713899
vt 0.38725799 0.30067199
vt 0.38725799 0.30243799
vt 0.38969401 0.30332100
vt 0.38725799 0.29890600
vt 0.38725799 0.30420500
vt 0.39212900 0.30420500
vt 0.38969401 0.30575001
vt 0.38969401 0.30817899
vt 0.39212900 0.30773699
vt 0.39212900 0.31127000
vt 0.39212900 0.30950400
vt 0.38969401 0.31060800
vt 0.39050600 0.31303599
vt 0.39212900 0.31303599
vt 0.38725799 0.30597100
vt 0.38725799 0.30773699
vt 0.38725799 0.30950400
vt 0.38725799 0.31127000
vt 0.38888201 0.31303599
vt 0.38725799 0.31303599
vt 0.61966997 0.49193001
vt 0.62143600 0.49030599
vt 0.61966997 0.49030599
vt 0.61966997 0.49355400
vt 0.62209898 0.49274200
vt 0.62320203 0.49030599
vt 0.62452698 0.49274200
vt 0.62496901 0.49030599
vt 0.62695599 0.49274200
vt 0.62850100 0.49030599
vt 0.62673497 0.49030599
vt 0.62290800 0.49517801
vt 0.62128901 0.49517801
vt 0.61966997 0.49517801
vt 0.62776500 0.49517801
vt 0.62938499 0.49274200
vt 0.62614602 0.49517801
vt 0.63026798 0.49030599
vt 0.63181299 0.49274200
vt 0.63424200 0.49274200
vt 0.63380098 0.49030599
vt 0.62938499 0.49517801
vt 0.63100398 0.49517801
vt 0.63667101 0.49274200
vt 0.63556701 0.49030599
vt 0.63733298 0.49030599
vt 0.63910002 0.49030599
vt 0.63910002 0.49193001
vt 0.63262302 0.49517801
vt 0.63748002 0.49517801
vt 0.63910002 0.49355400
vt 0.63586098 0.49517801
vt 0.63910002 0.49517801
vt 0.52706897 0.34872100
vt 0.52917397 0.34872100
vt 0.52706897 0.34433600
vt 0.52496397 0.34872100
vt 0.52496397 0.34433600
vt 0.52706897 0.35310701
vt 0.52917397 0.35310701
vt 0.52496397 0.35310701
vt 0.53127903 0.34287399
vt 0.53127903 0.33995000
vt 0.52847201 0.33995000
vt 0.53127903 0.34579799
vt 0.52917397 0.34433600
vt 0.53127903 0.35164499
vt 0.53127903 0.34872100
vt 0.52566499 0.33995000
vt 0.52285802 0.34287399
vt 0.52285802 0.33995000
vt 0.52285802 0.34579799
vt 0.53127903 0.35456899
vt 0.52847201 0.35749301
vt 0.53127903 0.35749301
vt 0.52566499 0.35749301
vt 0.52285802 0.35164499
vt 0.52285802 0.35456899
vt 0.52285802 0.35749301
vt 0.96713299 0.41270599
vt 0.96983403 0.41616201
vt 0.96983403 0.41270599
vt 0.96443200 0.41270599
vt 0.96578300 0.41745800
vt 0.96983403 0.41961801
vt 0.96983403 0.42307401
vt 0.96983403 0.42653000
vt 0.96578300 0.42696199
vt 0.96983403 0.42998600
vt 0.96173102 0.41616201
vt 0.96173102 0.41270599
vt 0.96173102 0.41961801
vt 0.96173102 0.42653000
vt 0.96173102 0.42998600
vt 0.96173102 0.42307401
vt 0.96173102 0.43344101
vt 0.96578300 0.43171301
vt 0.96983403 0.43344101
vt 0.96578300 0.43646500
vt 0.96983403 0.43689701
vt 0.96578300 0.44121701
vt 0.96983403 0.44035301
vt 0.96983403 0.44726500
vt 0.96983403 0.44380900
vt 0.96578300 0.44596899
vt 0.96713299 0.45072100
vt 0.96983403 0.45072100
vt 0.96173102 0.43689701
vt 0.96173102 0.44035301
vt 0.96173102 0.44380900
vt 0.96173102 0.44726500
vt 0.96443200 0.45072100
vt 0.96173102 0.45072100
vt 0.38297701 0.29360700
vt 0.38460100 0.29537299
vt 0.38460100 0.29360700
vt 0.38135400 0.29360700
vt 0.38216600 0.29603499
vt 0.38460100 0.29713899
vt 0.38460100 0.29890600
vt 0.38460100 0.30067199
vt 0.38216600 0.30089301
vt 0.38460100 0.30243799
vt 0.37972999 0.29537299
vt 0.37972999 0.29360700
vt 0.37972999 0.29713899
vt 0.37972999 0.30067199
vt 0.37972999 0.30243799
vt 0.38216600 0.30332100
vt 0.37972999 0.29890600
vt 0.37972999 0.30420500
vt 0.38460100 0.30420500
vt 0.38216600 0.30575001
vt 0.38460100 0.30597100
vt 0.38216600 0.30817899
vt 0.38460100 0.30773699
vt 0.38460100 0.31127000
vt 0.38460100 0.30950400
vt 0.38216600 0.31060800
vt 0.38297701 0.31303599
vt 0.38460100 0.31303599
vt 0.37972999 0.30597100
vt 0.37972999 0.30773699
vt 0.37972999 0.30950400
vt 0.37972999 0.31127000
vt 0.38135400 0.31303599
vt 0.37972999 0.31303599
vt 0.69425303 0.41363600
vt 0.69191098 0.41363600
vt 0.69191098 0.41390100
vt 0.69688702 0.41376799
vt 0.69893599 0.41363600
vt 0.69659400 0.41363600
vt 0.70186400 0.41376799
vt 0.70127797 0.41363600
vt 0.69425303 0.41390100
vt 0.70362002 0.41363600
vt 0.70596200 0.41363600
vt 0.70683998 0.41376799
vt 0.70830399 0.41363600
vt 0.70435202 0.41376799
vt 0.71064597 0.41363600
vt 0.71181703 0.41376799
vt 0.69893599 0.41390100
vt 0.69659400 0.41390100
vt 0.70362002 0.41390100
vt 0.70596200 0.41390100
vt 0.70830399 0.41390100
vt 0.71064597 0.41390100
vt 0.71298802 0.41390100
vt 0.71298802 0.41363600
vt 0.71679300 0.41376799
vt 0.71533000 0.41363600
vt 0.71928197 0.41376799
vt 0.72001398 0.41363600
vt 0.71767199 0.41363600
vt 0.71767199 0.41390100
vt 0.71533000 0.41390100
vt 0.72176999 0.41376799
vt 0.72235501 0.41363600
vt 0.72469699 0.41363600
vt 0.72425801 0.41376799
vt 0.72674698 0.41376799
vt 0.72938102 0.41363600
vt 0.72703898 0.41363600
vt 0.72938102 0.41390100
vt 0.73172301 0.41390100
vt 0.72001398 0.41390100
vt 0.72235501 0.41390100
vt 0.72469699 0.41390100
vt 0.72703898 0.41390100
vt 0.93437201 0.42068800
vt 0.93651003 0.41558501
vt 0.93858099 0.41713500
vt 0.93610698 0.42227000
vt 0.94041097 0.41896501
vt 0.93237603 0.41945201
vt 0.93018800 0.41860399
vt 0.92928702 0.41289100
vt 0.93181503 0.41344100
vt 0.93423897 0.41434500
vt 0.92787999 0.41817299
vt 0.94320101 0.42330599
vt 0.93752199 0.42414299
vt 0.94196099 0.42103601
vt 0.94465500 0.42825899
vt 0.93921000 0.42850199
vt 0.94410503 0.42572999
vt 0.93856800 0.42624399
vt 0.94484001 0.43083900
vt 0.93942702 0.43083900
vt 0.94465500 0.43342000
vt 0.92553300 0.41817299
vt 0.92412603 0.41289100
vt 0.92670602 0.41270599
vt 0.92322499 0.41860399
vt 0.92159802 0.41344100
vt 0.91917402 0.41434500
vt 0.91690302 0.41558501
vt 0.92103702 0.41945201
vt 0.91904098 0.42068800
vt 0.91483200 0.41713500
vt 0.91300201 0.41896501
vt 0.91730601 0.42227000
vt 0.91021198 0.42330599
vt 0.91589200 0.42414299
vt 0.91484499 0.42624399
vt 0.91145200 0.42103601
vt 0.90875798 0.42825899
vt 0.90930802 0.42572999
vt 0.91420299 0.42850199
vt 0.91398603 0.43083900
vt 0.94410503 0.43594801
vt 0.93921000 0.43317699
vt 0.93856800 0.43543401
vt 0.94320101 0.43837199
vt 0.94196099 0.44064301
vt 0.93752199 0.43753600
vt 0.94041097 0.44271401
vt 0.93610698 0.43940899
vt 0.93858099 0.44454300
vt 0.93437201 0.44099000
vt 0.93651003 0.44609401
vt 0.93237603 0.44222599
vt 0.93423897 0.44733399
vt 0.93018800 0.44307399
vt 0.92928702 0.44878799
vt 0.92787999 0.44350499
vt 0.92670602 0.44897199
vt 0.93181503 0.44823799
vt 0.92553300 0.44350499
vt 0.90875798 0.43342000
vt 0.91420299 0.43317699
vt 0.91300201 0.44271401
vt 0.91145200 0.44064301
vt 0.91589200 0.43753600
vt 0.91021198 0.43837199
vt 0.91484499 0.43543401
vt 0.90930802 0.43594801
vt 0.90857297 0.43083900
vt 0.91730601 0.43940899
vt 0.92322499 0.44307399
vt 0.91917402 0.44733399
vt 0.92103702 0.44222599
vt 0.92412603 0.44878799
vt 0.92159802 0.44823799
vt 0.91904098 0.44099000
vt 0.91483200 0.44454300
vt 0.91690302 0.44609401
vt 0.40745801 0.25455600
vt 0.40235499 0.25241801
vt 0.40390500 0.25034699
vt 0.40904000 0.25282100
vt 0.40573400 0.24851701
vt 0.40622199 0.25655201
vt 0.40537399 0.25874001
vt 0.39966100 0.25964099
vt 0.40020999 0.25711301
vt 0.40111500 0.25468901
vt 0.40494299 0.26104799
vt 0.41007599 0.24572700
vt 0.41091299 0.25140601
vt 0.40780601 0.24696700
vt 0.41502899 0.24427301
vt 0.41527200 0.24971800
vt 0.41249999 0.24482299
vt 0.41301399 0.25036001
vt 0.41760901 0.24950100
vt 0.41760901 0.24408799
vt 0.42019001 0.24427301
vt 0.40494299 0.26339501
vt 0.39966100 0.26480201
vt 0.39947599 0.26222101
vt 0.40537399 0.26570299
vt 0.40020999 0.26732999
vt 0.40111500 0.26975399
vt 0.40622199 0.26789099
vt 0.40235499 0.27202499
vt 0.40390500 0.27409601
vt 0.40745801 0.26988700
vt 0.40573400 0.27592599
vt 0.40904000 0.27162200
vt 0.41007599 0.27871600
vt 0.41091299 0.27303600
vt 0.41301399 0.27408299
vt 0.40780601 0.27747601
vt 0.41502899 0.28016999
vt 0.41249999 0.27961999
vt 0.41527200 0.27472499
vt 0.41760901 0.27494201
vt 0.42271799 0.24482299
vt 0.41994601 0.24971800
vt 0.42514199 0.24572700
vt 0.42220399 0.25036001
vt 0.42741299 0.24696700
vt 0.42430499 0.25140601
vt 0.42948401 0.24851701
vt 0.42617899 0.25282100
vt 0.43131301 0.25034699
vt 0.42776000 0.25455600
vt 0.43286401 0.25241801
vt 0.42899600 0.25655201
vt 0.43410400 0.25468901
vt 0.42984399 0.25874001
vt 0.43555799 0.25964099
vt 0.43027499 0.26104799
vt 0.43574199 0.26222101
vt 0.43500799 0.25711301
vt 0.43027499 0.26339501
vt 0.42019001 0.28016999
vt 0.41994601 0.27472499
vt 0.42948401 0.27592599
vt 0.42741299 0.27747601
vt 0.42430499 0.27303600
vt 0.42514199 0.27871600
vt 0.42220399 0.27408299
vt 0.42271799 0.27961999
vt 0.41760901 0.28035501
vt 0.42617899 0.27162200
vt 0.42984399 0.26570299
vt 0.43410400 0.26975399
vt 0.42899600 0.26789099
vt 0.43555799 0.26480201
vt 0.43500799 0.26732999
vt 0.42776000 0.26988700
vt 0.43131301 0.27409601
vt 0.43286401 0.27202499
vt 0.69191098 0.51408398
vt 0.69449598 0.51261503
vt 0.69191098 0.51261503
vt 0.69631201 0.51566499
vt 0.69414097 0.51561099
vt 0.69191098 0.51555401
vt 0.69708103 0.51261503
vt 0.69842499 0.51571500
vt 0.69966602 0.51261503
vt 0.70225197 0.51261503
vt 0.70047700 0.51576102
vt 0.70483702 0.51261503
vt 0.70439303 0.51584297
vt 0.71000701 0.51261503
vt 0.70742202 0.51261503
vt 0.70807201 0.51591003
vt 0.71517801 0.51261503
vt 0.71259201 0.51261503
vt 0.71313000 0.51598197
vt 0.71150303 0.51596200
vt 0.70626301 0.51587802
vt 0.71776301 0.51261503
vt 0.71619898 0.51601201
vt 0.70246500 0.51580399
vt 0.71469599 0.51599902
vt 0.70981801 0.51593798
vt 0.71764201 0.51602101
vt 0.71902502 0.51602697
vt 0.72034800 0.51602799
vt 0.72034800 0.51261503
vt 0.72293299 0.51261503
vt 0.72167099 0.51602697
vt 0.72551900 0.51261503
vt 0.72449702 0.51601201
vt 0.73068899 0.51261503
vt 0.72810400 0.51261503
vt 0.72919297 0.51596200
vt 0.73585999 0.51261503
vt 0.73327398 0.51261503
vt 0.73443300 0.51587802
vt 0.73262399 0.51591003
vt 0.72756600 0.51598197
vt 0.74102998 0.51261503
vt 0.73844498 0.51261503
vt 0.74021900 0.51576102
vt 0.74361497 0.51261503
vt 0.74227101 0.51571500
vt 0.74878597 0.51408398
vt 0.74878597 0.51261503
vt 0.74620003 0.51261503
vt 0.74655497 0.51561099
vt 0.74438399 0.51566499
vt 0.73630297 0.51584297
vt 0.74878597 0.51555401
vt 0.72600001 0.51599902
vt 0.72305399 0.51602101
vt 0.73087800 0.51593798
vt 0.73823100 0.51580399
vt 0.09108600 0.60904700
vt 0.08950500 0.49663499
vt 0.09176600 0.61051798
vt 0.10711300 0.49663499
vt 0.09229800 0.61198801
vt 0.08924600 0.60618299
vt 0.09024800 0.60759598
vt 0.09295500 0.61485797
vt 0.09269000 0.61343902
vt 0.09310400 0.61623502
vt 0.08171500 0.60058802
vt 0.07975000 0.59996003
vt 0.07767100 0.59956402
vt 0.07189700 0.49663499
vt 0.08807300 0.60483199
vt 0.08521800 0.60242099
vt 0.08354500 0.60141802
vt 0.08672800 0.60356802
vt 0.07550200 0.59942502
vt 0.09315100 0.61755800
vt 0.09315100 0.67883199
vt 0.09310400 0.61888200
vt 0.09310400 0.67750800
vt 0.09295500 0.62025899
vt 0.09269000 0.67471302
vt 0.09229800 0.62312800
vt 0.09269000 0.62167799
vt 0.09176600 0.67179197
vt 0.09108600 0.62606901
vt 0.09176700 0.62459803
vt 0.09108600 0.67032099
vt 0.09024900 0.62752098
vt 0.09229800 0.67326200
vt 0.09295500 0.67613202
vt 0.08924600 0.66745698
vt 0.08807300 0.63028502
vt 0.08924700 0.62893301
vt 0.08672800 0.66484201
vt 0.08521800 0.63269597
vt 0.08672900 0.63154799
vt 0.08807300 0.66610497
vt 0.08354500 0.66269100
vt 0.08171600 0.63452899
vt 0.08354500 0.63369900
vt 0.07975000 0.66123402
vt 0.07767100 0.63555300
vt 0.07975000 0.63515598
vt 0.07767100 0.66083699
vt 0.07550200 0.63569200
vt 0.08171500 0.66186100
vt 0.08521800 0.66369498
vt 0.09024800 0.66886902
vt 0.07125300 0.59996003
vt 0.07333200 0.59956402
vt 0.06928700 0.60058802
vt 0.06745800 0.60141802
vt 0.06578500 0.60242099
vt 0.06427400 0.60356802
vt 0.05428900 0.54715502
vt 0.06293000 0.60483199
vt 0.05428900 0.49663499
vt 0.06175700 0.60618299
vt 0.06075500 0.60759598
vt 0.05428900 0.59767503
vt 0.05991700 0.60904801
vt 0.05870500 0.61198801
vt 0.05831300 0.61343902
vt 0.05923700 0.61051899
vt 0.05804900 0.61485797
vt 0.06427400 0.66484201
vt 0.06293000 0.63028502
vt 0.06427500 0.63154900
vt 0.06175700 0.66745698
vt 0.06075500 0.62752098
vt 0.06175700 0.62893403
vt 0.06293000 0.66610599
vt 0.07333200 0.66083699
vt 0.07125300 0.63515598
vt 0.07333300 0.63555300
vt 0.06928700 0.66186100
vt 0.06745900 0.63369900
vt 0.06928800 0.63452899
vt 0.06745800 0.66269100
vt 0.06578500 0.63269597
vt 0.07125300 0.66123402
vt 0.06578500 0.66369498
vt 0.05789900 0.61623502
vt 0.05785200 0.61755800
vt 0.05428900 0.64819503
vt 0.05923700 0.62459898
vt 0.05991700 0.62606901
vt 0.05831300 0.62167799
vt 0.05870500 0.62312901
vt 0.05804900 0.62025899
vt 0.05789900 0.61888200
vt 0.06075500 0.66886997
vt 0.07550200 0.66069901
vt 0.10711300 0.79975599
vt 0.09295500 0.68153298
vt 0.09310400 0.68015599
vt 0.09229800 0.68440199
vt 0.09269000 0.68295199
vt 0.09176700 0.68587202
vt 0.08950500 0.79975599
vt 0.09024900 0.68879497
vt 0.09108600 0.68734300
vt 0.08924700 0.69020700
vt 0.08807300 0.69155902
vt 0.08521800 0.69396901
vt 0.08672900 0.69282198
vt 0.08171600 0.69580299
vt 0.08354500 0.69497299
vt 0.07975000 0.69643003
vt 0.07189700 0.79975599
vt 0.07767100 0.69682699
vt 0.07550200 0.69696498
vt 0.05991700 0.67032200
vt 0.05923700 0.67179197
vt 0.05831300 0.67471302
vt 0.05870500 0.67326200
vt 0.05804900 0.67613202
vt 0.05428900 0.69871598
vt 0.05785200 0.67883199
vt 0.05789900 0.67750800
vt 0.05789900 0.68015599
vt 0.06578500 0.69397002
vt 0.05428900 0.74923599
vt 0.06427500 0.69282198
vt 0.06293000 0.69155902
vt 0.06175700 0.69020700
vt 0.07125300 0.69643003
vt 0.07333300 0.69682699
vt 0.06928800 0.69580299
vt 0.06745900 0.69497299
vt 0.05870500 0.68440199
vt 0.05923700 0.68587202
vt 0.05804900 0.68153298
vt 0.05831300 0.68295199
vt 0.05991700 0.68734300
vt 0.06075500 0.68879497
vt 0.05428900 0.79975599
vt 0.39947599 0.29595399
vt 0.40206099 0.29448500
vt 0.39947599 0.29448500
vt 0.40170699 0.29736599
vt 0.40464601 0.29448500
vt 0.40599000 0.29726201
vt 0.40723199 0.29448500
vt 0.40387699 0.29731199
vt 0.40981701 0.29448500
vt 0.40804201 0.29721600
vt 0.41195801 0.29713401
vt 0.41240200 0.29448500
vt 0.41757300 0.29448500
vt 0.41498700 0.29448500
vt 0.41563699 0.29706699
vt 0.42015800 0.29448500
vt 0.41906801 0.29701501
vt 0.42532799 0.29448500
vt 0.42274299 0.29448500
vt 0.42376399 0.29696500
vt 0.42791301 0.29694900
vt 0.42791301 0.29448500
vt 0.42659101 0.29695001
vt 0.42069501 0.29699501
vt 0.41382799 0.29709899
vt 0.42520699 0.29695600
vt 0.41003001 0.29717299
vt 0.39947599 0.29742301
vt 0.42226100 0.29697800
vt 0.41738299 0.29703900
vt 0.43062001 0.29695600
vt 0.43049899 0.29448500
vt 0.42923599 0.29695001
vt 0.43308401 0.29448500
vt 0.43206200 0.29696500
vt 0.43825400 0.29448500
vt 0.43566900 0.29448500
vt 0.43675801 0.29701501
vt 0.43513200 0.29699501
vt 0.44018900 0.29706699
vt 0.44084001 0.29448500
vt 0.44600999 0.29448500
vt 0.44342500 0.29448500
vt 0.44386801 0.29713401
vt 0.44859499 0.29448500
vt 0.44778401 0.29721600
vt 0.45376599 0.29448500
vt 0.45118001 0.29448500
vt 0.45195001 0.29731199
vt 0.45635101 0.29595399
vt 0.45635101 0.29448500
vt 0.44983700 0.29726201
vt 0.44199899 0.29709899
vt 0.45412001 0.29736599
vt 0.43356600 0.29697800
vt 0.43844399 0.29703900
vt 0.44579601 0.29717299
vt 0.45635101 0.29742301
vt 0.69191098 0.52007502
vt 0.69449598 0.51860499
vt 0.69191098 0.51860499
vt 0.69631201 0.52165502
vt 0.69414097 0.52160102
vt 0.69191098 0.52154398
vt 0.69708103 0.51860499
vt 0.69842499 0.52170497
vt 0.69966602 0.51860499
vt 0.70225197 0.51860499
vt 0.70047700 0.52175200
vt 0.70483702 0.51860499
vt 0.70439303 0.52183300
vt 0.71000701 0.51860499
vt 0.70742202 0.51860499
vt 0.70807201 0.52190000
vt 0.71517801 0.51860499
vt 0.71259201 0.51860499
vt 0.71313000 0.52197200
vt 0.71150303 0.52195197
vt 0.70626301 0.52186900
vt 0.71776301 0.51860499
vt 0.71619898 0.52200198
vt 0.70246500 0.52179402
vt 0.71469599 0.52198899
vt 0.70981801 0.52192801
vt 0.71764201 0.52201098
vt 0.71902502 0.52201700
vt 0.72034800 0.52201903
vt 0.72034800 0.51860499
vt 0.72293299 0.51860499
vt 0.72167099 0.52201700
vt 0.72551900 0.51860499
vt 0.72449702 0.52200198
vt 0.73068899 0.51860499
vt 0.72810400 0.51860499
vt 0.72919297 0.52195197
vt 0.73585999 0.51860499
vt 0.73327398 0.51860499
vt 0.73443300 0.52186900
vt 0.73262399 0.52190000
vt 0.72756600 0.52197200
vt 0.74102998 0.51860499
vt 0.73844498 0.51860499
vt 0.74021900 0.52175200
vt 0.74361497 0.51860499
vt 0.74227101 0.52170497
vt 0.74878597 0.52007502
vt 0.74878597 0.51860499
vt 0.74620003 0.51860499
vt 0.74655497 0.52160102
vt 0.74438399 0.52165502
vt 0.73630297 0.52183300
vt 0.74878597 0.52154398
vt 0.72600001 0.52198899
vt 0.72305399 0.52201098
vt 0.73087800 0.52192801
vt 0.73823100 0.52179402
vt 0.69191098 0.41789401
vt 0.69449598 0.41642499
vt 0.69191098 0.41642499
vt 0.69414097 0.41930601
vt 0.69708103 0.41642499
vt 0.69842499 0.41920200
vt 0.69966602 0.41642499
vt 0.69631201 0.41925201
vt 0.70225197 0.41642499
vt 0.70047700 0.41915599
vt 0.70439303 0.41907400
vt 0.70483702 0.41642499
vt 0.71000701 0.41642499
vt 0.70742202 0.41642499
vt 0.70807201 0.41900799
vt 0.71259201 0.41642499
vt 0.71150303 0.41895601
vt 0.71776301 0.41642499
vt 0.71517801 0.41642499
vt 0.71619898 0.41890600
vt 0.72034800 0.41888899
vt 0.72034800 0.41642499
vt 0.71902502 0.41889101
vt 0.71313000 0.41893500
vt 0.70626301 0.41903901
vt 0.71764201 0.41889599
vt 0.70246500 0.41911301
vt 0.69191098 0.41936401
vt 0.71469599 0.41891900
vt 0.70981801 0.41898000
vt 0.72305399 0.41889599
vt 0.72293299 0.41642499
vt 0.72167099 0.41889101
vt 0.72551900 0.41642499
vt 0.72449702 0.41890600
vt 0.73068899 0.41642499
vt 0.72810400 0.41642499
vt 0.72919297 0.41895601
vt 0.72756600 0.41893500
vt 0.73262399 0.41900799
vt 0.73327398 0.41642499
vt 0.73844498 0.41642499
vt 0.73585999 0.41642499
vt 0.73630297 0.41907400
vt 0.74102998 0.41642499
vt 0.74021900 0.41915599
vt 0.74620003 0.41642499
vt 0.74361497 0.41642499
vt 0.74438399 0.41925201
vt 0.74878597 0.41789401
vt 0.74878597 0.41642499
vt 0.74227101 0.41920200
vt 0.73443300 0.41903901
vt 0.74655497 0.41930601
vt 0.72600001 0.41891801
vt 0.73087800 0.41898000
vt 0.73823100 0.41911301
vt 0.74878597 0.41936401
vt 0.25741899 0.69888300
vt 0.25570500 0.69888300
vt 0.25570500 0.62310302
vt 0.25741899 0.77466297
vt 0.25570500 0.77466297
vt 0.25913301 0.69888300
vt 0.25741899 0.62310302
vt 0.25913301 0.77466297
vt 0.25627601 0.54732198
vt 0.25399101 0.59784299
vt 0.25399101 0.54732198
vt 0.25399101 0.64836299
vt 0.25856200 0.54732198
vt 0.25399101 0.74940300
vt 0.25399101 0.69888300
vt 0.25399101 0.79992300
vt 0.25399101 0.85044402
vt 0.25627601 0.85044402
vt 0.25913301 0.62310302
vt 0.26084799 0.54732198
vt 0.26084799 0.59784299
vt 0.26084799 0.64836299
vt 0.25856200 0.85044402
vt 0.26084799 0.79992300
vt 0.26084799 0.74940300
vt 0.26084799 0.85044402
vt 0.72941202 0.48712099
vt 0.72439700 0.48712099
vt 0.72941202 0.48500901
vt 0.72941202 0.48923299
vt 0.72439700 0.48923299
vt 0.73442698 0.48712099
vt 0.73442698 0.48500901
vt 0.73442698 0.48923299
vt 0.73944199 0.48712099
vt 0.73944199 0.48923299
vt 0.74445701 0.48712099
vt 0.73944199 0.48500901
vt 0.74445701 0.48923299
vt 0.74947202 0.48712099
vt 0.74947202 0.48500901
vt 0.74947202 0.48923299
vt 0.75448602 0.48712099
vt 0.75448602 0.48923299
vt 0.71832103 0.48566601
vt 0.71832103 0.48289701
vt 0.72277802 0.48289701
vt 0.72439700 0.48500901
vt 0.72723597 0.48289701
vt 0.73169398 0.48289701
vt 0.73615098 0.48289701
vt 0.71832103 0.48843500
vt 0.71832103 0.49120399
vt 0.72196800 0.49120399
vt 0.72561502 0.49120399
vt 0.72926199 0.49120399
vt 0.73290902 0.49120399
vt 0.73655599 0.49120399
vt 0.74060899 0.48289701
vt 0.74506599 0.48289701
vt 0.74445701 0.48500901
vt 0.74952400 0.48289701
vt 0.75398201 0.48289701
vt 0.75448602 0.48500901
vt 0.75843900 0.48289701
vt 0.75843900 0.48566601
vt 0.75843900 0.48843500
vt 0.74020398 0.49120399
vt 0.74749798 0.49120399
vt 0.74385101 0.49120399
vt 0.75843900 0.49120399
vt 0.75114501 0.49120399
vt 0.75479198 0.49120399
vt 0.21160001 0.56541902
vt 0.21160001 0.54732198
vt 0.21532001 0.54732198
vt 0.21671601 0.57446700
vt 0.21904100 0.54732198
vt 0.22648200 0.54732198
vt 0.22694699 0.57446700
vt 0.22276101 0.54732198
vt 0.23020300 0.54732198
vt 0.21842100 0.60161102
vt 0.21160001 0.60161102
vt 0.21160001 0.58351499
vt 0.23206300 0.60161102
vt 0.22524200 0.60161102
vt 0.23206300 0.57446700
vt 0.23392300 0.54732198
vt 0.23764400 0.54732198
vt 0.23717900 0.57446700
vt 0.24136400 0.54732198
vt 0.24880500 0.54732198
vt 0.24741000 0.57446700
vt 0.24508500 0.54732198
vt 0.25252599 0.54732198
vt 0.25252599 0.56541902
vt 0.24229400 0.57446700
vt 0.23888400 0.60161102
vt 0.24570499 0.60161102
vt 0.25252599 0.60161102
vt 0.25252599 0.58351499
vt 0.00000000 0.45005301
vt 0.11367000 0.48624599
vt 0.00000000 0.46814999
vt 0.07578000 0.48624599
vt 0.03789000 0.48624599
vt 0.00000000 0.48624599
vt 0.00000000 0.43195701
vt 0.22734100 0.43195701
vt 0.22734100 0.45005301
vt 0.22734100 0.46814999
vt 0.15156101 0.48624599
vt 0.22734100 0.48624599
vt 0.18945099 0.48624599
vt 0.75741798 0.63826603
vt 0.75542098 0.63826603
vt 0.75542098 0.58143097
vt 0.75741798 0.69510198
vt 0.75542098 0.69510198
vt 0.75941598 0.63826603
vt 0.75741798 0.58143097
vt 0.75941598 0.69510198
vt 0.75608701 0.52459598
vt 0.75342298 0.56248599
vt 0.75342298 0.52459598
vt 0.75342298 0.60037601
vt 0.75875002 0.52459598
vt 0.75342298 0.67615700
vt 0.75342298 0.63826603
vt 0.75342298 0.71404701
vt 0.75608701 0.75193697
vt 0.75342298 0.75193697
vt 0.76141399 0.56248599
vt 0.75941598 0.58143097
vt 0.76141399 0.52459598
vt 0.76141399 0.60037601
vt 0.75875002 0.75193697
vt 0.76141399 0.71404701
vt 0.76141399 0.67615700
vt 0.76141399 0.75193697
vt 0.63076103 0.44545701
vt 0.62574601 0.44545701
vt 0.62574601 0.44334501
vt 0.63076103 0.44756901
vt 0.62574601 0.44756901
vt 0.63577598 0.44545701
vt 0.63577598 0.44334501
vt 0.63577598 0.44756901
vt 0.64079100 0.44545701
vt 0.64079100 0.44756901
vt 0.64580601 0.44545701
vt 0.64079100 0.44334501
vt 0.64580601 0.44756901
vt 0.65082097 0.44545701
vt 0.65082097 0.44334501
vt 0.65082097 0.44756901
vt 0.65583497 0.44545701
vt 0.65583497 0.44334501
vt 0.65583497 0.44756901
vt 0.61966997 0.44400200
vt 0.61966997 0.44123301
vt 0.62412697 0.44123301
vt 0.62858498 0.44123301
vt 0.63304299 0.44123301
vt 0.63749999 0.44123301
vt 0.63076103 0.44334501
vt 0.61966997 0.44677100
vt 0.61966997 0.44953999
vt 0.62331700 0.44953999
vt 0.62696397 0.44953999
vt 0.63061100 0.44953999
vt 0.63425797 0.44953999
vt 0.63790601 0.44953999
vt 0.64195800 0.44123301
vt 0.64641601 0.44123301
vt 0.64580601 0.44334501
vt 0.65087301 0.44123301
vt 0.65533102 0.44123301
vt 0.65978801 0.44123301
vt 0.65978801 0.44400200
vt 0.65978801 0.44677100
vt 0.64155298 0.44953999
vt 0.64884698 0.44953999
vt 0.64520001 0.44953999
vt 0.65978801 0.44953999
vt 0.65249401 0.44953999
vt 0.65614098 0.44953999
vt 0.19509301 0.31325099
vt 0.21318901 0.31325099
vt 0.21318901 0.31710500
vt 0.18604399 0.31854999
vt 0.21318901 0.32095900
vt 0.21318901 0.32866600
vt 0.18604399 0.32914799
vt 0.21318901 0.32481200
vt 0.21318901 0.33252001
vt 0.15889999 0.31325099
vt 0.17699599 0.31325099
vt 0.15889999 0.32031599
vt 0.15889999 0.33444700
vt 0.15889999 0.32738200
vt 0.18604399 0.33444700
vt 0.21318901 0.33637300
vt 0.21318901 0.34022701
vt 0.18604399 0.33974499
vt 0.21318901 0.34408101
vt 0.21318901 0.35178801
vt 0.18604399 0.35034299
vt 0.21318901 0.34793499
vt 0.21318901 0.35564199
vt 0.19509301 0.35564199
vt 0.18604399 0.34504399
vt 0.15889999 0.34151199
vt 0.15889999 0.34857699
vt 0.15889999 0.35564199
vt 0.17699599 0.35564199
vt 0.03521600 0.49663499
vt 0.05282400 0.49663499
vt 0.05282400 0.50204802
vt 0.00000000 0.64819503
vt 0.01760800 0.49663499
vt 0.00000000 0.54715502
vt 0.00000000 0.49663499
vt 0.00000000 0.59767503
vt 0.05282400 0.79434299
vt 0.03521600 0.79975599
vt 0.05282400 0.79975599
vt 0.01760800 0.79975599
vt 0.00000000 0.69871598
vt 0.00000000 0.79975599
vt 0.00000000 0.74923599
vt 0.78606200 0.56426698
vt 0.78406501 0.56426698
vt 0.78406501 0.48848599
vt 0.78606200 0.64004701
vt 0.78406501 0.64004701
vt 0.78806001 0.56426698
vt 0.78606200 0.48848599
vt 0.78806001 0.64004701
vt 0.78473097 0.41270599
vt 0.78206700 0.46322599
vt 0.78206700 0.41270599
vt 0.78206700 0.51374602
vt 0.78739399 0.41270599
vt 0.78206700 0.61478698
vt 0.78206700 0.56426698
vt 0.78206700 0.66530699
vt 0.78206700 0.71582699
vt 0.78473097 0.71582699
vt 0.79005802 0.46322599
vt 0.78806001 0.48848599
vt 0.79005802 0.41270599
vt 0.79005802 0.51374602
vt 0.78739399 0.71582699
vt 0.79005802 0.66530699
vt 0.79005802 0.61478698
vt 0.79005802 0.71582699
vt 0.63076103 0.43119299
vt 0.62574601 0.43119299
vt 0.63076103 0.42908099
vt 0.63076103 0.43330500
vt 0.62574601 0.43330500
vt 0.63577598 0.43119299
vt 0.63577598 0.42908099
vt 0.63577598 0.43330500
vt 0.64079100 0.43119299
vt 0.64079100 0.43330500
vt 0.64580601 0.43119299
vt 0.64079100 0.42908099
vt 0.64580601 0.43330500
vt 0.65082097 0.43119299
vt 0.65082097 0.42908099
vt 0.65082097 0.43330500
vt 0.65583497 0.43119299
vt 0.65583497 0.43330500
vt 0.61966997 0.42973900
vt 0.61966997 0.42697001
vt 0.62412697 0.42697001
vt 0.62574601 0.42908099
vt 0.62858498 0.42697001
vt 0.63304299 0.42697001
vt 0.63749999 0.42697001
vt 0.61966997 0.43250701
vt 0.61966997 0.43527600
vt 0.62331700 0.43527600
vt 0.62696397 0.43527600
vt 0.63061100 0.43527600
vt 0.63425797 0.43527600
vt 0.63790601 0.43527600
vt 0.64195800 0.42697001
vt 0.64641601 0.42697001
vt 0.64580601 0.42908099
vt 0.65087301 0.42697001
vt 0.65533102 0.42697001
vt 0.65583497 0.42908099
vt 0.65978801 0.42697001
vt 0.65978801 0.42973900
vt 0.65978801 0.43250701
vt 0.64155298 0.43527600
vt 0.64884698 0.43527600
vt 0.64520001 0.43527600
vt 0.65978801 0.43527600
vt 0.65249401 0.43527600
vt 0.65614098 0.43527600
vt 0.11119900 0.31325099
vt 0.12929501 0.31325099
vt 0.12929501 0.31710500
vt 0.10215100 0.31854999
vt 0.12929501 0.32095900
vt 0.12929501 0.32866600
vt 0.10215100 0.32914799
vt 0.12929501 0.32481200
vt 0.12929501 0.33252001
vt 0.07500600 0.32031599
vt 0.07500600 0.31325099
vt 0.09310200 0.31325099
vt 0.07500600 0.33444700
vt 0.07500600 0.32738200
vt 0.10215100 0.33444700
vt 0.12929501 0.33637300
vt 0.12929501 0.34022701
vt 0.10215100 0.33974499
vt 0.12929501 0.34408101
vt 0.12929501 0.35178801
vt 0.10215100 0.35034299
vt 0.12929501 0.34793499
vt 0.12929501 0.35564199
vt 0.11119900 0.35564199
vt 0.10215100 0.34504399
vt 0.07500600 0.34151199
vt 0.07500600 0.34857699
vt 0.07500600 0.35564199
vt 0.09310200 0.35564199
vt 0.00000000 0.38537601
vt 0.11367000 0.42156899
vt 0.00000000 0.40347201
vt 0.07578000 0.42156899
vt 0.03789000 0.42156899
vt 0.00000000 0.42156899
vt 0.00000000 0.36728001
vt 0.22734100 0.36728001
vt 0.22734100 0.38537601
vt 0.22734100 0.40347201
vt 0.15156101 0.42156899
vt 0.22734100 0.42156899
vt 0.18945099 0.42156899
vt 0.94208801 0.59457898
vt 0.94009101 0.59457898
vt 0.94009101 0.53774399
vt 0.94208801 0.65141398
vt 0.94009101 0.65141398
vt 0.94408602 0.59457898
vt 0.94208801 0.53774399
vt 0.94408602 0.65141398
vt 0.94075698 0.48090899
vt 0.93809301 0.51879901
vt 0.93809301 0.48090899
vt 0.93809301 0.55668902
vt 0.94341999 0.48090899
vt 0.93809301 0.63246900
vt 0.93809301 0.59457898
vt 0.93809301 0.67035902
vt 0.94075698 0.70824999
vt 0.93809301 0.70824999
vt 0.94608402 0.51879901
vt 0.94408602 0.53774399
vt 0.94608402 0.48090899
vt 0.94608402 0.55668902
vt 0.94341999 0.70824999
vt 0.94608402 0.67035902
vt 0.94608402 0.63246900
vt 0.94608402 0.70824999
vt 0.69191098 0.41317099
vt 0.69191098 0.41343600
vt 0.69425303 0.41343600
vt 0.69688702 0.41330299
vt 0.69893599 0.41317099
vt 0.69659400 0.41317099
vt 0.70186400 0.41330299
vt 0.70127797 0.41317099
vt 0.69425303 0.41317099
vt 0.70362002 0.41317099
vt 0.70596200 0.41317099
vt 0.70683998 0.41330299
vt 0.70830399 0.41317099
vt 0.70435202 0.41330299
vt 0.71064597 0.41317099
vt 0.71181703 0.41330299
vt 0.69893599 0.41343600
vt 0.69659400 0.41343600
vt 0.70362002 0.41343600
vt 0.70596200 0.41343600
vt 0.70830399 0.41343600
vt 0.71064597 0.41343600
vt 0.71298802 0.41343600
vt 0.71298802 0.41317099
vt 0.71679300 0.41330299
vt 0.71533000 0.41317099
vt 0.71928197 0.41330299
vt 0.72001398 0.41317099
vt 0.71767199 0.41317099
vt 0.71767199 0.41343600
vt 0.71533000 0.41343600
vt 0.72176999 0.41330299
vt 0.72235501 0.41317099
vt 0.72469699 0.41317099
vt 0.72425801 0.41330299
vt 0.72674698 0.41330299
vt 0.72938102 0.41317099
vt 0.72703898 0.41317099
vt 0.72938102 0.41343600
vt 0.73172301 0.41343600
vt 0.72001398 0.41343600
vt 0.72235501 0.41343600
vt 0.72469699 0.41343600
vt 0.72703898 0.41343600
vt 0.69191098 0.41270599
vt 0.69191098 0.41297099
vt 0.69425303 0.41297099
vt 0.69688702 0.41283801
vt 0.69893599 0.41270599
vt 0.69659400 0.41270599
vt 0.70186400 0.41283801
vt 0.70127797 0.41270599
vt 0.69425303 0.41270599
vt 0.70362002 0.41270599
vt 0.70596200 0.41270599
vt 0.70683998 0.41283801
vt 0.70830399 0.41270599
vt 0.70435202 0.41283801
vt 0.71064597 0.41270599
vt 0.71181703 0.41283801
vt 0.69893599 0.41297099
vt 0.69659400 0.41297099
vt 0.70362002 0.41297099
vt 0.70596200 0.41297099
vt 0.70830399 0.41297099
vt 0.71064597 0.41297099
vt 0.71298802 0.41297099
vt 0.71298802 0.41270599
vt 0.71679300 0.41283801
vt 0.71533000 0.41270599
vt 0.71928197 0.41283801
vt 0.72001398 0.41270599
vt 0.71767199 0.41270599
vt 0.71767199 0.41297099
vt 0.71533000 0.41297099
vt 0.72176999 0.41283801
vt 0.72235501 0.41270599
vt 0.72469699 0.41270599
vt 0.72425801 0.41283801
vt 0.72674698 0.41283801
vt 0.72938102 0.41270599
vt 0.72703898 0.41270599
vt 0.72938102 0.41297099
vt 0.73172301 0.41297099
vt 0.72001398 0.41297099
vt 0.72235501 0.41297099
vt 0.72469699 0.41297099
vt 0.72703898 0.41297099
vt 0.69425303 0.41410100
vt 0.69191098 0.41410100
vt 0.69191098 0.41436601
vt 0.69688702 0.41423300
vt 0.69893599 0.41410100
vt 0.69659400 0.41410100
vt 0.70186400 0.41423300
vt 0.70127797 0.41410100
vt 0.69425303 0.41436601
vt 0.70362002 0.41410100
vt 0.70596200 0.41410100
vt 0.70683998 0.41423300
vt 0.70830399 0.41410100
vt 0.70435202 0.41423300
vt 0.71064597 0.41410100
vt 0.71181703 0.41423300
vt 0.69893599 0.41436601
vt 0.69659400 0.41436601
vt 0.70362002 0.41436601
vt 0.70596200 0.41436601
vt 0.70830399 0.41436601
vt 0.71064597 0.41436601
vt 0.71298802 0.41436601
vt 0.71298802 0.41410100
vt 0.71679300 0.41423300
vt 0.71533000 0.41410100
vt 0.71928197 0.41423300
vt 0.72001398 0.41410100
vt 0.71767199 0.41410100
vt 0.71767199 0.41436601
vt 0.71533000 0.41436601
vt 0.72176999 0.41423300
vt 0.72235501 0.41410100
vt 0.72469699 0.41410100
vt 0.72425801 0.41423300
vt 0.72674698 0.41423300
vt 0.72938102 0.41410100
vt 0.72703898 0.41410100
vt 0.72938102 0.41436601
vt 0.73172301 0.41436601
vt 0.72001398 0.41436601
vt 0.72235501 0.41436601
vt 0.72469699 0.41436601
vt 0.72703898 0.41436601
vt 0.47689399 0.24529400
vt 0.47005999 0.25382000
vt 0.47174901 0.24971300
vt 0.47070199 0.25169301
vt 0.47316301 0.24794801
vt 0.48604500 0.24449500
vt 0.47908300 0.24449500
vt 0.47689399 0.26675001
vt 0.47489801 0.24645799
vt 0.48604500 0.26754901
vt 0.47005999 0.25822401
vt 0.47070199 0.26035100
vt 0.47316301 0.26409599
vt 0.47174901 0.26233101
vt 0.46984300 0.25602201
vt 0.47489801 0.26558599
vt 0.47908300 0.26754901
vt 0.48139000 0.26795599
vt 0.48373699 0.26795599
vt 0.48139000 0.24408799
vt 0.48373699 0.24408799
vt 0.48823300 0.24529400
vt 0.49337900 0.24971300
vt 0.49022901 0.24645799
vt 0.49196401 0.24794801
vt 0.49442500 0.25169301
vt 0.49506700 0.25382000
vt 0.49022901 0.26558599
vt 0.48823300 0.26675001
vt 0.49506700 0.25822401
vt 0.49337900 0.26233101
vt 0.49196401 0.26409599
vt 0.49442500 0.26035100
vt 0.49528399 0.25602201
vt 0.47557801 0.34700099
vt 0.46652800 0.34016699
vt 0.47088701 0.34185499
vt 0.46878600 0.34080899
vt 0.47276101 0.34327000
vt 0.47685701 0.35384399
vt 0.45195600 0.34918901
vt 0.47434199 0.34500501
vt 0.47642601 0.34918901
vt 0.46185401 0.34016699
vt 0.46419099 0.33995000
vt 0.45749500 0.34185499
vt 0.45959601 0.34080899
vt 0.45403999 0.34500501
vt 0.45562199 0.34327000
vt 0.45280400 0.34700099
vt 0.45152500 0.35149699
vt 0.47685701 0.35149699
vt 0.47642601 0.35615200
vt 0.45959601 0.36453199
vt 0.47088701 0.36348501
vt 0.47557801 0.35834000
vt 0.47434199 0.36033601
vt 0.46878600 0.36453199
vt 0.46652800 0.36517400
vt 0.47276101 0.36207101
vt 0.45280400 0.35834000
vt 0.45562199 0.36207101
vt 0.45403999 0.36033601
vt 0.45195600 0.35615200
vt 0.45152500 0.35384399
vt 0.46419099 0.36539099
vt 0.46185401 0.36517400
vt 0.45749500 0.36348501
vt 0.72196001 0.46177000
vt 0.71857297 0.46567899
vt 0.71930897 0.46406701
vt 0.72365999 0.46127099
vt 0.72046900 0.46272799
vt 0.72365999 0.47359401
vt 0.71857297 0.46918601
vt 0.71832103 0.46743199
vt 0.71930897 0.47079799
vt 0.72196001 0.47309500
vt 0.72046900 0.47213700
vt 0.73051798 0.46567899
vt 0.72713101 0.46177000
vt 0.72862202 0.46272799
vt 0.72978199 0.46406701
vt 0.72978199 0.47079799
vt 0.72543103 0.47359401
vt 0.72713101 0.47309500
vt 0.72862202 0.47213700
vt 0.73051798 0.46918601
vt 0.73076999 0.46743199
vt 0.72543103 0.46127099
vt 0.65828001 0.76067197
vt 0.65319300 0.76507998
vt 0.65392900 0.76346803
vt 0.65657997 0.76117098
vt 0.65508997 0.76212901
vt 0.66175199 0.77249599
vt 0.65392900 0.77019900
vt 0.65294099 0.76683301
vt 0.65319300 0.76858699
vt 0.65657997 0.77249599
vt 0.65508997 0.77153802
vt 0.65828001 0.77299500
vt 0.66175199 0.76117098
vt 0.66440302 0.76346803
vt 0.66324300 0.76212901
vt 0.66513902 0.76507998
vt 0.66324300 0.77153802
vt 0.66440302 0.77019900
vt 0.66005200 0.77299500
vt 0.66513902 0.76858699
vt 0.66539103 0.76683301
vt 0.66005200 0.76067197
vt 0.69405901 0.47745001
vt 0.69216299 0.48040000
vt 0.69289899 0.47878900
vt 0.69725001 0.47599301
vt 0.69555002 0.47649199
vt 0.69216299 0.48390800
vt 0.70072103 0.47649199
vt 0.69289899 0.48552001
vt 0.69405901 0.48685899
vt 0.69191098 0.48215401
vt 0.69555002 0.48781601
vt 0.69902098 0.48831600
vt 0.69725001 0.48831600
vt 0.70410800 0.48040000
vt 0.70221198 0.47745001
vt 0.70337200 0.47878900
vt 0.70436001 0.48215401
vt 0.70221198 0.48685899
vt 0.70072103 0.48781601
vt 0.70337200 0.48552001
vt 0.70410800 0.48390800
vt 0.69902098 0.47599301
vt 0.63014299 0.76346803
vt 0.62915498 0.76683301
vt 0.62940699 0.76507998
vt 0.63626599 0.77299500
vt 0.63014299 0.77019900
vt 0.63130403 0.76212901
vt 0.62940699 0.76858699
vt 0.63626599 0.76067197
vt 0.63279402 0.76117098
vt 0.63130403 0.77153802
vt 0.63279402 0.77249599
vt 0.63449401 0.77299500
vt 0.63449401 0.76067197
vt 0.63796598 0.76117098
vt 0.64061701 0.76346803
vt 0.63945597 0.76212901
vt 0.64135301 0.76507998
vt 0.64160502 0.76683301
vt 0.63796598 0.77249599
vt 0.63945597 0.77153802
vt 0.64135301 0.76858699
vt 0.64061701 0.77019900
vt 0.65392900 0.81843102
vt 0.65294099 0.82179701
vt 0.65319300 0.82004303
vt 0.65828001 0.81563503
vt 0.65508997 0.81709200
vt 0.65657997 0.81613499
vt 0.66175199 0.82745898
vt 0.65319300 0.82355100
vt 0.65392900 0.82516199
vt 0.65508997 0.82650101
vt 0.65657997 0.82745898
vt 0.66005200 0.82795799
vt 0.66175199 0.81613499
vt 0.66440302 0.82516199
vt 0.66440302 0.81843102
vt 0.66324300 0.81709200
vt 0.66513902 0.82004303
vt 0.66539103 0.82179701
vt 0.66324300 0.82650101
vt 0.66513902 0.82355100
vt 0.66005200 0.81563503
vt 0.63014299 0.81866002
vt 0.62915498 0.82202500
vt 0.62940699 0.82027102
vt 0.63449401 0.81586403
vt 0.63130403 0.81732100
vt 0.63279402 0.81636298
vt 0.63014299 0.82539099
vt 0.63945597 0.81732100
vt 0.62940699 0.82377899
vt 0.63449401 0.82818699
vt 0.63279402 0.82768798
vt 0.63626599 0.82818699
vt 0.63130403 0.82673001
vt 0.63626599 0.81586403
vt 0.63796598 0.81636298
vt 0.64135301 0.82027102
vt 0.64061701 0.81866002
vt 0.64061701 0.82539099
vt 0.63945597 0.82673001
vt 0.63796598 0.82768798
vt 0.64135301 0.82377899
vt 0.64160502 0.82202500
vt 0.40759501 0.30130801
vt 0.74175698 0.52459598
vt 0.40759501 0.29742301
vt 0.70147800 0.41483000
vt 0.73256999 0.41483000
vt 0.70147800 0.41529500
vt 0.73256999 0.41529500
vt 0.70147800 0.41576001
vt 0.73256999 0.41576001
vt 0.70147800 0.41622499
vt 0.73256999 0.41622499
vt 0.79152203 0.64004701
vt 0.22242300 0.52075201
vt 0.30971101 0.29229599
vt 0.69191098 0.44173399
vt 0.70730001 0.43321899
vt 0.27052701 0.69888300
vt 0.70730001 0.42580599
vt 0.95643699 0.59457898
vt 0.63505900 0.42406201
vt 0.96116501 0.56426698
vt 0.63505900 0.41692999
vt 0.95170999 0.59457898
vt 0.00000000 0.16841801
vt 0.53241003 0.35895801
vt 0.49326399 0.33162799
vt 0.68689603 0.50223702
vt 0.49057400 0.11954900
vt 0.80983502 0.30410600
vt 0.79602098 0.00000000
vt 0.13739900 0.14625899
vt 0.21160001 0.53442502
vt 0.61966997 0.46976000
vt 0.26627001 0.52152801
vt 0.17961200 0.07187000
vt 0.26636600 0.54732198
vt 0.41248801 0.32448801
vt 0.62452698 0.52089500
vt 0.63203400 0.51602298
vt 0.63424200 0.52089500
vt 0.65980899 0.49887899
vt 0.62452698 0.51232302
vt 0.63203400 0.50745100
vt 0.43851301 0.35063601
vt 0.24661499 0.50666600
vt 0.65980899 0.49030599
vt 0.21160001 0.50149202
vt 0.21647200 0.50899899
vt 0.21160001 0.51120698
vt 0.43851301 0.32448801
vt 0.99853498 0.43689701
vt 0.65980899 0.51602298
vt 0.21701200 0.50149202
vt 0.22188300 0.50899899
vt 0.21701200 0.51120698
vt 0.41248801 0.35063601
vt 0.98896801 0.43689701
vt 0.65980899 0.50745100
vt 0.62452698 0.50375003
vt 0.63424200 0.50375003
vt 0.58748198 0.34872100
vt 0.97940099 0.43689701
vt 0.39212900 0.30597100
vt 0.62452698 0.49517801
vt 0.63203400 0.49030599
vt 0.63424200 0.49517801
vt 0.52285802 0.34872100
vt 0.70127797 0.41390100
vt 0.73172301 0.41363600
vt 0.26084799 0.69888300
vt 0.76141399 0.63826603
vt 0.79005802 0.56426698
vt 0.94608402 0.59457898
vt 0.70127797 0.41343600
vt 0.73172301 0.41317099
vt 0.70127797 0.41297099
vt 0.73172301 0.41270599
vt 0.70127797 0.41436601
vt 0.73172301 0.41410100
vt 0.65828001 0.82795799
f 1/1 2/2 3/3
f 4/4 1/1 3/3
f 5/5 6/6 2/2
f 7/7 5/5 1/1
f 8/8 9/9 10/10
f 11/11 9/9 8/8
f 2/2 12/12 13/13
f 9/9 11/11 13/13
f 3/3 11/11 8/8
f 14/14 15/15 16/16
f 17/17 16/16 15/15
f 16/16 17/17 3/3
f 17/17 18/18 4/4
f 15/15 18/18 17/17
f 3/3 8/8 16/16
f 6/6 19/19 2/2
f 20/20 19/19 6/6
f 21/21 22/22 20/20
f 6/6 21/21 20/20
f 21/21 6/6 5/5
f 4/4 23/23 24/24
f 25/25 26/26 7/7
f 5/5 7/7 26/26
f 26/26 25/25 27/27
f 24/24 25/25 7/7
f 26/26 21/21 5/5
f 28/28 29/29 30/30
f 31/31 28/28 30/30
f 32/32 33/33 29/29
f 34/34 32/32 28/28
f 35/35 36/36 37/37
f 38/38 36/36 35/35
f 29/29 39/39 40/40
f 36/36 38/38 40/40
f 30/30 38/38 35/35
f 41/41 42/42 43/43
f 44/44 43/43 42/42
f 43/43 44/44 30/30
f 44/44 45/45 31/31
f 42/42 45/45 44/44
f 30/30 35/35 43/43
f 33/33 46/46 29/29
f 47/47 46/46 33/33
f 48/48 49/49 47/47
f 33/33 48/48 47/47
f 48/48 33/33 32/32
f 31/31 50/50 51/51
f 52/52 53/53 34/34
f 32/32 34/34 53/53
f 53/53 52/52 54/54
f 51/51 52/52 34/34
f 53/53 48/48 32/32
f 55/55 56/56 57/57
f 58/58 55/55 59/59
f 60/60 61/61 56/56
f 62/62 60/60 58/58
f 63/63 64/64 65/65
f 66/66 64/64 63/63
f 56/56 67/67 68/68
f 64/64 66/66 68/68
f 57/57 66/66 63/63
f 69/69 70/70 71/71
f 59/59 71/71 70/70
f 71/71 59/59 57/57
f 59/59 72/72 58/58
f 70/70 72/72 59/59
f 57/57 63/63 71/71
f 61/61 73/73 56/56
f 74/74 73/73 61/61
f 75/75 76/76 74/74
f 61/61 75/75 74/74
f 75/75 61/61 60/60
f 58/58 77/77 78/78
f 79/79 80/80 62/62
f 60/60 62/62 80/80
f 80/80 79/79 81/81
f 78/78 79/79 62/62
f 80/80 75/75 60/60
f 82/82 83/83 84/84
f 85/85 82/82 86/86
f 87/87 88/88 82/82
f 89/89 87/87 85/85
f 90/90 91/91 92/92
f 93/93 91/91 90/90
f 83/83 94/94 95/95
f 91/91 93/93 95/95
f 84/84 93/93 90/90
f 96/96 97/97 98/98
f 86/86 98/98 97/97
f 98/98 86/86 84/84
f 86/86 99/99 85/85
f 97/97 99/99 86/86
f 84/84 90/90 98/98
f 88/88 100/100 83/83
f 101/101 100/100 88/88
f 102/102 103/103 101/101
f 88/88 102/102 101/101
f 102/102 88/88 87/87
f 85/85 104/104 105/105
f 106/106 107/107 89/89
f 87/87 89/89 107/107
f 107/107 106/106 108/108
f 105/105 106/106 89/89
f 107/107 102/102 87/87
f 109/109 110/110 111/111
f 112/112 109/109 113/113
f 114/114 115/115 110/110
f 116/116 114/114 109/109
f 117/117 118/118 119/119
f 120/120 118/118 117/117
f 110/110 121/121 122/122
f 118/118 120/120 122/122
f 111/111 120/120 117/117
f 123/123 124/124 125/125
f 113/113 125/125 124/124
f 125/125 113/113 111/111
f 113/113 126/126 112/112
f 124/124 126/126 113/113
f 111/111 117/117 125/125
f 115/115 127/127 110/110
f 128/128 127/127 115/115
f 129/129 130/130 128/128
f 115/115 129/129 128/128
f 129/129 115/115 114/114
f 112/112 131/131 132/132
f 133/133 134/134 116/116
f 114/114 116/116 134/134
f 134/134 133/133 135/135
f 132/132 133/133 116/116
f 134/134 129/129 114/114
f 136/136 137/137 138/138
f 139/139 136/136 140/140
f 141/141 142/142 137/137
f 143/143 141/141 136/136
f 144/144 145/145 146/146
f 147/147 145/145 144/144
f 137/137 148/148 149/149
f 145/145 147/147 149/149
f 138/138 147/147 144/144
f 150/150 151/151 152/152
f 140/140 152/152 151/151
f 152/152 140/140 138/138
f 140/140 153/153 139/139
f 151/151 153/153 140/140
f 138/138 144/144 152/152
f 142/142 154/154 137/137
f 155/155 154/154 142/142
f 156/156 157/157 155/155
f 142/142 156/156 155/155
f 156/156 142/142 141/141
f 139/139 158/158 159/159
f 160/160 161/161 143/143
f 141/141 143/143 161/161
f 161/161 160/160 162/162
f 159/159 160/160 143/143
f 161/161 156/156 141/141
f 163/163 164/164 165/165
f 165/165 166/166 167/167
f 168/168 164/164 163/163
f 169/169 164/164 168/168
f 170/170 164/164 171/171
f 169/169 171/171 164/164
f 164/164 170/170 172/172
f 164/164 172/172 173/173
f 174/174 164/164 173/173
f 167/167 175/175 176/176
f 167/167 166/166 175/175
f 177/177 176/176 175/175
f 175/175 178/178 179/179
f 174/174 180/180 175/175
f 178/178 175/175 180/180
f 164/164 174/174 175/175
f 175/175 179/179 177/177
f 181/181 182/182 183/183
f 184/184 185/185 181/181
f 183/183 182/182 186/186
f 185/185 182/182 181/181
f 187/187 188/188 189/189
f 190/190 191/191 188/188
f 192/192 187/187 193/193
f 194/194 190/190 187/187
f 189/189 195/195 196/196
f 189/189 197/197 195/195
f 189/189 188/188 197/197
f 189/189 198/198 193/193
f 198/198 189/189 196/196
f 191/191 199/199 200/200
f 191/191 201/201 199/199
f 202/202 201/201 191/191
f 188/188 191/191 200/200
f 203/203 204/204 198/198
f 192/192 204/204 205/205
f 204/204 203/203 206/206
f 204/204 206/206 205/205
f 194/194 207/207 202/202
f 194/194 202/202 190/190
f 208/208 209/209 192/192
f 209/209 194/194 192/192
f 194/194 209/209 210/210
f 194/194 210/210 207/207
f 204/204 193/193 198/198
f 211/211 212/212 213/213
f 214/214 213/213 215/215
f 216/216 217/217 215/215
f 218/218 219/219 220/220
f 221/221 220/220 222/222
f 218/218 216/216 223/223
f 224/224 225/225 226/226
f 227/227 228/228 225/225
f 229/229 224/224 230/230
f 231/231 227/227 224/224
f 226/226 232/232 233/233
f 226/226 234/234 232/232
f 226/226 225/225 234/234
f 226/226 235/235 230/230
f 235/235 226/226 233/233
f 228/228 236/236 237/237
f 228/228 238/238 236/236
f 239/239 238/238 228/228
f 225/225 228/228 237/237
f 240/240 241/241 235/235
f 229/229 241/241 242/242
f 241/241 240/240 243/243
f 241/241 243/243 242/242
f 231/231 244/244 239/239
f 231/231 239/239 227/227
f 245/245 246/246 229/229
f 246/246 231/231 229/229
f 231/231 246/246 247/247
f 231/231 247/247 244/244
f 241/241 230/230 235/235
f 248/248 249/249 250/250
f 251/251 250/250 249/249
f 252/252 251/251 253/253
f 250/250 251/251 252/252
f 254/254 255/255 256/256
f 255/255 254/254 257/257
f 257/257 254/254 258/258
f 259/259 260/260 261/261
f 260/260 255/255 262/262
f 259/259 263/263 264/264
f 265/265 264/264 266/266
f 267/267 265/265 268/268
f 269/269 270/270 271/271
f 272/272 273/273 274/274
f 273/273 269/269 275/275
f 270/270 267/267 276/276
f 277/277 272/272 278/278
f 263/263 259/259 261/261
f 262/262 261/261 260/260
f 264/264 279/279 266/266
f 265/265 266/266 268/268
f 264/264 263/263 279/279
f 262/262 255/255 257/257
f 270/270 280/280 271/271
f 269/269 271/271 275/275
f 280/280 270/270 276/276
f 274/274 273/273 281/281
f 272/272 274/274 282/282
f 281/281 273/273 275/275
f 276/276 267/267 268/268
f 282/282 278/278 272/272
f 278/278 283/283 277/277
f 284/284 285/285 286/286
f 287/287 284/284 288/288
f 289/289 290/290 291/291
f 292/292 293/293 294/294
f 293/293 289/289 295/295
f 290/290 287/287 296/296
f 297/297 298/298 299/299
f 300/300 297/297 301/301
f 302/302 303/303 300/300
f 304/304 300/300 303/303
f 302/302 305/305 303/303
f 306/306 298/298 292/292
f 301/301 302/302 300/300
f 307/307 288/288 284/284
f 284/284 286/286 307/307
f 283/283 308/308 277/277
f 309/309 285/285 308/308
f 285/285 309/309 286/286
f 288/288 296/296 287/287
f 294/294 310/310 292/292
f 306/306 292/292 310/310
f 294/294 293/293 295/295
f 296/296 311/311 290/290
f 311/311 291/291 290/290
f 295/295 289/289 291/291
f 306/306 299/299 298/298
f 299/299 301/301 297/297
f 285/285 277/277 308/308
f 312/312 313/313 314/314
f 312/312 314/314 315/315
f 316/316 315/315 314/314
f 317/317 313/313 312/312
f 318/318 319/319 320/320
f 318/318 321/321 317/317
f 313/313 317/317 321/321
f 320/320 321/321 318/318
f 322/322 319/319 318/318
f 323/323 324/324 325/325
f 326/326 327/327 328/328
f 323/323 326/326 329/329
f 330/330 331/331 327/327
f 324/324 315/315 316/316
f 326/326 328/328 329/329
f 327/327 331/331 328/328
f 329/329 324/324 323/323
f 331/331 330/330 332/332
f 325/325 324/324 316/316
f 333/333 334/334 335/335
f 334/334 333/333 336/336
f 335/335 322/322 333/333
f 322/322 335/335 319/319
f 337/337 334/334 336/336
f 338/338 337/337 336/336
f 339/339 338/338 340/340
f 339/339 341/341 342/342
f 343/343 342/342 344/344
f 338/338 336/336 340/340
f 341/341 344/344 342/342
f 345/345 346/346 347/347
f 343/343 346/346 348/348
f 344/344 346/346 343/343
f 345/345 348/348 346/346
f 349/349 350/350 351/351
f 347/347 350/350 345/345
f 351/351 352/352 349/349
f 347/347 351/351 350/350
f 340/340 341/341 339/339
f 353/353 354/354 332/332
f 355/355 356/356 353/353
f 357/357 358/358 355/355
f 353/353 356/356 354/354
f 358/358 359/359 360/360
f 360/360 361/361 362/362
f 358/358 356/356 355/355
f 357/357 359/359 358/358
f 362/362 361/361 363/363
f 359/359 361/361 360/360
f 364/364 363/363 365/365
f 363/363 364/364 362/362
f 366/366 364/364 365/365
f 367/367 368/368 366/366
f 368/368 367/367 369/369
f 370/370 367/367 366/366
f 370/370 366/366 365/365
f 371/371 368/368 369/369
f 372/372 352/352 373/373
f 374/374 375/375 376/376
f 377/377 378/378 376/376
f 379/379 373/373 378/378
f 372/372 380/380 352/352
f 379/379 378/378 377/377
f 379/379 372/372 373/373
f 376/376 375/375 377/377
f 374/374 376/376 381/381
f 349/349 352/352 380/380
f 382/382 383/383 384/384
f 382/382 385/385 386/386
f 369/369 385/385 371/371
f 371/371 385/385 382/382
f 386/386 383/383 382/382
f 387/387 388/388 381/381
f 374/374 381/381 388/388
f 388/388 387/387 389/389
f 389/389 387/387 384/384
f 389/389 384/384 383/383
f 332/332 354/354 331/331
f 390/390 391/391 392/392
f 393/393 394/394 395/395
f 396/396 397/397 394/394
f 398/398 393/393 395/395
f 393/393 398/398 392/392
f 397/397 396/396 399/399
f 400/400 401/401 402/402
f 399/399 403/403 400/400
f 404/404 402/402 405/405
f 393/393 406/406 396/396
f 407/407 393/393 392/392
f 408/408 403/403 396/396
f 407/407 406/406 393/393
f 403/403 408/408 409/409
f 402/402 401/401 405/405
f 401/401 410/410 405/405
f 401/401 409/409 410/410
f 411/411 412/412 405/405
f 405/405 413/413 404/404
f 414/414 415/415 405/405
f 416/416 417/417 418/418
f 415/415 414/414 418/418
f 414/414 419/419 416/416
f 405/405 412/412 420/420
f 421/421 422/422 417/417
f 423/423 424/424 425/425
f 426/426 427/427 425/425
f 422/422 421/421 424/424
f 428/428 426/426 429/429
f 416/416 430/430 421/421
f 420/420 419/419 414/414
f 421/421 431/431 424/424
f 424/424 432/432 425/425
f 425/425 433/433 429/429
f 426/426 425/425 429/429
f 434/434 435/435 436/436
f 437/437 438/438 439/439
f 440/440 441/441 438/438
f 442/442 437/437 439/439
f 437/437 442/442 436/436
f 441/441 440/440 443/443
f 444/444 445/445 446/446
f 443/443 447/447 444/444
f 448/448 446/446 449/449
f 437/437 450/450 440/440
f 451/451 437/437 436/436
f 452/452 447/447 440/440
f 451/451 450/450 437/437
f 447/447 452/452 453/453
f 446/446 445/445 449/449
f 445/445 454/454 449/449
f 445/445 453/453 454/454
f 455/455 456/456 449/449
f 449/449 457/457 448/448
f 458/458 459/459 449/449
f 460/460 461/461 462/462
f 459/459 458/458 462/462
f 458/458 463/463 460/460
f 449/449 456/456 464/464
f 465/465 466/466 461/461
f 467/467 468/468 469/469
f 470/470 471/471 469/469
f 466/466 465/465 468/468
f 472/472 470/470 473/473
f 460/460 474/474 465/465
f 464/464 463/463 458/458
f 465/465 475/475 468/468
f 468/468 476/476 469/469
f 469/469 477/477 473/473
f 470/470 469/469 473/473
f 478/478 479/479 480/480
f 481/481 479/479 478/478
f 482/482 483/483 484/484
f 485/485 482/482 479/479
f 486/486 484/484 487/487
f 486/486 488/488 489/489
f 490/490 491/491 492/492
f 493/493 490/490 494/494
f 495/495 496/496 497/497
f 498/498 499/499 500/500
f 495/495 500/500 499/499
f 501/501 496/496 493/493
f 502/502 491/491 489/489
f 503/503 500/500 495/495
f 486/486 487/487 504/504
f 486/486 504/504 488/488
f 478/478 505/505 481/481
f 482/482 485/485 483/483
f 485/485 479/479 481/481
f 484/484 483/483 487/487
f 496/496 501/501 506/506
f 495/495 497/497 503/503
f 497/497 496/496 506/506
f 491/491 502/502 492/492
f 490/490 507/507 494/494
f 507/507 490/490 492/492
f 493/493 494/494 501/501
f 502/502 489/489 488/488
f 508/508 509/509 510/510
f 511/511 509/509 512/512
f 498/498 510/510 499/499
f 513/513 514/514 515/515
f 514/514 511/511 516/516
f 513/513 517/517 518/518
f 509/509 499/499 510/510
f 519/519 520/520 521/521
f 522/522 519/519 523/523
f 524/524 525/525 526/526
f 524/524 527/527 528/528
f 529/529 525/525 522/522
f 520/520 518/518 530/530
f 524/524 531/531 527/527
f 509/509 508/508 512/512
f 511/511 512/512 532/532
f 514/514 516/516 515/515
f 513/513 533/533 517/517
f 533/533 513/513 515/515
f 516/516 511/511 532/532
f 520/520 530/530 521/521
f 519/519 534/534 523/523
f 534/534 519/519 521/521
f 525/525 529/529 526/526
f 527/527 531/531 535/535
f 531/531 524/524 526/526
f 529/529 522/522 523/523
f 530/530 518/518 517/517
f 536/536 537/537 538/538
f 537/537 536/536 539/539
f 539/539 536/536 540/540
f 541/541 542/542 543/543
f 542/542 537/537 544/544
f 541/541 545/545 546/546
f 547/547 546/546 548/548
f 549/549 547/547 550/550
f 551/551 552/552 553/553
f 554/554 555/555 556/556
f 555/555 551/551 557/557
f 552/552 549/549 558/558
f 559/559 554/554 560/560
f 545/545 541/541 543/543
f 544/544 543/543 542/542
f 546/546 561/561 548/548
f 547/547 548/548 550/550
f 546/546 545/545 561/561
f 544/544 537/537 539/539
f 552/552 562/562 553/553
f 551/551 553/553 557/557
f 562/562 552/552 558/558
f 556/556 555/555 563/563
f 554/554 556/556 564/564
f 563/563 555/555 557/557
f 558/558 549/549 550/550
f 564/564 560/560 554/554
f 560/560 565/565 559/559
f 566/566 567/567 568/568
f 569/569 566/566 570/570
f 571/571 572/572 573/573
f 574/574 575/575 576/576
f 575/575 571/571 577/577
f 572/572 569/569 578/578
f 579/579 580/580 581/581
f 582/582 579/579 583/583
f 584/584 585/585 582/582
f 586/586 582/582 585/585
f 584/584 587/587 585/585
f 588/588 580/580 574/574
f 583/583 584/584 582/582
f 589/589 570/570 566/566
f 566/566 568/568 589/589
f 565/565 590/590 559/559
f 591/591 567/567 590/590
f 567/567 591/591 568/568
f 570/570 578/578 569/569
f 576/576 592/592 574/574
f 588/588 574/574 592/592
f 576/576 575/575 577/577
f 578/578 593/593 572/572
f 593/593 573/573 572/572
f 577/577 571/571 573/573
f 588/588 581/581 580/580
f 581/581 583/583 579/579
f 567/567 559/559 590/590
f 594/594 595/595 596/596
f 597/597 595/595 594/594
f 598/598 597/597 599/599
f 600/600 601/601 602/602
f 600/600 603/603 596/596
f 594/594 596/596 603/603
f 602/602 603/603 600/600
f 604/604 601/601 600/600
f 605/605 599/599 606/606
f 607/607 608/608 609/609
f 610/610 611/611 612/612
f 613/613 610/610 612/612
f 614/614 607/607 611/611
f 611/611 610/610 614/614
f 598/598 595/595 597/597
f 609/609 608/608 605/605
f 607/607 614/614 608/608
f 598/598 599/599 605/605
f 605/605 606/606 609/609
f 615/615 616/616 617/617
f 617/617 604/604 615/615
f 616/616 615/615 618/618
f 604/604 617/617 601/601
f 619/619 616/616 618/618
f 620/620 619/619 618/618
f 621/621 622/622 623/623
f 624/624 622/622 620/620
f 621/621 625/625 626/626
f 620/620 618/618 624/624
f 623/623 625/625 621/621
f 627/627 628/628 629/629
f 626/626 628/628 630/630
f 625/625 628/628 626/626
f 627/627 630/630 628/628
f 631/631 632/632 633/633
f 629/629 632/632 627/627
f 633/633 634/634 631/631
f 629/629 633/633 632/632
f 624/624 623/623 622/622
f 635/635 636/636 613/613
f 637/637 638/638 635/635
f 639/639 640/640 637/637
f 635/635 638/638 636/636
f 640/640 641/641 642/642
f 642/642 643/643 644/644
f 640/640 638/638 637/637
f 639/639 641/641 640/640
f 644/644 643/643 645/645
f 641/641 643/643 642/642
f 646/646 645/645 647/647
f 645/645 646/646 644/644
f 648/648 646/646 647/647
f 649/649 650/650 648/648
f 650/650 649/649 651/651
f 652/652 649/649 648/648
f 652/652 648/648 647/647
f 653/653 650/650 651/651
f 654/654 655/655 656/656
f 657/657 658/658 659/659
f 660/660 661/661 659/659
f 661/661 656/656 659/659
f 631/631 634/634 662/662
f 663/663 662/662 634/634
f 634/634 655/655 663/663
f 663/663 655/655 654/654
f 654/654 656/656 661/661
f 664/664 657/657 665/665
f 666/666 667/667 668/668
f 666/666 669/669 670/670
f 651/651 669/669 653/653
f 653/653 669/669 666/666
f 670/670 667/667 666/666
f 660/660 659/659 658/658
f 665/665 671/671 664/664
f 658/658 657/657 664/664
f 668/668 667/667 671/671
f 665/665 668/668 671/671
f 613/613 636/636 610/610
f 672/672 673/673 674/674
f 675/675 676/676 677/677
f 678/678 679/679 676/676
f 680/680 675/675 677/677
f 675/675 680/680 674/674
f 679/679 678/678 681/681
f 682/682 683/683 684/684
f 681/681 685/685 682/682
f 686/686 684/684 687/687
f 675/675 688/688 678/678
f 689/689 675/675 674/674
f 690/690 685/685 678/678
f 689/689 688/688 675/675
f 685/685 690/690 691/691
f 684/684 683/683 687/687
f 683/683 692/692 687/687
f 683/683 691/691 692/692
f 693/693 694/694 687/687
f 687/687 695/695 686/686
f 696/696 697/697 687/687
f 698/698 699/699 700/700
f 697/697 696/696 700/700
f 696/696 701/701 698/698
f 687/687 694/694 702/702
f 703/703 704/704 699/699
f 705/705 706/706 707/707
f 708/708 709/709 707/707
f 704/704 703/703 706/706
f 710/710 708/708 711/711
f 698/698 712/712 703/703
f 702/702 701/701 696/696
f 703/703 713/713 706/706
f 706/706 714/714 707/707
f 707/707 715/715 711/711
f 708/708 707/707 711/711
f 716/716 717/717 718/718
f 719/719 720/720 721/721
f 722/722 723/723 720/720
f 716/716 719/719 721/721
f 719/719 716/716 724/724
f 723/723 722/722 725/725
f 726/726 727/727 728/728
f 725/725 729/729 726/726
f 730/730 728/728 731/731
f 719/719 732/732 722/722
f 733/733 719/719 724/724
f 734/734 729/729 722/722
f 733/733 732/732 719/719
f 729/729 734/734 735/735
f 728/728 727/727 731/731
f 727/727 736/736 731/731
f 727/727 735/735 736/736
f 737/737 738/738 731/731
f 731/731 739/739 730/730
f 740/740 741/741 731/731
f 742/742 743/743 744/744
f 741/741 740/740 744/744
f 740/740 745/745 742/742
f 731/731 738/738 746/746
f 747/747 748/748 743/743
f 749/749 750/750 751/751
f 752/752 753/753 751/751
f 748/748 747/747 750/750
f 754/754 752/752 755/755
f 742/742 756/756 747/747
f 746/746 745/745 740/740
f 747/747 757/757 750/750
f 750/750 758/758 751/751
f 751/751 759/759 755/755
f 752/752 751/751 755/755
f 760/760 761/761 762/762
f 763/763 761/761 760/760
f 764/764 765/765 766/766
f 767/767 764/764 761/761
f 768/768 766/766 769/769
f 768/768 770/770 771/771
f 772/772 773/773 774/774
f 775/775 772/772 776/776
f 777/777 778/778 779/779
f 780/780 781/781 782/782
f 777/777 782/782 781/781
f 783/783 778/778 775/775
f 784/784 773/773 771/771
f 785/785 782/782 777/777
f 768/768 769/769 786/786
f 768/768 786/786 770/770
f 760/760 787/787 763/763
f 764/764 767/767 765/765
f 767/767 761/761 763/763
f 766/766 765/765 769/769
f 778/778 783/783 788/788
f 777/777 779/779 785/785
f 779/779 778/778 788/788
f 773/773 784/784 774/774
f 772/772 789/789 776/776
f 789/789 772/772 774/774
f 775/775 776/776 783/783
f 784/784 771/771 770/770
f 790/790 791/791 792/792
f 793/793 791/791 794/794
f 780/780 792/792 781/781
f 795/795 796/796 797/797
f 796/796 793/793 798/798
f 795/795 799/799 800/800
f 791/791 781/781 792/792
f 801/801 802/802 803/803
f 804/804 801/801 805/805
f 806/806 807/807 808/808
f 806/806 809/809 810/810
f 811/811 807/807 804/804
f 802/802 800/800 812/812
f 806/806 813/813 809/809
f 791/791 790/790 794/794
f 793/793 794/794 814/814
f 796/796 798/798 797/797
f 795/795 815/815 799/799
f 815/815 795/795 797/797
f 798/798 793/793 814/814
f 802/802 812/812 803/803
f 801/801 816/816 805/805
f 816/816 801/801 803/803
f 807/807 811/811 808/808
f 809/809 813/813 817/817
f 813/813 806/806 808/808
f 811/811 804/804 805/805
f 812/812 800/800 799/799
f 818/818 819/819 820/820
f 818/818 821/821 819/819
f 822/822 823/823 824/824
f 822/822 825/825 823/823
f 824/824 821/821 818/818
f 826/826 827/827 824/824
f 826/826 828/828 829/829
f 822/822 830/830 825/825
f 822/822 824/824 827/827
f 826/826 824/824 818/818
f 831/831 832/832 833/833
f 834/834 833/833 835/835
f 836/836 837/837 838/838
f 839/839 840/840 841/841
f 836/836 838/838 839/839
f 834/834 835/835 837/837
f 842/842 831/831 834/834
f 834/834 831/831 833/833
f 834/834 843/843 842/842
f 843/843 834/834 844/844
f 845/845 846/846 836/836
f 836/836 834/834 837/837
f 846/846 844/844 834/834
f 840/840 847/847 841/841
f 848/848 849/849 847/847
f 850/850 851/851 848/848
f 852/852 853/853 854/854
f 852/852 855/855 856/856
f 850/850 854/854 851/851
f 856/856 853/853 852/852
f 857/857 849/849 851/851
f 848/848 851/851 849/849
f 857/857 845/845 849/849
f 857/857 851/851 858/858
f 858/858 853/853 859/859
f 856/856 859/859 853/853
f 859/859 860/860 858/858
f 851/851 853/853 858/858
f 861/861 862/862 863/863
f 864/864 863/863 862/862
f 862/862 861/861 865/865
f 866/866 862/862 865/865
f 867/867 868/868 869/869
f 862/862 870/870 864/864
f 862/862 867/867 870/870
f 868/868 867/867 862/862
f 862/862 866/866 871/871
f 872/872 873/873 874/874
f 875/875 862/862 871/871
f 876/876 877/877 878/878
f 879/879 880/880 881/881
f 882/882 883/883 880/880
f 884/884 878/878 883/883
f 872/872 874/874 877/877
f 873/873 875/875 871/871
f 885/885 868/868 886/886
f 887/887 886/886 868/868
f 868/868 885/885 888/888
f 889/889 890/890 891/891
f 868/868 892/892 887/887
f 868/868 893/893 892/892
f 868/868 889/889 893/893
f 890/890 889/889 868/868
f 894/894 895/895 896/896
f 897/897 898/898 899/899
f 900/900 896/896 898/898
f 901/901 902/902 903/903
f 904/904 905/905 906/906
f 907/907 908/908 905/905
f 909/909 903/903 908/908
f 910/910 899/899 902/902
f 868/868 888/888 869/869
f 911/911 881/881 895/895
f 883/883 882/882 884/884
f 877/877 876/876 872/872
f 878/878 884/884 876/876
f 896/896 912/912 894/894
f 881/881 911/911 879/879
f 895/895 894/894 911/911
f 879/879 882/882 880/880
f 875/875 913/913 914/914
f 915/915 875/875 916/916
f 914/914 916/916 875/875
f 913/913 875/875 873/873
f 875/875 915/915 917/917
f 918/918 875/875 919/919
f 875/875 920/920 919/919
f 875/875 917/917 920/920
f 921/921 918/918 919/919
f 872/872 913/913 873/873
f 899/899 910/910 897/897
f 898/898 897/897 900/900
f 906/906 922/922 904/904
f 903/903 909/909 901/901
f 908/908 907/907 909/909
f 905/905 904/904 907/907
f 901/901 910/910 902/902
f 918/918 923/923 924/924
f 925/925 918/918 926/926
f 924/924 926/926 918/918
f 927/927 923/923 918/918
f 918/918 925/925 928/928
f 929/929 918/918 930/930
f 918/918 931/931 930/930
f 918/918 928/928 931/931
f 932/932 929/929 930/930
f 921/921 927/927 918/918
f 900/900 912/912 896/896
f 922/922 906/906 933/933
f 934/934 935/935 890/890
f 891/891 890/890 935/935
f 890/890 936/936 934/934
f 936/936 890/890 937/937
f 890/890 938/938 937/937
f 939/939 940/940 941/941
f 940/940 939/939 938/938
f 942/942 941/941 940/940
f 943/943 944/944 945/945
f 946/946 947/947 948/948
f 948/948 944/944 949/949
f 950/950 951/951 952/952
f 953/953 954/954 951/951
f 952/952 955/955 956/956
f 957/957 945/945 954/954
f 938/938 890/890 940/940
f 906/906 947/947 933/933
f 958/958 959/959 960/960
f 958/958 961/961 962/962
f 962/962 959/959 958/958
f 940/940 958/958 960/960
f 963/963 964/964 958/958
f 958/958 964/964 961/961
f 965/965 963/963 958/958
f 940/940 960/960 942/942
f 940/940 890/890 966/966
f 967/967 968/968 969/969
f 970/970 971/971 972/972
f 972/972 968/968 967/967
f 958/958 973/973 965/965
f 974/974 967/967 975/975
f 967/967 976/976 975/975
f 967/967 974/974 973/973
f 967/967 969/969 976/976
f 958/958 967/967 973/973
f 977/977 955/955 971/971
f 946/946 933/933 947/947
f 943/943 949/949 944/944
f 946/946 948/948 949/949
f 953/953 957/957 954/954
f 978/978 950/950 952/952
f 956/956 978/978 952/952
f 953/953 951/951 950/950
f 943/943 945/945 957/957
f 929/929 979/979 980/980
f 932/932 981/981 929/929
f 979/979 929/929 981/981
f 929/929 980/980 982/982
f 983/983 984/984 985/985
f 929/929 986/986 985/985
f 929/929 982/982 986/986
f 929/929 985/985 984/984
f 987/987 984/984 983/983
f 970/970 977/977 971/971
f 967/967 988/988 989/989
f 989/989 970/970 967/967
f 990/990 991/991 967/967
f 988/988 967/967 991/991
f 967/967 992/992 990/990
f 992/992 993/993 994/994
f 993/993 992/992 967/967
f 977/977 956/956 955/955
f 993/993 995/995 996/996
f 984/984 997/997 998/998
f 998/998 995/995 993/993
f 993/993 999/999 1000/1000
f 993/993 984/984 998/998
f 1001/1001 929/929 984/984
f 993/993 1000/1000 994/994
f 993/993 996/996 999/999
f 997/997 984/984 987/987
f 970/970 972/972 967/967
f 1002/1002 1003/1003 1004/1004
f 1005/1005 1004/1004 1006/1006
f 1007/1007 1008/1008 1009/1009
f 1010/1010 1011/1011 1012/1012
f 1007/1007 1009/1009 1010/1010
f 1005/1005 1006/1006 1008/1008
f 1013/1013 1002/1002 1005/1005
f 1005/1005 1002/1002 1004/1004
f 1005/1005 1014/1014 1013/1013
f 1014/1014 1005/1005 1015/1015
f 1016/1016 1017/1017 1007/1007
f 1007/1007 1005/1005 1008/1008
f 1017/1017 1015/1015 1005/1005
f 1011/1011 1018/1018 1012/1012
f 1019/1019 1020/1020 1018/1018
f 1021/1021 1022/1022 1019/1019
f 1023/1023 1024/1024 1025/1025
f 1023/1023 1026/1026 1027/1027
f 1021/1021 1025/1025 1022/1022
f 1027/1027 1024/1024 1023/1023
f 1028/1028 1020/1020 1022/1022
f 1019/1019 1022/1022 1020/1020
f 1028/1028 1016/1016 1020/1020
f 1028/1028 1022/1022 1029/1029
f 1029/1029 1024/1024 1030/1030
f 1027/1027 1030/1030 1024/1024
f 1030/1030 1031/1031 1029/1029
f 1022/1022 1024/1024 1029/1029
f 1032/1032 1033/1033 1034/1034
f 1032/1032 1034/1034 1035/1035
f 1032/1032 1036/1036 1037/1037
f 1038/1038 1037/1037 1039/1039
f 1035/1035 1036/1036 1032/1032
f 1040/1040 1036/1036 1041/1041
f 1040/1040 1041/1041 1042/1042
f 1042/1042 1043/1043 1040/1040
f 1036/1036 1040/1040 1039/1039
f 1036/1036 1039/1039 1037/1037
f 1044/1044 1045/1045 1046/1046
f 1047/1047 1046/1046 1048/1048
f 1049/1049 1050/1050 1051/1051
f 1052/1052 1053/1053 1054/1054
f 1049/1049 1051/1051 1052/1052
f 1047/1047 1048/1048 1050/1050
f 1055/1055 1044/1044 1047/1047
f 1047/1047 1044/1044 1046/1046
f 1047/1047 1056/1056 1055/1055
f 1056/1056 1047/1047 1057/1057
f 1058/1058 1059/1059 1049/1049
f 1049/1049 1047/1047 1050/1050
f 1059/1059 1057/1057 1047/1047
f 1053/1053 1060/1060 1054/1054
f 1061/1061 1062/1062 1060/1060
f 1063/1063 1064/1064 1061/1061
f 1065/1065 1066/1066 1067/1067
f 1065/1065 1068/1068 1069/1069
f 1063/1063 1067/1067 1064/1064
f 1069/1069 1066/1066 1065/1065
f 1070/1070 1062/1062 1064/1064
f 1061/1061 1064/1064 1062/1062
f 1070/1070 1058/1058 1062/1062
f 1070/1070 1064/1064 1071/1071
f 1071/1071 1066/1066 1072/1072
f 1069/1069 1072/1072 1066/1066
f 1072/1072 1073/1073 1071/1071
f 1064/1064 1066/1066 1071/1071
f 1074/1074 1075/1075 1076/1076
f 1074/1074 1077/1077 1075/1075
f 1078/1078 1079/1079 1077/1077
f 1080/1080 1077/1077 1079/1079
f 1077/1077 1081/1081 1078/1078
f 1082/1082 1083/1083 1084/1084
f 1084/1084 1085/1085 1086/1086
f 1077/1077 1087/1087 1081/1081
f 1077/1077 1083/1083 1087/1087
f 1088/1088 1089/1089 1083/1083
f 1090/1090 1083/1083 1089/1089
f 1082/1082 1088/1088 1083/1083
f 1083/1083 1090/1090 1087/1087
f 1084/1084 1083/1083 1085/1085
f 1091/1091 1092/1092 1093/1093
f 1094/1094 1095/1095 1096/1096
f 1097/1097 1098/1098 1099/1099
f 1100/1100 1101/1101 1102/1102
f 1103/1103 1102/1102 1104/1104
f 1105/1105 1106/1106 1107/1107
f 1108/1108 1109/1109 1110/1110
f 1105/1105 1107/1107 1108/1108
f 1103/1103 1104/1104 1106/1106
f 1111/1111 1100/1100 1103/1103
f 1103/1103 1100/1100 1102/1102
f 1111/1111 1112/1112 1113/1113
f 1112/1112 1111/1111 1103/1103
f 1114/1114 1115/1115 1105/1105
f 1105/1105 1103/1103 1106/1106
f 1115/1115 1112/1112 1103/1103
f 1109/1109 1116/1116 1110/1110
f 1117/1117 1118/1118 1116/1116
f 1119/1119 1120/1120 1117/1117
f 1121/1121 1122/1122 1123/1123
f 1121/1121 1124/1124 1125/1125
f 1119/1119 1123/1123 1120/1120
f 1125/1125 1122/1122 1121/1121
f 1126/1126 1118/1118 1120/1120
f 1117/1117 1120/1120 1118/1118
f 1126/1126 1114/1114 1118/1118
f 1126/1126 1120/1120 1127/1127
f 1127/1127 1122/1122 1128/1128
f 1125/1125 1128/1128 1122/1122
f 1128/1128 1129/1129 1127/1127
f 1120/1120 1122/1122 1127/1127
f 1130/1130 1131/1131 1132/1132
f 1133/1133 1134/1134 1131/1131
f 1135/1135 1130/1130 1136/1136
f 1137/1137 1133/1133 1130/1130
f 1138/1138 1135/1135 1139/1139
f 1140/1140 1137/1137 1138/1138
f 1141/1141 1138/1138 1142/1142
f 1143/1143 1140/1140 1141/1141
f 1144/1144 1141/1141 1145/1145
f 1146/1146 1143/1143 1144/1144
f 1147/1147 1144/1144 1148/1148
f 1149/1149 1146/1146 1147/1147
f 1150/1150 1147/1147 1148/1148
f 1151/1151 1149/1149 1150/1150
f 1152/1152 1132/1132 1153/1153
f 1154/1154 1132/1132 1152/1152
f 1132/1132 1131/1131 1155/1155
f 1153/1153 1132/1132 1155/1155
f 1154/1154 1136/1136 1132/1132
f 1136/1136 1154/1154 1156/1156
f 1139/1139 1136/1136 1157/1157
f 1158/1158 1139/1139 1157/1157
f 1139/1139 1158/1158 1142/1142
f 1159/1159 1142/1142 1158/1158
f 1156/1156 1157/1157 1136/1136
f 1134/1134 1160/1160 1131/1131
f 1155/1155 1131/1131 1160/1160
f 1134/1134 1133/1133 1161/1161
f 1162/1162 1160/1160 1134/1134
f 1134/1134 1163/1163 1162/1162
f 1133/1133 1137/1137 1164/1164
f 1137/1137 1140/1140 1165/1165
f 1165/1165 1140/1140 1166/1166
f 1161/1161 1133/1133 1164/1164
f 1167/1167 1142/1142 1159/1159
f 1168/1168 1169/1169 1167/1167
f 1170/1170 1145/1145 1168/1168
f 1169/1169 1168/1168 1145/1145
f 1171/1171 1145/1145 1170/1170
f 1148/1148 1145/1145 1171/1171
f 1172/1172 1173/1173 1174/1174
f 1175/1175 1172/1172 1174/1174
f 1175/1175 1173/1173 1172/1172
f 1150/1150 1175/1175 1176/1176
f 1173/1173 1175/1175 1148/1148
f 1171/1171 1173/1173 1148/1148
f 1143/1143 1177/1177 1166/1166
f 1143/1143 1166/1166 1140/1140
f 1143/1143 1146/1146 1177/1177
f 1178/1178 1179/1179 1146/1146
f 1151/1151 1150/1150 1180/1180
f 1176/1176 1180/1180 1150/1150
f 1181/1181 1182/1182 1151/1151
f 1149/1149 1151/1151 1182/1182
f 1182/1182 1181/1181 1183/1183
f 1181/1181 1151/1151 1183/1183
f 1178/1178 1149/1149 1182/1182
f 1167/1167 1169/1169 1142/1142
f 1184/1184 1185/1185 1186/1186
f 1187/1187 1188/1188 1185/1185
f 1189/1189 1184/1184 1190/1190
f 1191/1191 1187/1187 1184/1184
f 1192/1192 1193/1193 1194/1194
f 1186/1186 1195/1195 1193/1193
f 1190/1190 1186/1186 1192/1192
f 1193/1193 1192/1192 1186/1186
f 1196/1196 1190/1190 1192/1192
f 1186/1186 1185/1185 1195/1195
f 1185/1185 1197/1197 1198/1198
f 1188/1188 1199/1199 1197/1197
f 1188/1188 1200/1200 1199/1199
f 1200/1200 1201/1201 1199/1199
f 1200/1200 1188/1188 1187/1187
f 1185/1185 1188/1188 1197/1197
f 1202/1202 1203/1203 1196/1196
f 1189/1189 1203/1203 1204/1204
f 1203/1203 1202/1202 1205/1205
f 1203/1203 1205/1205 1204/1204
f 1206/1206 1187/1187 1191/1191
f 1207/1207 1206/1206 1191/1191
f 1200/1200 1187/1187 1206/1206
f 1191/1191 1189/1189 1208/1208
f 1191/1191 1209/1209 1207/1207
f 1191/1191 1208/1208 1209/1209
f 1196/1196 1203/1203 1190/1190
f 1210/1210 1211/1211 1212/1212
f 1213/1213 1214/1214 1211/1211
f 1215/1215 1210/1210 1216/1216
f 1217/1217 1213/1213 1210/1210
f 1218/1218 1215/1215 1219/1219
f 1220/1220 1217/1217 1218/1218
f 1221/1221 1218/1218 1222/1222
f 1223/1223 1220/1220 1221/1221
f 1224/1224 1221/1221 1225/1225
f 1226/1226 1223/1223 1224/1224
f 1227/1227 1224/1224 1228/1228
f 1229/1229 1226/1226 1227/1227
f 1230/1230 1227/1227 1231/1231
f 1232/1232 1229/1229 1230/1230
f 1233/1233 1212/1212 1234/1234
f 1235/1235 1212/1212 1233/1233
f 1212/1212 1211/1211 1236/1236
f 1234/1234 1212/1212 1236/1236
f 1235/1235 1216/1216 1212/1212
f 1216/1216 1235/1235 1237/1237
f 1219/1219 1216/1216 1238/1238
f 1239/1239 1219/1219 1238/1238
f 1219/1219 1239/1239 1222/1222
f 1240/1240 1222/1222 1239/1239
f 1237/1237 1238/1238 1216/1216
f 1214/1214 1241/1241 1211/1211
f 1236/1236 1211/1211 1241/1241
f 1214/1214 1213/1213 1242/1242
f 1243/1243 1241/1241 1214/1214
f 1214/1214 1244/1244 1243/1243
f 1213/1213 1217/1217 1245/1245
f 1217/1217 1220/1220 1246/1246
f 1246/1246 1220/1220 1247/1247
f 1242/1242 1213/1213 1245/1245
f 1248/1248 1222/1222 1240/1240
f 1249/1249 1225/1225 1248/1248
f 1250/1250 1228/1228 1249/1249
f 1225/1225 1249/1249 1228/1228
f 1251/1251 1228/1228 1250/1250
f 1231/1231 1228/1228 1251/1251
f 1252/1252 1253/1253 1254/1254
f 1255/1255 1252/1252 1254/1254
f 1255/1255 1253/1253 1252/1252
f 1230/1230 1255/1255 1256/1256
f 1253/1253 1255/1255 1231/1231
f 1251/1251 1253/1253 1231/1231
f 1223/1223 1257/1257 1247/1247
f 1223/1223 1247/1247 1220/1220
f 1223/1223 1226/1226 1257/1257
f 1258/1258 1259/1259 1226/1226
f 1232/1232 1230/1230 1260/1260
f 1256/1256 1260/1260 1230/1230
f 1261/1261 1262/1262 1232/1232
f 1229/1229 1232/1232 1262/1262
f 1262/1262 1261/1261 1263/1263
f 1261/1261 1232/1232 1263/1263
f 1258/1258 1229/1229 1262/1262
f 1248/1248 1225/1225 1222/1222
f 1264/1264 1265/1265 1266/1266
f 1267/1267 1268/1268 1265/1265
f 1269/1269 1264/1264 1270/1270
f 1271/1271 1267/1267 1264/1264
f 1272/1272 1273/1273 1274/1274
f 1266/1266 1275/1275 1273/1273
f 1270/1270 1266/1266 1272/1272
f 1273/1273 1272/1272 1266/1266
f 1276/1276 1270/1270 1272/1272
f 1266/1266 1265/1265 1275/1275
f 1277/1277 1278/1278 1265/1265
f 1268/1268 1279/1279 1277/1277
f 1268/1268 1280/1280 1279/1279
f 1280/1280 1281/1281 1279/1279
f 1280/1280 1268/1268 1267/1267
f 1282/1282 1283/1283 1276/1276
f 1269/1269 1283/1283 1284/1284
f 1283/1283 1282/1282 1285/1285
f 1283/1283 1285/1285 1284/1284
f 1286/1286 1267/1267 1271/1271
f 1287/1287 1286/1286 1271/1271
f 1280/1280 1267/1267 1286/1286
f 1271/1271 1269/1269 1288/1288
f 1271/1271 1289/1289 1287/1287
f 1271/1271 1288/1288 1289/1289
f 1276/1276 1283/1283 1270/1270
f 1290/1290 1291/1291 1292/1292
f 1293/1293 1294/1294 1291/1291
f 1295/1295 1290/1290 1296/1296
f 1297/1297 1293/1293 1290/1290
f 1298/1298 1295/1295 1299/1299
f 1300/1300 1297/1297 1298/1298
f 1301/1301 1298/1298 1302/1302
f 1303/1303 1300/1300 1301/1301
f 1304/1304 1301/1301 1305/1305
f 1306/1306 1303/1303 1304/1304
f 1307/1307 1304/1304 1308/1308
f 1309/1309 1306/1306 1307/1307
f 1310/1310 1307/1307 1308/1308
f 1311/1311 1309/1309 1310/1310
f 1292/1292 1312/1312 1313/1313
f 1292/1292 1314/1314 1312/1312
f 1292/1292 1291/1291 1315/1315
f 1314/1314 1292/1292 1315/1315
f 1313/1313 1296/1296 1292/1292
f 1296/1296 1313/1313 1316/1316
f 1299/1299 1317/1317 1318/1318
f 1296/1296 1317/1317 1299/1299
f 1299/1299 1318/1318 1302/1302
f 1319/1319 1302/1302 1318/1318
f 1316/1316 1317/1317 1296/1296
f 1294/1294 1320/1320 1291/1291
f 1315/1315 1291/1291 1320/1320
f 1294/1294 1293/1293 1321/1321
f 1322/1322 1320/1320 1294/1294
f 1294/1294 1323/1323 1322/1322
f 1293/1293 1297/1297 1324/1324
f 1297/1297 1300/1300 1325/1325
f 1325/1325 1300/1300 1326/1326
f 1321/1321 1293/1293 1324/1324
f 1327/1327 1302/1302 1319/1319
f 1328/1328 1329/1329 1327/1327
f 1330/1330 1305/1305 1328/1328
f 1329/1329 1328/1328 1305/1305
f 1331/1331 1305/1305 1330/1330
f 1308/1308 1305/1305 1331/1331
f 1332/1332 1333/1333 1334/1334
f 1335/1335 1332/1332 1334/1334
f 1335/1335 1333/1333 1332/1332
f 1310/1310 1335/1335 1336/1336
f 1333/1333 1335/1335 1308/1308
f 1331/1331 1333/1333 1308/1308
f 1303/1303 1337/1337 1326/1326
f 1303/1303 1326/1326 1300/1300
f 1303/1303 1306/1306 1337/1337
f 1338/1338 1339/1339 1306/1306
f 1311/1311 1310/1310 1340/1340
f 1336/1336 1340/1340 1310/1310
f 1341/1341 1342/1342 1311/1311
f 1309/1309 1311/1311 1342/1342
f 1342/1342 1341/1341 1343/1343
f 1341/1341 1311/1311 1343/1343
f 1338/1338 1309/1309 1342/1342
f 1327/1327 1329/1329 1302/1302
f 1344/1344 1345/1345 1346/1346
f 1347/1347 1348/1348 1345/1345
f 1349/1349 1344/1344 1350/1350
f 1351/1351 1347/1347 1344/1344
f 1352/1352 1353/1353 1354/1354
f 1346/1346 1355/1355 1353/1353
f 1350/1350 1346/1346 1352/1352
f 1353/1353 1352/1352 1346/1346
f 1356/1356 1350/1350 1352/1352
f 1346/1346 1345/1345 1355/1355
f 1345/1345 1357/1357 1358/1358
f 1348/1348 1359/1359 1357/1357
f 1348/1348 1360/1360 1359/1359
f 1360/1360 1361/1361 1359/1359
f 1360/1360 1348/1348 1347/1347
f 1345/1345 1348/1348 1357/1357
f 1362/1362 1363/1363 1356/1356
f 1349/1349 1363/1363 1364/1364
f 1363/1363 1362/1362 1365/1365
f 1363/1363 1365/1365 1364/1364
f 1366/1366 1347/1347 1351/1351
f 1367/1367 1366/1366 1351/1351
f 1360/1360 1347/1347 1366/1366
f 1351/1351 1349/1349 1368/1368
f 1351/1351 1369/1369 1367/1367
f 1351/1351 1368/1368 1369/1369
f 1356/1356 1363/1363 1350/1350
f 1370/1370 1371/1371 1372/1372
f 1373/1373 1374/1374 1371/1371
f 1375/1375 1370/1370 1376/1376
f 1377/1377 1373/1373 1370/1370
f 1378/1378 1375/1375 1379/1379
f 1380/1380 1377/1377 1378/1378
f 1381/1381 1378/1378 1382/1382
f 1383/1383 1380/1380 1381/1381
f 1384/1384 1381/1381 1385/1385
f 1386/1386 1383/1383 1384/1384
f 1387/1387 1384/1384 1388/1388
f 1389/1389 1386/1386 1387/1387
f 1390/1390 1387/1387 1391/1391
f 1392/1392 1389/1389 1390/1390
f 1372/1372 1393/1393 1394/1394
f 1372/1372 1395/1395 1393/1393
f 1372/1372 1371/1371 1396/1396
f 1395/1395 1372/1372 1396/1396
f 1394/1394 1376/1376 1372/1372
f 1376/1376 1394/1394 1397/1397
f 1379/1379 1376/1376 1398/1398
f 1399/1399 1379/1379 1398/1398
f 1379/1379 1399/1399 1382/1382
f 1400/1400 1382/1382 1399/1399
f 1397/1397 1398/1398 1376/1376
f 1374/1374 1401/1401 1371/1371
f 1396/1396 1371/1371 1401/1401
f 1374/1374 1373/1373 1402/1402
f 1403/1403 1401/1401 1374/1374
f 1374/1374 1404/1404 1403/1403
f 1373/1373 1377/1377 1405/1405
f 1377/1377 1380/1380 1406/1406
f 1406/1406 1380/1380 1407/1407
f 1402/1402 1373/1373 1405/1405
f 1408/1408 1382/1382 1400/1400
f 1409/1409 1385/1385 1408/1408
f 1410/1410 1388/1388 1409/1409
f 1385/1385 1409/1409 1388/1388
f 1411/1411 1388/1388 1410/1410
f 1391/1391 1388/1388 1411/1411
f 1412/1412 1413/1413 1414/1414
f 1415/1415 1412/1412 1414/1414
f 1415/1415 1413/1413 1412/1412
f 1390/1390 1415/1415 1416/1416
f 1413/1413 1415/1415 1391/1391
f 1411/1411 1413/1413 1391/1391
f 1383/1383 1417/1417 1407/1407
f 1383/1383 1407/1407 1380/1380
f 1383/1383 1386/1386 1417/1417
f 1418/1418 1419/1419 1386/1386
f 1392/1392 1390/1390 1420/1420
f 1416/1416 1420/1420 1390/1390
f 1421/1421 1422/1422 1392/1392
f 1389/1389 1392/1392 1422/1422
f 1422/1422 1421/1421 1423/1423
f 1421/1421 1392/1392 1423/1423
f 1418/1418 1389/1389 1422/1422
f 1408/1408 1385/1385 1382/1382
f 1424/1424 1425/1425 1426/1426
f 1427/1427 1428/1428 1425/1425
f 1429/1429 1424/1424 1430/1430
f 1431/1431 1427/1427 1424/1424
f 1432/1432 1433/1433 1434/1434
f 1426/1426 1435/1435 1433/1433
f 1430/1430 1426/1426 1432/1432
f 1433/1433 1432/1432 1426/1426
f 1436/1436 1430/1430 1432/1432
f 1426/1426 1425/1425 1435/1435
f 1437/1437 1438/1438 1425/1425
f 1428/1428 1439/1439 1437/1437
f 1428/1428 1440/1440 1439/1439
f 1440/1440 1441/1441 1439/1439
f 1440/1440 1428/1428 1427/1427
f 1442/1442 1443/1443 1436/1436
f 1429/1429 1443/1443 1444/1444
f 1443/1443 1442/1442 1445/1445
f 1443/1443 1445/1445 1444/1444
f 1446/1446 1427/1427 1431/1431
f 1447/1447 1446/1446 1431/1431
f 1440/1440 1427/1427 1446/1446
f 1431/1431 1429/1429 1448/1448
f 1431/1431 1449/1449 1447/1447
f 1431/1431 1448/1448 1449/1449
f 1436/1436 1443/1443 1430/1430
f 1450/1450 1451/1451 1452/1452
f 1453/1453 1451/1451 1454/1454
f 1455/1455 1450/1450 1452/1452
f 1456/1456 1457/1457 1458/1458
f 1459/1459 1451/1451 1456/1456
f 1456/1456 1451/1451 1450/1450
f 1459/1459 1456/1456 1460/1460
f 1461/1461 1462/1462 1454/1454
f 1461/1461 1463/1463 1464/1464
f 1459/1459 1461/1461 1454/1454
f 1463/1463 1465/1465 1464/1464
f 1466/1466 1463/1463 1459/1459
f 1463/1463 1461/1461 1459/1459
f 1454/1454 1451/1451 1459/1459
f 1467/1467 1459/1459 1468/1468
f 1458/1458 1469/1469 1456/1456
f 1459/1459 1460/1460 1470/1470
f 1460/1460 1471/1471 1472/1472
f 1472/1472 1470/1470 1460/1460
f 1473/1473 1474/1474 1475/1475
f 1474/1474 1473/1473 1470/1470
f 1472/1472 1474/1474 1470/1470
f 1476/1476 1459/1459 1470/1470
f 1468/1468 1477/1477 1478/1478
f 1468/1468 1479/1479 1467/1467
f 1459/1459 1477/1477 1468/1468
f 1480/1480 1481/1481 1482/1482
f 1477/1477 1476/1476 1483/1483
f 1480/1480 1476/1476 1481/1481
f 1477/1477 1459/1459 1476/1476
f 1470/1470 1481/1481 1476/1476
f 1460/1460 1456/1456 1469/1469
f 1484/1484 1485/1485 1486/1486
f 1486/1486 1487/1487 1484/1484
f 1488/1488 1489/1489 1487/1487
f 1490/1490 1491/1491 1492/1492
f 1488/1488 1486/1486 1490/1490
f 1490/1490 1486/1486 1493/1493
f 1487/1487 1486/1486 1488/1488
f 1489/1489 1494/1494 1495/1495
f 1495/1495 1494/1494 1496/1496
f 1495/1495 1497/1497 1487/1487
f 1489/1489 1498/1498 1499/1499
f 1500/1500 1489/1489 1501/1501
f 1494/1494 1489/1489 1499/1499
f 1487/1487 1489/1489 1495/1495
f 1501/1501 1489/1489 1488/1488
f 1490/1490 1492/1492 1488/1488
f 1502/1502 1501/1501 1488/1488
f 1488/1488 1503/1503 1504/1504
f 1504/1504 1505/1505 1488/1488
f 1488/1488 1505/1505 1506/1506
f 1506/1506 1507/1507 1488/1488
f 1505/1505 1504/1504 1508/1508
f 1507/1507 1502/1502 1488/1488
f 1509/1509 1502/1502 1510/1510
f 1509/1509 1511/1511 1501/1501
f 1512/1512 1501/1501 1511/1511
f 1507/1507 1513/1513 1502/1502
f 1510/1510 1502/1502 1514/1514
f 1515/1515 1502/1502 1513/1513
f 1502/1502 1509/1509 1501/1501
f 1507/1507 1516/1516 1513/1513
f 1517/1517 1488/1488 1492/1492
f 1518/1518 1519/1519 1520/1520
f 1521/1521 1519/1519 1522/1522
f 1519/1519 1518/1518 1522/1522
f 1523/1523 1519/1519 1521/1521
f 1520/1520 1519/1519 1524/1524
f 1525/1525 1519/1519 1526/1526
f 1527/1527 1524/1524 1519/1519
f 1528/1528 1529/1529 1525/1525
f 1523/1523 1530/1530 1519/1519
f 1519/1519 1531/1531 1532/1532
f 1525/1525 1533/1533 1534/1534
f 1526/1526 1535/1535 1525/1525
f 1526/1526 1519/1519 1532/1532
f 1525/1525 1534/1534 1536/1536
f 1537/1537 1538/1538 1529/1529
f 1528/1528 1539/1539 1529/1529
f 1536/1536 1528/1528 1525/1525
f 1537/1537 1529/1529 1539/1539
f 1531/1531 1519/1519 1530/1530
f 1540/1540 1529/1529 1538/1538
f 1529/1529 1541/1541 1542/1542
f 1529/1529 1543/1543 1544/1544
f 1529/1529 1545/1545 1543/1543
f 1544/1544 1541/1541 1529/1529
f 1529/1529 1546/1546 1547/1547
f 1529/1529 1548/1548 1549/1549
f 1549/1549 1546/1546 1529/1529
f 1550/1550 1529/1529 1547/1547
f 1529/1529 1542/1542 1548/1548
f 1529/1529 1551/1551 1552/1552
f 1529/1529 1553/1553 1554/1554
f 1529/1529 1540/1540 1553/1553
f 1554/1554 1551/1551 1529/1529
f 1529/1529 1555/1555 1556/1556
f 1529/1529 1557/1557 1555/1555
f 1529/1529 1558/1558 1559/1559
f 1529/1529 1560/1560 1558/1558
f 1559/1559 1557/1557 1529/1529
f 1529/1529 1552/1552 1560/1560
f 1556/1556 1545/1545 1529/1529
f 1561/1561 1550/1550 1547/1547
f 1562/1562 1563/1563 1525/1525
f 1564/1564 1565/1565 1525/1525
f 1566/1566 1564/1564 1525/1525
f 1562/1562 1525/1525 1565/1565
f 1567/1567 1568/1568 1525/1525
f 1569/1569 1570/1570 1525/1525
f 1571/1571 1569/1569 1525/1525
f 1567/1567 1525/1525 1570/1570
f 1563/1563 1571/1571 1525/1525
f 1572/1572 1573/1573 1535/1535
f 1574/1574 1535/1535 1573/1573
f 1575/1575 1576/1576 1572/1572
f 1575/1575 1577/1577 1576/1576
f 1578/1578 1579/1579 1525/1525
f 1580/1580 1578/1578 1525/1525
f 1535/1535 1574/1574 1581/1581
f 1580/1580 1525/1525 1581/1581
f 1525/1525 1579/1579 1566/1566
f 1568/1568 1582/1582 1525/1525
f 1583/1583 1584/1584 1525/1525
f 1585/1585 1586/1586 1525/1525
f 1587/1587 1585/1585 1525/1525
f 1583/1583 1525/1525 1586/1586
f 1588/1588 1533/1533 1525/1525
f 1589/1589 1590/1590 1525/1525
f 1591/1591 1589/1589 1525/1525
f 1588/1588 1525/1525 1590/1590
f 1584/1584 1591/1591 1525/1525
f 1592/1592 1593/1593 1525/1525
f 1594/1594 1595/1595 1525/1525
f 1582/1582 1594/1594 1525/1525
f 1592/1592 1525/1525 1595/1595
f 1596/1596 1597/1597 1525/1525
f 1598/1598 1596/1596 1525/1525
f 1599/1599 1600/1600 1525/1525
f 1601/1601 1599/1599 1525/1525
f 1598/1598 1525/1525 1600/1600
f 1593/1593 1601/1601 1525/1525
f 1587/1587 1525/1525 1597/1597
f 1535/1535 1581/1581 1525/1525
f 1602/1602 1550/1550 1603/1603
f 1561/1561 1603/1603 1550/1550
f 1604/1604 1550/1550 1605/1605
f 1550/1550 1602/1602 1605/1605
f 1605/1605 1606/1606 1604/1604
f 1607/1607 1604/1604 1606/1606
f 1608/1608 1604/1604 1609/1609
f 1609/1609 1604/1604 1610/1610
f 1610/1610 1604/1604 1607/1607
f 1608/1608 1611/1611 1604/1604
f 1612/1612 1604/1604 1611/1611
f 1613/1613 1604/1604 1614/1614
f 1614/1614 1604/1604 1615/1615
f 1615/1615 1604/1604 1612/1612
f 1616/1616 1604/1604 1617/1617
f 1617/1617 1604/1604 1618/1618
f 1619/1619 1604/1604 1620/1620
f 1620/1620 1604/1604 1621/1621
f 1621/1621 1604/1604 1616/1616
f 1618/1618 1604/1604 1613/1613
f 1622/1622 1604/1604 1619/1619
f 1623/1623 1624/1624 1625/1625
f 1626/1626 1623/1623 1627/1627
f 1623/1623 1628/1628 1627/1627
f 1629/1629 1630/1630 1623/1623
f 1631/1631 1628/1628 1623/1623
f 1623/1623 1632/1632 1631/1631
f 1632/1632 1623/1623 1633/1633
f 1633/1633 1623/1623 1625/1625
f 1604/1604 1634/1634 1629/1629
f 1635/1635 1636/1636 1604/1604
f 1637/1637 1638/1638 1604/1604
f 1639/1639 1637/1637 1604/1604
f 1636/1636 1639/1639 1604/1604
f 1624/1624 1623/1623 1640/1640
f 1640/1640 1623/1623 1641/1641
f 1623/1623 1630/1630 1641/1641
f 1642/1642 1630/1630 1629/1629
f 1604/1604 1643/1643 1644/1644
f 1604/1604 1638/1638 1643/1643
f 1645/1645 1635/1635 1604/1604
f 1645/1645 1604/1604 1622/1622
f 1646/1646 1647/1647 1604/1604
f 1648/1648 1649/1649 1604/1604
f 1650/1650 1648/1648 1604/1604
f 1647/1647 1650/1650 1604/1604
f 1651/1651 1652/1652 1604/1604
f 1653/1653 1654/1654 1629/1629
f 1634/1634 1653/1653 1629/1629
f 1652/1652 1634/1634 1604/1604
f 1649/1649 1651/1651 1604/1604
f 1655/1655 1656/1656 1629/1629
f 1657/1657 1658/1658 1629/1629
f 1659/1659 1657/1657 1629/1629
f 1656/1656 1659/1659 1629/1629
f 1660/1660 1661/1661 1629/1629
f 1662/1662 1660/1660 1629/1629
f 1663/1663 1664/1664 1629/1629
f 1665/1665 1663/1663 1629/1629
f 1661/1661 1665/1665 1629/1629
f 1658/1658 1662/1662 1629/1629
f 1654/1654 1655/1655 1629/1629
f 1666/1666 1667/1667 1629/1629
f 1668/1668 1669/1669 1629/1629
f 1670/1670 1668/1668 1629/1629
f 1667/1667 1670/1670 1629/1629
f 1671/1671 1672/1672 1629/1629
f 1673/1673 1674/1674 1629/1629
f 1675/1675 1673/1673 1629/1629
f 1672/1672 1675/1675 1629/1629
f 1669/1669 1671/1671 1629/1629
f 1642/1642 1674/1674 1676/1676
f 1642/1642 1677/1677 1678/1678
f 1642/1642 1679/1679 1677/1677
f 1642/1642 1676/1676 1679/1679
f 1642/1642 1680/1680 1681/1681
f 1682/1682 1642/1642 1681/1681
f 1678/1678 1680/1680 1642/1642
f 1683/1683 1682/1682 1684/1684
f 1685/1685 1683/1683 1684/1684
f 1642/1642 1682/1682 1683/1683
f 1674/1674 1642/1642 1629/1629
f 1666/1666 1629/1629 1664/1664
f 1644/1644 1646/1646 1604/1604
f 1686/1686 1687/1687 1688/1688
f 1689/1689 1686/1686 1690/1690
f 1691/1691 1692/1692 1689/1689
f 1693/1693 1692/1692 1691/1691
f 1694/1694 1695/1695 1691/1691
f 1696/1696 1694/1694 1691/1691
f 1693/1693 1691/1691 1695/1695
f 1689/1689 1690/1690 1691/1691
f 1697/1697 1691/1691 1698/1698
f 1691/1691 1699/1699 1700/1700
f 1700/1700 1698/1698 1691/1691
f 1691/1691 1701/1701 1699/1699
f 1696/1696 1691/1691 1697/1697
f 1701/1701 1691/1691 1702/1702
f 1702/1702 1691/1691 1703/1703
f 1704/1704 1691/1691 1705/1705
f 1705/1705 1691/1691 1706/1706
f 1691/1691 1704/1704 1703/1703
f 1707/1707 1706/1706 1691/1691
f 1707/1707 1691/1691 1708/1708
f 1709/1709 1691/1691 1710/1710
f 1710/1710 1691/1691 1711/1711
f 1691/1691 1709/1709 1708/1708
f 1712/1712 1691/1691 1713/1713
f 1714/1714 1715/1715 1716/1716
f 1716/1716 1715/1715 1717/1717
f 1715/1715 1714/1714 1713/1713
f 1691/1691 1712/1712 1711/1711
f 1718/1718 1715/1715 1719/1719
f 1720/1720 1715/1715 1721/1721
f 1721/1721 1715/1715 1722/1722
f 1715/1715 1720/1720 1719/1719
f 1723/1723 1715/1715 1724/1724
f 1724/1724 1715/1715 1725/1725
f 1726/1726 1715/1715 1727/1727
f 1727/1727 1715/1715 1728/1728
f 1715/1715 1726/1726 1725/1725
f 1715/1715 1723/1723 1722/1722
f 1715/1715 1718/1718 1717/1717
f 1690/1690 1729/1729 1691/1691
f 1730/1730 1715/1715 1731/1731
f 1715/1715 1732/1732 1731/1731
f 1691/1691 1715/1715 1713/1713
f 1715/1715 1733/1733 1732/1732
f 1729/1729 1734/1734 1735/1735
f 1733/1733 1715/1715 1736/1736
f 1737/1737 1715/1715 1738/1738
f 1738/1738 1715/1715 1739/1739
f 1715/1715 1737/1737 1736/1736
f 1740/1740 1735/1735 1734/1734
f 1741/1741 1735/1735 1742/1742
f 1743/1743 1735/1735 1744/1744
f 1735/1735 1741/1741 1744/1744
f 1735/1735 1743/1743 1745/1745
f 1746/1746 1735/1735 1747/1747
f 1748/1748 1735/1735 1746/1746
f 1729/1729 1735/1735 1691/1691
f 1730/1730 1728/1728 1715/1715
f 1735/1735 1745/1745 1747/1747
f 1735/1735 1740/1740 1742/1742
f 1749/1749 1739/1739 1715/1715
f 1715/1715 1750/1750 1749/1749
f 1715/1715 1751/1751 1752/1752
f 1715/1715 1753/1753 1751/1751
f 1752/1752 1750/1750 1715/1715
f 1715/1715 1754/1754 1755/1755
f 1715/1715 1756/1756 1757/1757
f 1715/1715 1758/1758 1756/1756
f 1757/1757 1754/1754 1715/1715
f 1755/1755 1753/1753 1715/1715
f 1715/1715 1759/1759 1760/1760
f 1715/1715 1761/1761 1762/1762
f 1715/1715 1763/1763 1761/1761
f 1762/1762 1759/1759 1715/1715
f 1715/1715 1764/1764 1765/1765
f 1715/1715 1766/1766 1764/1764
f 1767/1767 1768/1768 1769/1769
f 1769/1769 1768/1768 1770/1770
f 1767/1767 1766/1766 1715/1715
f 1765/1765 1763/1763 1715/1715
f 1760/1760 1758/1758 1715/1715
f 1715/1715 1768/1768 1767/1767
f 1771/1771 1772/1772 1773/1773
f 1774/1774 1772/1772 1775/1775
f 1775/1775 1772/1772 1776/1776
f 1776/1776 1772/1772 1771/1771
f 1777/1777 1772/1772 1778/1778
f 1779/1779 1772/1772 1780/1780
f 1780/1780 1772/1772 1781/1781
f 1781/1781 1772/1772 1777/1777
f 1772/1772 1779/1779 1773/1773
f 1782/1782 1772/1772 1783/1783
f 1784/1784 1785/1785 1786/1786
f 1786/1786 1785/1785 1787/1787
f 1787/1787 1785/1785 1782/1782
f 1788/1788 1772/1772 1789/1789
f 1789/1789 1772/1772 1790/1790
f 1791/1791 1772/1772 1792/1792
f 1792/1792 1772/1772 1793/1793
f 1793/1793 1772/1772 1788/1788
f 1772/1772 1791/1791 1783/1783
f 1790/1790 1772/1772 1774/1774
f 1794/1794 1795/1795 1796/1796
f 1797/1797 1798/1798 1772/1772
f 1772/1772 1799/1799 1797/1797
f 1794/1794 1685/1685 1795/1795
f 1772/1772 1800/1800 1799/1799
f 1800/1800 1772/1772 1801/1801
f 1796/1796 1800/1800 1794/1794
f 1796/1796 1799/1799 1800/1800
f 1802/1802 1772/1772 1798/1798
f 1795/1795 1685/1685 1684/1684
f 1803/1803 1772/1772 1804/1804
f 1805/1805 1772/1772 1806/1806
f 1806/1806 1772/1772 1807/1807
f 1807/1807 1772/1772 1803/1803
f 1808/1808 1772/1772 1809/1809
f 1809/1809 1772/1772 1810/1810
f 1811/1811 1772/1772 1812/1812
f 1811/1811 1804/1804 1772/1772
f 1772/1772 1808/1808 1812/1812
f 1772/1772 1802/1802 1810/1810
f 1778/1778 1772/1772 1805/1805
f 1785/1785 1784/1784 1813/1813
f 1814/1814 1785/1785 1815/1815
f 1816/1816 1785/1785 1817/1817
f 1817/1817 1785/1785 1818/1818
f 1818/1818 1785/1785 1814/1814
f 1819/1819 1785/1785 1820/1820
f 1821/1821 1785/1785 1822/1822
f 1822/1822 1785/1785 1823/1823
f 1823/1823 1785/1785 1819/1819
f 1785/1785 1821/1821 1815/1815
f 1785/1785 1824/1824 1825/1825
f 1826/1826 1768/1768 1825/1825
f 1785/1785 1827/1827 1824/1824
f 1785/1785 1828/1828 1827/1827
f 1829/1829 1785/1785 1830/1830
f 1830/1830 1785/1785 1831/1831
f 1828/1828 1785/1785 1832/1832
f 1832/1832 1785/1785 1833/1833
f 1833/1833 1785/1785 1829/1829
f 1816/1816 1831/1831 1785/1785
f 1785/1785 1825/1825 1768/1768
f 1834/1834 1785/1785 1835/1835
f 1836/1836 1785/1785 1837/1837
f 1837/1837 1785/1785 1838/1838
f 1838/1838 1785/1785 1834/1834
f 1839/1839 1801/1801 1772/1772
f 1840/1840 1839/1839 1841/1841
f 1842/1842 1835/1835 1785/1785
f 1843/1843 1842/1842 1785/1785
f 1785/1785 1813/1813 1843/1843
f 1785/1785 1836/1836 1844/1844
f 1839/1839 1845/1845 1846/1846
f 1801/1801 1839/1839 1840/1840
f 1847/1847 1841/1841 1839/1839
f 1846/1846 1848/1848 1839/1839
f 1849/1849 1839/1839 1850/1850
f 1839/1839 1849/1849 1847/1847
f 1851/1851 1839/1839 1852/1852
f 1839/1839 1851/1851 1850/1850
f 1852/1852 1839/1839 1848/1848
f 1772/1772 1782/1782 1785/1785
f 1785/1785 1844/1844 1820/1820
f 1826/1826 1770/1770 1768/1768
f 1853/1853 1854/1854 1855/1855
f 1856/1856 1853/1853 1857/1857
f 1858/1858 1856/1856 1859/1859
f 1860/1860 1858/1858 1861/1861
f 1862/1862 1860/1860 1863/1863
f 1864/1864 1862/1862 1865/1865
f 1866/1866 1864/1864 1867/1867
f 1868/1868 1866/1866 1869/1869
f 1870/1870 1868/1868 1871/1871
f 1872/1872 1870/1870 1873/1873
f 1874/1874 1872/1872 1875/1875
f 1876/1876 1877/1877 1854/1854
f 1878/1878 1876/1876 1853/1853
f 1879/1879 1878/1878 1856/1856
f 1880/1880 1879/1879 1858/1858
f 1881/1881 1880/1880 1860/1860
f 1882/1882 1881/1881 1864/1864
f 1883/1883 1882/1882 1866/1866
f 1884/1884 1883/1883 1868/1868
f 1885/1885 1884/1884 1870/1870
f 1886/1886 1885/1885 1872/1872
f 1887/1887 1886/1886 1874/1874
f 1888/1888 1889/1889 1877/1877
f 1890/1890 1888/1888 1876/1876
f 1891/1891 1890/1890 1878/1878
f 1892/1892 1891/1891 1879/1879
f 1893/1893 1892/1892 1880/1880
f 1894/1894 1893/1893 1882/1882
f 1895/1895 1894/1894 1883/1883
f 1896/1896 1895/1895 1884/1884
f 1897/1897 1896/1896 1885/1885
f 1898/1898 1897/1897 1886/1886
f 1899/1899 1898/1898 1887/1887
f 1900/1900 1901/1901 1889/1889
f 1902/1902 1900/1900 1888/1888
f 1903/1903 1902/1902 1890/1890
f 1904/1904 1903/1903 1891/1891
f 1905/1905 1904/1904 1892/1892
f 1906/1906 1905/1905 1894/1894
f 1907/1907 1906/1906 1895/1895
f 1908/1908 1907/1907 1896/1896
f 1909/1909 1908/1908 1897/1897
f 1910/1910 1909/1909 1898/1898
f 1911/1911 1910/1910 1899/1899
f 1912/1912 1913/1913 1901/1901
f 1914/1914 1912/1912 1900/1900
f 1915/1915 1914/1914 1902/1902
f 1916/1916 1915/1915 1903/1903
f 1917/1917 1916/1916 1904/1904
f 1918/1918 1917/1917 1906/1906
f 1919/1919 1918/1918 1907/1907
f 1920/1920 1919/1919 1908/1908
f 1921/1921 1920/1920 1909/1909
f 1922/1922 1921/1921 1910/1910
f 1923/1923 1922/1922 1911/1911
f 1924/1924 1925/1925 1913/1913
f 1926/1926 1924/1924 1912/1912
f 1927/1927 1926/1926 1914/1914
f 1928/1928 1927/1927 1915/1915
f 1929/1929 1928/1928 1916/1916
f 1930/1930 1929/1929 1918/1918
f 1931/1931 1930/1930 1919/1919
f 1932/1932 1931/1931 1920/1920
f 1933/1933 1932/1932 1921/1921
f 1934/1934 1933/1933 1922/1922
f 1935/1935 1934/1934 1923/1923
f 1936/1936 1937/1937 1938/1938
f 1939/1939 1940/1940 1855/1855
f 1941/1941 1942/1942 1855/1855
f 1943/1943 1855/1855 1940/1940
f 1944/1944 1855/1855 1943/1943
f 1944/1944 1945/1945 1857/1857
f 1939/1939 1855/1855 1942/1942
f 1945/1945 1946/1946 1857/1857
f 1947/1947 1948/1948 1859/1859
f 1857/1857 1946/1946 1947/1947
f 1949/1949 1950/1950 1859/1859
f 1951/1951 1952/1952 1861/1861
f 1859/1859 1950/1950 1951/1951
f 1859/1859 1948/1948 1949/1949
f 1936/1936 1938/1938 1941/1941
f 1953/1953 1954/1954 1861/1861
f 1954/1954 1955/1955 1863/1863
f 1956/1956 1953/1953 1861/1861
f 1863/1863 1957/1957 1958/1958
f 1957/1957 1863/1863 1955/1955
f 1958/1958 1959/1959 1863/1863
f 1960/1960 1961/1961 1959/1959
f 1952/1952 1956/1956 1861/1861
f 1962/1962 1867/1867 1963/1963
f 1964/1964 1963/1963 1867/1867
f 1965/1965 1966/1966 1961/1961
f 1967/1967 1865/1865 1968/1968
f 1969/1969 1968/1968 1865/1865
f 1961/1961 1960/1960 1965/1965
f 1964/1964 1865/1865 1967/1967
f 1969/1969 1865/1865 1966/1966
f 1970/1970 1873/1873 1971/1971
f 1972/1972 1873/1873 1970/1970
f 1971/1971 1873/1873 1973/1973
f 1871/1871 1974/1974 1975/1975
f 1976/1976 1873/1873 1975/1975
f 1873/1873 1976/1976 1973/1973
f 1972/1972 1977/1977 1873/1873
f 1875/1875 1978/1978 1979/1979
f 1979/1979 1978/1978 1980/1980
f 1981/1981 1978/1978 1875/1875
f 1977/1977 1982/1982 1873/1873
f 1983/1983 1984/1984 1873/1873
f 1873/1873 1982/1982 1983/1983
f 1984/1984 1981/1981 1875/1875
f 1985/1985 1974/1974 1871/1871
f 1986/1986 1987/1987 1867/1867
f 1988/1988 1989/1989 1869/1869
f 1867/1867 1987/1987 1988/1988
f 1990/1990 1991/1991 1867/1867
f 1992/1992 1993/1993 1867/1867
f 1867/1867 1991/1991 1992/1992
f 1993/1993 1986/1986 1867/1867
f 1994/1994 1995/1995 1869/1869
f 1995/1995 1996/1996 1871/1871
f 1997/1997 1994/1994 1869/1869
f 1998/1998 1999/1999 1869/1869
f 1869/1869 2000/2000 1997/1997
f 2000/2000 1869/1869 1999/1999
f 1989/1989 1998/1998 1869/1869
f 1871/1871 1996/1996 1985/1985
f 1962/1962 1990/1990 1867/1867
f 1941/1941 1855/1855 1936/1936
f 2001/2001 1854/1854 2002/2002
f 1854/1854 2001/2001 1855/1855
f 1889/1889 2003/2003 1877/1877
f 2004/2004 1889/1889 1901/1901
f 1889/1889 2004/2004 2003/2003
f 1947/1947 1859/1859 1857/1857
f 1954/1954 1863/1863 1861/1861
f 1951/1951 1861/1861 1859/1859
f 1913/1913 2005/2005 2006/2006
f 1959/1959 1961/1961 1863/1863
f 1944/1944 1857/1857 1855/1855
f 2005/2005 1913/1913 1925/1925
f 1925/1925 1924/1924 2007/2007
f 2008/2008 2009/2009 1925/1925
f 2009/2009 2008/2008 2010/2010
f 2007/2007 1924/1924 2011/2011
f 2008/2008 1925/1925 2007/2007
f 1926/1926 2011/2011 1924/1924
f 2012/2012 1926/1926 1927/1927
f 2013/2013 1928/1928 1929/1929
f 1928/1928 2014/2014 1927/1927
f 1928/1928 2013/2013 2014/2014
f 2013/2013 1929/1929 2015/2015
f 2014/2014 2012/2012 1927/1927
f 2012/2012 2011/2011 1926/1926
f 2015/2015 1929/1929 2016/2016
f 1964/1964 1867/1867 1865/1865
f 1995/1995 1871/1871 1869/1869
f 1988/1988 1869/1869 1867/1867
f 1984/1984 1875/1875 1873/1873
f 1874/1874 2017/2017 2018/2018
f 1875/1875 1979/1979 2017/2017
f 1975/1975 1873/1873 1871/1871
f 1887/1887 2018/2018 2019/2019
f 2019/2019 2020/2020 1899/1899
f 1911/1911 2021/2021 1923/1923
f 2021/2021 1911/1911 2020/2020
f 1931/1931 2022/2022 1930/1930
f 2023/2023 1930/1930 2022/2022
f 1931/1931 1932/1932 2024/2024
f 2024/2024 2022/2022 1931/1931
f 1930/1930 2023/2023 2016/2016
f 2024/2024 1932/1932 2025/2025
f 1933/1933 2025/2025 1932/1932
f 1934/1934 2025/2025 1933/1933
f 2026/2026 1935/1935 2027/2027
f 1935/1935 2028/2028 1934/1934
f 1935/1935 2026/2026 2029/2029
f 2029/2029 2026/2026 2030/2030
f 2028/2028 1935/1935 2029/2029
f 1934/1934 2028/2028 2025/2025
f 1930/1930 2016/2016 1929/1929
f 1966/1966 1865/1865 1961/1961
f 2031/2031 2032/2032 2033/2033
f 2034/2034 2031/2031 2035/2035
f 2036/2036 2037/2037 2032/2032
f 2038/2038 2036/2036 2031/2031
f 2039/2039 2040/2040 2041/2041
f 2039/2039 2042/2042 2033/2033
f 2033/2033 2040/2040 2039/2039
f 2033/2033 2043/2043 2044/2044
f 2032/2032 2045/2045 2043/2043
f 2046/2046 2045/2045 2032/2032
f 2033/2033 2042/2042 2035/2035
f 2040/2040 2033/2033 2044/2044
f 2047/2047 2048/2048 2049/2049
f 2050/2050 2051/2051 2048/2048
f 2048/2048 2051/2051 2049/2049
f 2047/2047 2049/2049 2035/2035
f 2051/2051 2052/2052 2049/2049
f 2049/2049 2052/2052 2053/2053
f 2053/2053 2054/2054 2034/2034
f 2034/2034 2049/2049 2053/2053
f 2037/2037 2055/2055 2032/2032
f 2056/2056 2037/2037 2036/2036
f 2037/2037 2057/2057 2055/2055
f 2037/2037 2058/2058 2059/2059
f 2058/2058 2037/2037 2056/2056
f 2059/2059 2058/2058 2060/2060
f 2059/2059 2057/2057 2037/2037
f 2061/2061 2056/2056 2036/2036
f 2034/2034 2062/2062 2063/2063
f 2038/2038 2063/2063 2064/2064
f 2064/2064 2065/2065 2038/2038
f 2054/2054 2062/2062 2034/2034
f 2066/2066 2038/2038 2067/2067
f 2068/2068 2067/2067 2065/2065
f 2067/2067 2038/2038 2065/2065
f 2066/2066 2036/2036 2038/2038
f 2036/2036 2066/2066 2061/2061
f 2069/2069 2070/2070 2071/2071
f 2072/2072 2069/2069 2073/2073
f 2074/2074 2072/2072 2075/2075
f 2076/2076 2074/2074 2077/2077
f 2078/2078 2076/2076 2079/2079
f 2080/2080 2078/2078 2081/2081
f 2082/2082 2080/2080 2083/2083
f 2084/2084 2082/2082 2085/2085
f 2086/2086 2084/2084 2087/2087
f 2088/2088 2086/2086 2089/2089
f 2090/2090 2088/2088 2091/2091
f 2092/2092 2093/2093 2070/2070
f 2094/2094 2092/2092 2069/2069
f 2095/2095 2094/2094 2072/2072
f 2096/2096 2095/2095 2074/2074
f 2097/2097 2096/2096 2076/2076
f 2098/2098 2097/2097 2080/2080
f 2099/2099 2098/2098 2082/2082
f 2100/2100 2099/2099 2084/2084
f 2101/2101 2100/2100 2086/2086
f 2102/2102 2101/2101 2088/2088
f 2103/2103 2102/2102 2090/2090
f 2104/2104 2105/2105 2093/2093
f 2106/2106 2104/2104 2092/2092
f 2107/2107 2106/2106 2094/2094
f 2108/2108 2107/2107 2095/2095
f 2109/2109 2108/2108 2096/2096
f 2110/2110 2109/2109 2098/2098
f 2111/2111 2110/2110 2099/2099
f 2112/2112 2111/2111 2100/2100
f 2113/2113 2112/2112 2101/2101
f 2114/2114 2113/2113 2102/2102
f 2115/2115 2114/2114 2103/2103
f 2116/2116 2117/2117 2105/2105
f 2118/2118 2116/2116 2104/2104
f 2119/2119 2118/2118 2106/2106
f 2120/2120 2119/2119 2107/2107
f 2121/2121 2120/2120 2108/2108
f 2122/2122 2121/2121 2110/2110
f 2123/2123 2122/2122 2111/2111
f 2124/2124 2123/2123 2112/2112
f 2125/2125 2124/2124 2113/2113
f 2126/2126 2125/2125 2114/2114
f 2127/2127 2126/2126 2115/2115
f 2128/2128 2129/2129 2117/2117
f 2130/2130 2128/2128 2116/2116
f 2131/2131 2130/2130 2118/2118
f 2132/2132 2131/2131 2119/2119
f 2133/2133 2132/2132 2120/2120
f 2134/2134 2133/2133 2121/2121
f 2135/2135 2134/2134 2123/2123
f 2136/2136 2135/2135 2124/2124
f 2137/2137 2136/2136 2125/2125
f 2138/2138 2137/2137 2126/2126
f 2139/2139 2138/2138 2127/2127
f 2140/2140 2141/2141 2129/2129
f 2142/2142 2140/2140 2128/2128
f 2143/2143 2142/2142 2130/2130
f 2144/2144 2143/2143 2131/2131
f 2145/2145 2144/2144 2132/2132
f 2146/2146 2145/2145 2133/2133
f 2147/2147 2146/2146 2135/2135
f 2148/2148 2147/2147 2136/2136
f 2149/2149 2148/2148 2137/2137
f 2150/2150 2149/2149 2138/2138
f 2151/2151 2150/2150 2139/2139
f 2152/2152 2153/2153 2154/2154
f 2155/2155 2071/2071 2156/2156
f 2157/2157 2158/2158 2071/2071
f 2159/2159 2071/2071 2160/2160
f 2161/2161 2071/2071 2159/2159
f 2160/2160 2071/2071 2155/2155
f 2156/2156 2071/2071 2158/2158
f 2162/2162 2073/2073 2163/2163
f 2164/2164 2073/2073 2162/2162
f 2163/2163 2073/2073 2161/2161
f 2165/2165 2073/2073 2166/2166
f 2167/2167 2168/2168 2073/2073
f 2073/2073 2165/2165 2167/2167
f 2164/2164 2166/2166 2073/2073
f 2152/2152 2154/2154 2157/2157
f 2169/2169 2170/2170 2073/2073
f 2171/2171 2172/2172 2075/2075
f 2075/2075 2170/2170 2171/2171
f 2173/2173 2075/2075 2172/2172
f 2152/2152 2071/2071 2174/2174
f 2173/2173 2175/2175 2075/2075
f 2176/2176 2075/2075 2175/2175
f 2168/2168 2169/2169 2073/2073
f 2071/2071 2152/2152 2157/2157
f 2176/2176 2177/2177 2077/2077
f 2178/2178 2179/2179 2079/2079
f 2077/2077 2177/2177 2178/2178
f 2081/2081 2180/2180 2181/2181
f 2182/2182 2183/2183 2184/2184
f 2182/2182 2081/2081 2181/2181
f 2079/2079 2179/2179 2180/2180
f 2184/2184 2183/2183 2185/2185
f 2186/2186 2089/2089 2187/2187
f 2091/2091 2188/2188 2189/2189
f 2186/2186 2188/2188 2089/2089
f 2190/2190 2191/2191 2089/2089
f 2192/2192 2089/2089 2193/2193
f 2089/2089 2191/2191 2194/2194
f 2187/2187 2089/2089 2192/2192
f 2195/2195 2196/2196 2091/2091
f 2197/2197 2198/2198 2199/2199
f 2197/2197 2199/2199 2091/2091
f 2189/2189 2200/2200 2091/2091
f 2200/2200 2201/2201 2091/2091
f 2195/2195 2091/2091 2201/2201
f 2196/2196 2197/2197 2091/2091
f 2193/2193 2089/2089 2194/2194
f 2202/2202 2203/2203 2085/2085
f 2204/2204 2205/2205 2085/2085
f 2085/2085 2203/2203 2204/2204
f 2206/2206 2207/2207 2083/2083
f 2208/2208 2209/2209 2083/2083
f 2083/2083 2207/2207 2208/2208
f 2209/2209 2202/2202 2083/2083
f 2210/2210 2211/2211 2087/2087
f 2212/2212 2213/2213 2089/2089
f 2087/2087 2211/2211 2212/2212
f 2214/2214 2215/2215 2087/2087
f 2087/2087 2216/2216 2210/2210
f 2216/2216 2087/2087 2215/2215
f 2205/2205 2214/2214 2087/2087
f 2089/2089 2213/2213 2190/2190
f 2185/2185 2206/2206 2083/2083
f 2073/2073 2071/2071 2161/2161
f 2174/2174 2070/2070 2217/2217
f 2093/2093 2218/2218 2217/2217
f 2105/2105 2218/2218 2093/2093
f 2219/2219 2105/2105 2117/2117
f 2219/2219 2218/2218 2105/2105
f 2220/2220 2117/2117 2129/2129
f 2170/2170 2075/2075 2073/2073
f 2178/2178 2079/2079 2077/2077
f 2176/2176 2077/2077 2075/2075
f 2180/2180 2081/2081 2079/2079
f 2141/2141 2221/2221 2222/2222
f 2223/2223 2141/2141 2140/2140
f 2140/2140 2142/2142 2224/2224
f 2221/2221 2141/2141 2225/2225
f 2221/2221 2225/2225 2226/2226
f 2223/2223 2140/2140 2224/2224
f 2225/2225 2141/2141 2223/2223
f 2227/2227 2224/2224 2142/2142
f 2144/2144 2145/2145 2228/2228
f 2145/2145 2229/2229 2228/2228
f 2230/2230 2143/2143 2144/2144
f 2144/2144 2231/2231 2230/2230
f 2231/2231 2144/2144 2228/2228
f 2230/2230 2227/2227 2143/2143
f 2227/2227 2142/2142 2143/2143
f 2229/2229 2145/2145 2146/2146
f 2185/2185 2083/2083 2184/2184
f 2205/2205 2087/2087 2085/2085
f 2202/2202 2085/2085 2083/2083
f 2188/2188 2091/2091 2089/2089
f 2090/2090 2232/2232 2233/2233
f 2232/2232 2090/2090 2091/2091
f 2212/2212 2089/2089 2087/2087
f 2103/2103 2233/2233 2234/2234
f 2234/2234 2235/2235 2115/2115
f 2127/2127 2236/2236 2139/2139
f 2236/2236 2127/2127 2235/2235
f 2199/2199 2232/2232 2091/2091
f 2237/2237 2146/2146 2147/2147
f 2238/2238 2148/2148 2149/2149
f 2148/2148 2239/2239 2147/2147
f 2240/2240 2147/2147 2239/2239
f 2239/2239 2148/2148 2238/2238
f 2237/2237 2147/2147 2240/2240
f 2237/2237 2229/2229 2146/2146
f 2241/2241 2238/2238 2149/2149
f 2139/2139 2242/2242 2151/2151
f 2243/2243 2151/2151 2244/2244
f 2245/2245 2150/2150 2151/2151
f 2151/2151 2243/2243 2245/2245
f 2244/2244 2246/2246 2243/2243
f 2241/2241 2150/2150 2245/2245
f 2241/2241 2149/2149 2150/2150
f 2182/2182 2184/2184 2081/2081
f 2247/2247 2248/2248 2249/2249
f 2250/2250 2247/2247 2251/2251
f 2252/2252 2253/2253 2248/2248
f 2254/2254 2252/2252 2247/2247
f 2255/2255 2256/2256 2257/2257
f 2255/2255 2258/2258 2249/2249
f 2249/2249 2256/2256 2255/2255
f 2249/2249 2259/2259 2260/2260
f 2248/2248 2261/2261 2259/2259
f 2262/2262 2261/2261 2248/2248
f 2249/2249 2258/2258 2251/2251
f 2256/2256 2249/2249 2260/2260
f 2263/2263 2264/2264 2265/2265
f 2266/2266 2267/2267 2264/2264
f 2264/2264 2267/2267 2265/2265
f 2263/2263 2265/2265 2251/2251
f 2267/2267 2268/2268 2265/2265
f 2265/2265 2268/2268 2269/2269
f 2269/2269 2270/2270 2250/2250
f 2250/2250 2265/2265 2269/2269
f 2253/2253 2271/2271 2248/2248
f 2272/2272 2273/2273 2253/2253
f 2271/2271 2253/2253 2273/2273
f 2274/2274 2275/2275 2272/2272
f 2253/2253 2252/2252 2276/2276
f 2276/2276 2274/2274 2253/2253
f 2274/2274 2272/2272 2253/2253
f 2277/2277 2276/2276 2252/2252
f 2278/2278 2279/2279 2250/2250
f 2254/2254 2250/2250 2279/2279
f 2280/2280 2254/2254 2279/2279
f 2254/2254 2281/2281 2252/2252
f 2270/2270 2278/2278 2250/2250
f 2282/2282 2254/2254 2283/2283
f 2283/2283 2254/2254 2280/2280
f 2282/2282 2283/2283 2284/2284
f 2281/2281 2254/2254 2282/2282
f 2281/2281 2277/2277 2252/2252
f 2285/2285 2286/2286 2287/2287
f 2288/2288 2285/2285 2289/2289
f 2290/2290 2288/2288 2291/2291
f 2292/2292 2290/2290 2293/2293
f 2294/2294 2292/2292 2295/2295
f 2296/2296 2294/2294 2297/2297
f 2298/2298 2296/2296 2299/2299
f 2300/2300 2298/2298 2301/2301
f 2302/2302 2300/2300 2303/2303
f 2304/2304 2302/2302 2305/2305
f 2306/2306 2304/2304 2307/2307
f 2308/2308 2309/2309 2286/2286
f 2310/2310 2308/2308 2285/2285
f 2311/2311 2310/2310 2288/2288
f 2312/2312 2311/2311 2290/2290
f 2313/2313 2312/2312 2292/2292
f 2314/2314 2313/2313 2296/2296
f 2315/2315 2314/2314 2298/2298
f 2316/2316 2315/2315 2300/2300
f 2317/2317 2316/2316 2302/2302
f 2318/2318 2317/2317 2304/2304
f 2319/2319 2318/2318 2306/2306
f 2320/2320 2321/2321 2309/2309
f 2322/2322 2320/2320 2308/2308
f 2323/2323 2322/2322 2310/2310
f 2324/2324 2323/2323 2311/2311
f 2325/2325 2324/2324 2312/2312
f 2326/2326 2325/2325 2314/2314
f 2327/2327 2326/2326 2315/2315
f 2328/2328 2327/2327 2316/2316
f 2329/2329 2328/2328 2317/2317
f 2330/2330 2329/2329 2318/2318
f 2331/2331 2330/2330 2319/2319
f 2332/2332 2333/2333 2321/2321
f 2334/2334 2332/2332 2320/2320
f 2335/2335 2334/2334 2322/2322
f 2336/2336 2335/2335 2323/2323
f 2337/2337 2336/2336 2324/2324
f 2338/2338 2337/2337 2326/2326
f 2339/2339 2338/2338 2327/2327
f 2340/2340 2339/2339 2328/2328
f 2341/2341 2340/2340 2329/2329
f 2342/2342 2341/2341 2330/2330
f 2343/2343 2342/2342 2331/2331
f 2344/2344 2345/2345 2333/2333
f 2346/2346 2344/2344 2332/2332
f 2347/2347 2346/2346 2334/2334
f 2348/2348 2347/2347 2335/2335
f 2349/2349 2348/2348 2336/2336
f 2350/2350 2349/2349 2338/2338
f 2351/2351 2350/2350 2339/2339
f 2352/2352 2351/2351 2340/2340
f 2353/2353 2352/2352 2341/2341
f 2354/2354 2353/2353 2342/2342
f 2355/2355 2354/2354 2343/2343
f 2356/2356 2357/2357 2345/2345
f 2358/2358 2356/2356 2344/2344
f 2359/2359 2358/2358 2346/2346
f 2360/2360 2359/2359 2347/2347
f 2361/2361 2360/2360 2348/2348
f 2362/2362 2361/2361 2350/2350
f 2363/2363 2362/2362 2351/2351
f 2364/2364 2363/2363 2352/2352
f 2365/2365 2364/2364 2353/2353
f 2366/2366 2365/2365 2354/2354
f 2367/2367 2366/2366 2355/2355
f 2368/2368 2369/2369 2370/2370
f 2371/2371 2372/2372 2287/2287
f 2373/2373 2374/2374 2287/2287
f 2375/2375 2287/2287 2372/2372
f 2376/2376 2287/2287 2375/2375
f 2376/2376 2377/2377 2289/2289
f 2371/2371 2287/2287 2374/2374
f 2377/2377 2378/2378 2289/2289
f 2379/2379 2380/2380 2291/2291
f 2289/2289 2378/2378 2379/2379
f 2381/2381 2382/2382 2291/2291
f 2383/2383 2384/2384 2293/2293
f 2291/2291 2382/2382 2383/2383
f 2291/2291 2380/2380 2381/2381
f 2368/2368 2370/2370 2373/2373
f 2385/2385 2386/2386 2293/2293
f 2386/2386 2387/2387 2295/2295
f 2388/2388 2385/2385 2293/2293
f 2295/2295 2389/2389 2390/2390
f 2389/2389 2295/2295 2387/2387
f 2390/2390 2391/2391 2295/2295
f 2392/2392 2393/2393 2391/2391
f 2384/2384 2388/2388 2293/2293
f 2394/2394 2299/2299 2395/2395
f 2396/2396 2395/2395 2299/2299
f 2397/2397 2398/2398 2393/2393
f 2399/2399 2297/2297 2400/2400
f 2401/2401 2400/2400 2297/2297
f 2393/2393 2392/2392 2397/2397
f 2396/2396 2297/2297 2399/2399
f 2401/2401 2297/2297 2398/2398
f 2402/2402 2305/2305 2403/2403
f 2404/2404 2305/2305 2402/2402
f 2403/2403 2305/2305 2405/2405
f 2303/2303 2406/2406 2407/2407
f 2408/2408 2305/2305 2407/2407
f 2305/2305 2408/2408 2405/2405
f 2404/2404 2409/2409 2305/2305
f 2307/2307 2410/2410 2411/2411
f 2411/2411 2410/2410 2412/2412
f 2413/2413 2410/2410 2307/2307
f 2409/2409 2414/2414 2305/2305
f 2415/2415 2416/2416 2305/2305
f 2305/2305 2414/2414 2415/2415
f 2416/2416 2413/2413 2307/2307
f 2417/2417 2406/2406 2303/2303
f 2418/2418 2419/2419 2299/2299
f 2420/2420 2421/2421 2301/2301
f 2299/2299 2419/2419 2420/2420
f 2422/2422 2423/2423 2299/2299
f 2424/2424 2425/2425 2299/2299
f 2299/2299 2423/2423 2424/2424
f 2425/2425 2418/2418 2299/2299
f 2426/2426 2427/2427 2301/2301
f 2427/2427 2428/2428 2303/2303
f 2429/2429 2426/2426 2301/2301
f 2430/2430 2431/2431 2301/2301
f 2301/2301 2432/2432 2429/2429
f 2432/2432 2301/2301 2431/2431
f 2421/2421 2430/2430 2301/2301
f 2303/2303 2428/2428 2417/2417
f 2394/2394 2422/2422 2299/2299
f 2373/2373 2287/2287 2368/2368
f 2433/2433 2286/2286 2434/2434
f 2286/2286 2433/2433 2287/2287
f 2321/2321 2435/2435 2309/2309
f 2436/2436 2321/2321 2333/2333
f 2321/2321 2436/2436 2435/2435
f 2379/2379 2291/2291 2289/2289
f 2386/2386 2295/2295 2293/2293
f 2383/2383 2293/2293 2291/2291
f 2345/2345 2437/2437 2438/2438
f 2391/2391 2393/2393 2295/2295
f 2376/2376 2289/2289 2287/2287
f 2437/2437 2345/2345 2357/2357
f 2357/2357 2356/2356 2439/2439
f 2440/2440 2441/2441 2357/2357
f 2441/2441 2440/2440 2442/2442
f 2439/2439 2356/2356 2443/2443
f 2440/2440 2357/2357 2439/2439
f 2358/2358 2443/2443 2356/2356
f 2444/2444 2358/2358 2359/2359
f 2445/2445 2360/2360 2361/2361
f 2360/2360 2446/2446 2359/2359
f 2360/2360 2445/2445 2446/2446
f 2445/2445 2361/2361 2447/2447
f 2446/2446 2444/2444 2359/2359
f 2444/2444 2443/2443 2358/2358
f 2447/2447 2361/2361 2448/2448
f 2396/2396 2299/2299 2297/2297
f 2427/2427 2303/2303 2301/2301
f 2420/2420 2301/2301 2299/2299
f 2416/2416 2307/2307 2305/2305
f 2306/2306 2449/2449 2450/2450
f 2307/2307 2411/2411 2449/2449
f 2407/2407 2305/2305 2303/2303
f 2319/2319 2450/2450 2451/2451
f 2451/2451 2452/2452 2331/2331
f 2343/2343 2453/2453 2355/2355
f 2453/2453 2343/2343 2452/2452
f 2363/2363 2454/2454 2362/2362
f 2455/2455 2362/2362 2454/2454
f 2363/2363 2364/2364 2456/2456
f 2456/2456 2454/2454 2363/2363
f 2362/2362 2455/2455 2448/2448
f 2456/2456 2364/2364 2457/2457
f 2365/2365 2457/2457 2364/2364
f 2366/2366 2457/2457 2365/2365
f 2458/2458 2367/2367 2459/2459
f 2367/2367 2460/2460 2366/2366
f 2367/2367 2458/2458 2461/2461
f 2461/2461 2458/2458 2462/2462
f 2460/2460 2367/2367 2461/2461
f 2366/2366 2460/2460 2457/2457
f 2362/2362 2448/2448 2361/2361
f 2398/2398 2297/2297 2393/2393
f 2463/2463 2464/2464 2465/2465
f 2466/2466 2463/2463 2467/2467
f 2468/2468 2469/2469 2464/2464
f 2470/2470 2468/2468 2463/2463
f 2471/2471 2472/2472 2473/2473
f 2471/2471 2474/2474 2465/2465
f 2465/2465 2472/2472 2471/2471
f 2465/2465 2475/2475 2476/2476
f 2464/2464 2477/2477 2475/2475
f 2478/2478 2477/2477 2464/2464
f 2465/2465 2474/2474 2467/2467
f 2472/2472 2465/2465 2476/2476
f 2479/2479 2480/2480 2481/2481
f 2482/2482 2483/2483 2480/2480
f 2480/2480 2483/2483 2481/2481
f 2467/2467 2484/2484 2479/2479
f 2483/2483 2485/2485 2481/2481
f 2481/2481 2485/2485 2486/2486
f 2486/2486 2487/2487 2466/2466
f 2466/2466 2481/2481 2486/2486
f 2467/2467 2479/2479 2481/2481
f 2469/2469 2488/2488 2464/2464
f 2489/2489 2490/2490 2469/2469
f 2488/2488 2469/2469 2490/2490
f 2491/2491 2492/2492 2489/2489
f 2469/2469 2468/2468 2493/2493
f 2493/2493 2491/2491 2469/2469
f 2491/2491 2489/2489 2469/2469
f 2494/2494 2493/2493 2468/2468
f 2495/2495 2496/2496 2466/2466
f 2470/2470 2466/2466 2496/2496
f 2497/2497 2470/2470 2496/2496
f 2470/2470 2498/2498 2468/2468
f 2487/2487 2495/2495 2466/2466
f 2499/2499 2470/2470 2500/2500
f 2500/2500 2470/2470 2497/2497
f 2499/2499 2500/2500 2501/2501
f 2498/2498 2470/2470 2499/2499
f 2498/2498 2494/2494 2468/2468
f 2502/2502 2503/2503 2504/2504
f 2505/2505 2502/2502 2506/2506
f 2507/2507 2505/2505 2508/2508
f 2509/2509 2507/2507 2510/2510
f 2511/2511 2509/2509 2512/2512
f 2513/2513 2511/2511 2514/2514
f 2515/2515 2513/2513 2516/2516
f 2517/2517 2515/2515 2518/2518
f 2519/2519 2517/2517 2520/2520
f 2521/2521 2519/2519 2522/2522
f 2523/2523 2521/2521 2524/2524
f 2525/2525 2526/2526 2503/2503
f 2527/2527 2525/2525 2502/2502
f 2528/2528 2527/2527 2505/2505
f 2529/2529 2528/2528 2507/2507
f 2530/2530 2529/2529 2509/2509
f 2531/2531 2530/2530 2513/2513
f 2532/2532 2531/2531 2515/2515
f 2533/2533 2532/2532 2517/2517
f 2534/2534 2533/2533 2519/2519
f 2535/2535 2534/2534 2521/2521
f 2536/2536 2535/2535 2523/2523
f 2537/2537 2538/2538 2526/2526
f 2539/2539 2537/2537 2525/2525
f 2540/2540 2539/2539 2527/2527
f 2541/2541 2540/2540 2528/2528
f 2542/2542 2541/2541 2529/2529
f 2543/2543 2542/2542 2531/2531
f 2544/2544 2543/2543 2532/2532
f 2545/2545 2544/2544 2533/2533
f 2546/2546 2545/2545 2534/2534
f 2547/2547 2546/2546 2535/2535
f 2548/2548 2547/2547 2536/2536
f 2549/2549 2550/2550 2538/2538
f 2551/2551 2549/2549 2537/2537
f 2552/2552 2551/2551 2539/2539
f 2553/2553 2552/2552 2540/2540
f 2554/2554 2553/2553 2541/2541
f 2555/2555 2554/2554 2543/2543
f 2556/2556 2555/2555 2544/2544
f 2557/2557 2556/2556 2545/2545
f 2558/2558 2557/2557 2546/2546
f 2559/2559 2558/2558 2547/2547
f 2560/2560 2559/2559 2548/2548
f 2561/2561 2562/2562 2550/2550
f 2563/2563 2561/2561 2549/2549
f 2564/2564 2563/2563 2551/2551
f 2565/2565 2564/2564 2552/2552
f 2566/2566 2565/2565 2553/2553
f 2567/2567 2566/2566 2555/2555
f 2568/2568 2567/2567 2556/2556
f 2569/2569 2568/2568 2557/2557
f 2570/2570 2569/2569 2558/2558
f 2571/2571 2570/2570 2559/2559
f 2572/2572 2571/2571 2560/2560
f 2573/2573 2574/2574 2562/2562
f 2575/2575 2573/2573 2561/2561
f 2576/2576 2575/2575 2563/2563
f 2577/2577 2576/2576 2564/2564
f 2578/2578 2577/2577 2565/2565
f 2579/2579 2578/2578 2567/2567
f 2580/2580 2579/2579 2568/2568
f 2581/2581 2580/2580 2569/2569
f 2582/2582 2581/2581 2570/2570
f 2583/2583 2582/2582 2571/2571
f 2584/2584 2583/2583 2572/2572
f 2585/2585 2586/2586 2587/2587
f 2588/2588 2589/2589 2504/2504
f 2590/2590 2591/2591 2504/2504
f 2592/2592 2504/2504 2589/2589
f 2593/2593 2504/2504 2592/2592
f 2593/2593 2594/2594 2506/2506
f 2588/2588 2504/2504 2591/2591
f 2594/2594 2595/2595 2506/2506
f 2596/2596 2597/2597 2508/2508
f 2506/2506 2595/2595 2596/2596
f 2598/2598 2599/2599 2508/2508
f 2600/2600 2601/2601 2510/2510
f 2508/2508 2599/2599 2600/2600
f 2508/2508 2597/2597 2598/2598
f 2585/2585 2587/2587 2590/2590
f 2602/2602 2603/2603 2510/2510
f 2603/2603 2604/2604 2512/2512
f 2605/2605 2602/2602 2510/2510
f 2512/2512 2606/2606 2607/2607
f 2606/2606 2512/2512 2604/2604
f 2607/2607 2608/2608 2512/2512
f 2609/2609 2610/2610 2608/2608
f 2601/2601 2605/2605 2510/2510
f 2611/2611 2516/2516 2612/2612
f 2613/2613 2612/2612 2516/2516
f 2614/2614 2615/2615 2610/2610
f 2616/2616 2514/2514 2617/2617
f 2618/2618 2617/2617 2514/2514
f 2610/2610 2609/2609 2614/2614
f 2613/2613 2514/2514 2616/2616
f 2618/2618 2514/2514 2615/2615
f 2619/2619 2522/2522 2620/2620
f 2621/2621 2522/2522 2619/2619
f 2620/2620 2522/2522 2622/2622
f 2520/2520 2623/2623 2624/2624
f 2625/2625 2522/2522 2624/2624
f 2522/2522 2625/2625 2622/2622
f 2621/2621 2626/2626 2522/2522
f 2524/2524 2627/2627 2628/2628
f 2628/2628 2627/2627 2629/2629
f 2630/2630 2627/2627 2524/2524
f 2626/2626 2631/2631 2522/2522
f 2632/2632 2633/2633 2522/2522
f 2522/2522 2631/2631 2632/2632
f 2633/2633 2630/2630 2524/2524
f 2634/2634 2623/2623 2520/2520
f 2635/2635 2636/2636 2516/2516
f 2637/2637 2638/2638 2518/2518
f 2516/2516 2636/2636 2637/2637
f 2639/2639 2640/2640 2516/2516
f 2641/2641 2642/2642 2516/2516
f 2516/2516 2640/2640 2641/2641
f 2642/2642 2635/2635 2516/2516
f 2643/2643 2644/2644 2518/2518
f 2644/2644 2645/2645 2520/2520
f 2646/2646 2643/2643 2518/2518
f 2647/2647 2648/2648 2518/2518
f 2518/2518 2649/2649 2646/2646
f 2649/2649 2518/2518 2648/2648
f 2638/2638 2647/2647 2518/2518
f 2520/2520 2645/2645 2634/2634
f 2611/2611 2639/2639 2516/2516
f 2590/2590 2504/2504 2585/2585
f 2650/2650 2503/2503 2651/2651
f 2503/2503 2650/2650 2504/2504
f 2538/2538 2652/2652 2526/2526
f 2653/2653 2538/2538 2550/2550
f 2538/2538 2653/2653 2652/2652
f 2596/2596 2508/2508 2506/2506
f 2603/2603 2512/2512 2510/2510
f 2600/2600 2510/2510 2508/2508
f 2562/2562 2654/2654 2655/2655
f 2608/2608 2610/2610 2512/2512
f 2593/2593 2506/2506 2504/2504
f 2654/2654 2562/2562 2574/2574
f 2574/2574 2573/2573 2656/2656
f 2657/2657 2658/2658 2574/2574
f 2658/2658 2657/2657 2659/2659
f 2656/2656 2573/2573 2660/2660
f 2657/2657 2574/2574 2656/2656
f 2575/2575 2660/2660 2573/2573
f 2661/2661 2575/2575 2576/2576
f 2662/2662 2577/2577 2578/2578
f 2577/2577 2663/2663 2576/2576
f 2577/2577 2662/2662 2663/2663
f 2662/2662 2578/2578 2664/2664
f 2663/2663 2661/2661 2576/2576
f 2661/2661 2660/2660 2575/2575
f 2664/2664 2578/2578 2665/2665
f 2613/2613 2516/2516 2514/2514
f 2644/2644 2520/2520 2518/2518
f 2637/2637 2518/2518 2516/2516
f 2633/2633 2524/2524 2522/2522
f 2523/2523 2666/2666 2667/2667
f 2524/2524 2628/2628 2666/2666
f 2624/2624 2522/2522 2520/2520
f 2536/2536 2667/2667 2668/2668
f 2668/2668 2669/2669 2548/2548
f 2560/2560 2670/2670 2572/2572
f 2670/2670 2560/2560 2669/2669
f 2580/2580 2671/2671 2579/2579
f 2672/2672 2579/2579 2671/2671
f 2580/2580 2581/2581 2673/2673
f 2673/2673 2671/2671 2580/2580
f 2579/2579 2672/2672 2665/2665
f 2673/2673 2581/2581 2674/2674
f 2582/2582 2674/2674 2581/2581
f 2583/2583 2674/2674 2582/2582
f 2675/2675 2584/2584 2676/2676
f 2584/2584 2677/2677 2583/2583
f 2584/2584 2675/2675 2678/2678
f 2678/2678 2675/2675 2679/2679
f 2677/2677 2584/2584 2678/2678
f 2583/2583 2677/2677 2674/2674
f 2579/2579 2665/2665 2578/2578
f 2615/2615 2514/2514 2610/2610
f 2680/2680 2681/2681 2682/2682
f 2683/2683 2680/2680 2684/2684
f 2685/2685 2686/2686 2681/2681
f 2687/2687 2685/2685 2680/2680
f 2688/2688 2689/2689 2690/2690
f 2688/2688 2691/2691 2682/2682
f 2682/2682 2689/2689 2688/2688
f 2682/2682 2692/2692 2693/2693
f 2681/2681 2694/2694 2692/2692
f 2695/2695 2694/2694 2681/2681
f 2682/2682 2691/2691 2684/2684
f 2689/2689 2682/2682 2693/2693
f 2696/2696 2697/2697 2698/2698
f 2699/2699 2700/2700 2697/2697
f 2697/2697 2700/2700 2698/2698
f 2696/2696 2698/2698 2684/2684
f 2700/2700 2701/2701 2698/2698
f 2698/2698 2701/2701 2702/2702
f 2702/2702 2703/2703 2683/2683
f 2683/2683 2698/2698 2702/2702
f 2686/2686 2704/2704 2681/2681
f 2705/2705 2706/2706 2686/2686
f 2704/2704 2686/2686 2706/2706
f 2707/2707 2708/2708 2705/2705
f 2686/2686 2685/2685 2709/2709
f 2709/2709 2707/2707 2686/2686
f 2707/2707 2705/2705 2686/2686
f 2710/2710 2709/2709 2685/2685
f 2711/2711 2712/2712 2683/2683
f 2687/2687 2683/2683 2712/2712
f 2713/2713 2687/2687 2712/2712
f 2687/2687 2714/2714 2685/2685
f 2703/2703 2711/2711 2683/2683
f 2715/2715 2687/2687 2716/2716
f 2716/2716 2687/2687 2713/2713
f 2715/2715 2716/2716 2717/2717
f 2714/2714 2687/2687 2715/2715
f 2714/2714 2710/2710 2685/2685
f 2718/2718 2719/2719 2720/2720
f 2718/2718 2721/2721 2719/2719
f 2721/2721 2722/2722 2723/2723
f 2724/2724 2723/2723 2725/2725
f 2722/2722 2725/2725 2723/2723
f 2718/2718 2722/2722 2721/2721
f 2726/2726 2727/2727 2728/2728
f 2729/2729 2730/2730 2731/2731
f 2731/2731 2728/2728 2727/2727
f 2730/2730 2732/2732 2733/2733
f 2731/2731 2727/2727 2729/2729
f 2729/2729 2732/2732 2730/2730
f 2724/2724 2726/2726 2728/2728
f 2734/2734 2724/2724 2725/2725
f 2734/2734 2725/2725 2735/2735
f 2736/2736 2737/2737 2738/2738
f 2724/2724 2734/2734 2726/2726
f 2736/2736 2739/2739 2740/2740
f 2738/2738 2737/2737 2735/2735
f 2736/2736 2740/2740 2737/2737
f 2741/2741 2742/2742 2726/2726
f 2743/2743 2744/2744 2745/2745
f 2745/2745 2742/2742 2746/2746
f 2742/2742 2741/2741 2746/2746
f 2744/2744 2743/2743 2747/2747
f 2745/2745 2746/2746 2743/2743
f 2741/2741 2726/2726 2734/2734
f 2735/2735 2725/2725 2738/2738
f 2748/2748 2749/2749 2750/2750
f 2751/2751 2752/2752 2749/2749
f 2753/2753 2748/2748 2754/2754
f 2755/2755 2751/2751 2753/2753
f 2756/2756 2757/2757 2758/2758
f 2750/2750 2759/2759 2760/2760
f 2749/2749 2761/2761 2759/2759
f 2760/2760 2757/2757 2750/2750
f 2750/2750 2762/2762 2763/2763
f 2750/2750 2756/2756 2762/2762
f 2763/2763 2764/2764 2750/2750
f 2750/2750 2749/2749 2759/2759
f 2764/2764 2763/2763 2765/2765
f 2756/2756 2750/2750 2757/2757
f 2766/2766 2761/2761 2749/2749
f 2767/2767 2752/2752 2768/2768
f 2752/2752 2769/2769 2768/2768
f 2770/2770 2768/2768 2771/2771
f 2769/2769 2771/2771 2768/2768
f 2752/2752 2767/2767 2766/2766
f 2772/2772 2773/2773 2752/2752
f 2769/2769 2752/2752 2773/2773
f 2751/2751 2774/2774 2772/2772
f 2775/2775 2774/2774 2751/2751
f 2751/2751 2776/2776 2775/2775
f 2751/2751 2772/2772 2752/2752
f 2752/2752 2766/2766 2749/2749
f 2754/2754 2777/2777 2778/2778
f 2777/2777 2754/2754 2779/2779
f 2753/2753 2754/2754 2780/2780
f 2754/2754 2764/2764 2779/2779
f 2781/2781 2754/2754 2778/2778
f 2778/2778 2782/2782 2781/2781
f 2754/2754 2781/2781 2783/2783
f 2753/2753 2784/2784 2785/2785
f 2754/2754 2783/2783 2780/2780
f 2755/2755 2753/2753 2785/2785
f 2755/2755 2786/2786 2751/2751
f 2787/2787 2788/2788 2755/2755
f 2788/2788 2786/2786 2755/2755
f 2789/2789 2751/2751 2790/2790
f 2786/2786 2790/2790 2751/2751
f 2776/2776 2751/2751 2789/2789
f 2791/2791 2792/2792 2755/2755
f 2793/2793 2791/2791 2794/2794
f 2755/2755 2792/2792 2787/2787
f 2793/2793 2792/2792 2791/2791
f 2795/2795 2791/2791 2755/2755
f 2779/2779 2764/2764 2765/2765
f 2796/2796 2797/2797 2798/2798
f 2799/2799 2800/2800 2796/2796
f 2799/2799 2801/2801 2802/2802
f 2796/2796 2800/2800 2797/2797
f 2799/2799 2802/2802 2800/2800
f 2803/2803 2804/2804 2798/2798
f 2805/2805 2806/2806 2807/2807
f 2807/2807 2806/2806 2808/2808
f 2809/2809 2805/2805 2810/2810
f 2811/2811 2810/2810 2804/2804
f 2806/2806 2805/2805 2809/2809
f 2811/2811 2809/2809 2810/2810
f 2812/2812 2811/2811 2804/2804
f 2797/2797 2803/2803 2798/2798
f 2813/2813 2814/2814 2803/2803
f 2815/2815 2813/2813 2816/2816
f 2817/2817 2818/2818 2819/2819
f 2817/2817 2815/2815 2816/2816
f 2818/2818 2817/2817 2816/2816
f 2815/2815 2814/2814 2813/2813
f 2820/2820 2811/2811 2812/2812
f 2821/2821 2822/2822 2823/2823
f 2821/2821 2811/2811 2820/2820
f 2814/2814 2812/2812 2803/2803
f 2822/2822 2824/2824 2823/2823
f 2824/2824 2825/2825 2823/2823
f 2820/2820 2822/2822 2821/2821
f 2803/2803 2812/2812 2804/2804
f 2826/2826 2827/2827 2828/2828
f 2829/2829 2830/2830 2827/2827
f 2831/2831 2826/2826 2828/2828
f 2832/2832 2829/2829 2831/2831
f 2833/2833 2834/2834 2835/2835
f 2833/2833 2836/2836 2834/2834
f 2835/2835 2834/2834 2837/2837
f 2834/2834 2836/2836 2838/2838
f 2839/2839 2836/2836 2833/2833
f 2840/2840 2836/2836 2841/2841
f 2842/2842 2828/2828 2840/2840
f 2836/2836 2843/2843 2841/2841
f 2839/2839 2843/2843 2836/2836
f 2828/2828 2836/2836 2840/2840
f 2844/2844 2838/2838 2836/2836
f 2828/2828 2842/2842 2845/2845
f 2827/2827 2846/2846 2844/2844
f 2827/2827 2847/2847 2846/2846
f 2830/2830 2848/2848 2849/2849
f 2850/2850 2851/2851 2848/2848
f 2849/2849 2847/2847 2830/2830
f 2852/2852 2853/2853 2829/2829
f 2854/2854 2830/2830 2853/2853
f 2848/2848 2830/2830 2850/2850
f 2830/2830 2854/2854 2850/2850
f 2829/2829 2853/2853 2830/2830
f 2827/2827 2830/2830 2847/2847
f 2827/2827 2844/2844 2836/2836
f 2828/2828 2855/2855 2856/2856
f 2857/2857 2828/2828 2856/2856
f 2857/2857 2858/2858 2859/2859
f 2860/2860 2857/2857 2859/2859
f 2856/2856 2858/2858 2857/2857
f 2861/2861 2857/2857 2862/2862
f 2863/2863 2861/2861 2862/2862
f 2861/2861 2864/2864 2857/2857
f 2865/2865 2861/2861 2863/2863
f 2862/2862 2857/2857 2860/2860
f 2866/2866 2857/2857 2864/2864
f 2867/2867 2868/2868 2832/2832
f 2869/2869 2829/2829 2832/2832
f 2832/2832 2870/2870 2869/2869
f 2832/2832 2868/2868 2870/2870
f 2832/2832 2831/2831 2871/2871
f 2852/2852 2829/2829 2869/2869
f 2831/2831 2866/2866 2872/2872
f 2832/2832 2873/2873 2867/2867
f 2868/2868 2867/2867 2874/2874
f 2832/2832 2871/2871 2873/2873
f 2866/2866 2831/2831 2857/2857
f 2855/2855 2828/2828 2845/2845
f 2875/2875 2876/2876 2877/2877
f 2875/2875 2878/2878 2879/2879
f 2878/2878 2875/2875 2877/2877
f 2878/2878 2880/2880 2881/2881
f 2878/2878 2881/2881 2882/2882
f 2877/2877 2880/2880 2878/2878
f 2883/2883 2879/2879 2878/2878
f 2884/2884 2885/2885 2886/2886
f 2885/2885 2887/2887 2888/2888
f 2883/2883 2884/2884 2886/2886
f 2889/2889 2890/2890 2891/2891
f 2878/2878 2884/2884 2883/2883
f 2884/2884 2892/2892 2887/2887
f 2884/2884 2890/2890 2892/2892
f 2885/2885 2884/2884 2887/2887
f 2891/2891 2890/2890 2884/2884
f 2881/2881 2893/2893 2882/2882
f 2882/2882 2894/2894 2895/2895
f 2896/2896 2897/2897 2895/2895
f 2882/2882 2895/2895 2897/2897
f 2893/2893 2894/2894 2882/2882
f 2896/2896 2898/2898 2899/2899
f 2882/2882 2897/2897 2900/2900
f 2896/2896 2899/2899 2897/2897
f 2901/2901 2882/2882 2900/2900
f 2902/2902 2903/2903 2904/2904
f 2891/2891 2904/2904 2903/2903
f 2891/2891 2903/2903 2905/2905
f 2889/2889 2891/2891 2905/2905
f 2891/2891 2901/2901 2906/2906
f 2902/2902 2904/2904 2907/2907
f 2902/2902 2907/2907 2908/2908
f 2891/2891 2906/2906 2904/2904
f 2901/2901 2891/2891 2882/2882
f 2909/2909 2910/2910 2911/2911
f 2912/2912 2913/2913 2914/2914
f 2915/2915 2913/2913 2912/2912
f 2916/2916 2917/2917 2914/2914
f 2916/2916 2918/2918 2919/2919
f 2913/2913 2915/2915 2919/2919
f 2914/2914 2918/2918 2916/2916
f 2920/2920 2921/2921 2922/2922
f 2923/2923 2924/2924 2925/2925
f 2926/2926 2927/2927 2928/2928
f 2929/2929 2930/2930 2931/2931
f 2932/2932 2933/2933 2934/2934
f 2935/2935 2936/2936 2937/2937
f 2938/2938 2939/2939 2940/2940
f 2941/2941 2942/2942 2943/2943
f 2944/2944 2945/2945 2942/2942
f 2946/2946 2941/2941 2947/2947
f 2948/2948 2944/2944 2946/2946
f 2949/2949 2950/2950 2951/2951
f 2943/2943 2952/2952 2953/2953
f 2942/2942 2954/2954 2952/2952
f 2953/2953 2950/2950 2943/2943
f 2943/2943 2955/2955 2956/2956
f 2943/2943 2949/2949 2955/2955
f 2956/2956 2957/2957 2943/2943
f 2943/2943 2942/2942 2952/2952
f 2957/2957 2956/2956 2958/2958
f 2949/2949 2943/2943 2950/2950
f 2959/2959 2954/2954 2942/2942
f 2960/2960 2945/2945 2961/2961
f 2945/2945 2962/2962 2961/2961
f 2963/2963 2961/2961 2964/2964
f 2962/2962 2964/2964 2961/2961
f 2945/2945 2960/2960 2959/2959
f 2965/2965 2966/2966 2945/2945
f 2962/2962 2945/2945 2966/2966
f 2944/2944 2967/2967 2965/2965
f 2968/2968 2967/2967 2944/2944
f 2944/2944 2969/2969 2968/2968
f 2944/2944 2965/2965 2945/2945
f 2945/2945 2959/2959 2942/2942
f 2947/2947 2970/2970 2971/2971
f 2970/2970 2947/2947 2972/2972
f 2946/2946 2947/2947 2973/2973
f 2947/2947 2957/2957 2972/2972
f 2974/2974 2947/2947 2971/2971
f 2971/2971 2975/2975 2974/2974
f 2947/2947 2974/2974 2976/2976
f 2946/2946 2977/2977 2978/2978
f 2947/2947 2976/2976 2973/2973
f 2948/2948 2946/2946 2978/2978
f 2948/2948 2979/2979 2944/2944
f 2980/2980 2981/2981 2948/2948
f 2981/2981 2979/2979 2948/2948
f 2982/2982 2944/2944 2983/2983
f 2979/2979 2983/2983 2944/2944
f 2969/2969 2944/2944 2982/2982
f 2984/2984 2985/2985 2948/2948
f 2986/2986 2984/2984 2987/2987
f 2948/2948 2985/2985 2980/2980
f 2986/2986 2985/2985 2984/2984
f 2988/2988 2984/2984 2948/2948
f 2972/2972 2957/2957 2958/2958
f 2989/2989 2990/2990 2991/2991
f 2989/2989 2992/2992 2990/2990
f 2993/2993 2994/2994 2995/2995
f 2993/2993 2992/2992 2994/2994
f 2989/2989 2994/2994 2992/2992
f 2993/2993 2995/2995 2996/2996
f 2997/2997 2998/2998 2996/2996
f 2999/2999 3000/3000 3001/3001
f 3001/3001 2998/2998 3002/3002
f 2999/2999 3003/3003 3000/3000
f 3001/3001 3002/3002 2999/2999
f 2998/2998 2997/2997 3002/3002
f 3004/3004 2997/2997 2996/2996
f 3005/3005 2996/2996 2995/2995
f 3005/3005 3006/3006 3007/3007
f 3008/3008 3009/3009 3006/3006
f 3010/3010 3011/3011 3012/3012
f 3010/3010 3009/3009 3008/3008
f 3011/3011 3010/3010 3008/3008
f 3009/3009 3007/3007 3006/3006
f 3013/3013 3014/3014 3015/3015
f 3015/3015 3016/3016 3017/3017
f 3007/3007 3013/3013 3004/3004
f 3013/3013 3007/3007 3014/3014
f 3016/3016 3018/3018 3017/3017
f 3014/3014 3016/3016 3015/3015
f 3007/3007 3004/3004 3005/3005
f 2996/2996 3005/3005 3004/3004
f 3019/3019 3020/3020 3021/3021
f 3022/3022 3023/3023 3020/3020
f 3024/3024 3019/3019 3025/3025
f 3026/3026 3022/3022 3024/3024
f 3027/3027 3028/3028 3029/3029
f 3021/3021 3030/3030 3031/3031
f 3020/3020 3032/3032 3030/3030
f 3031/3031 3028/3028 3021/3021
f 3021/3021 3033/3033 3034/3034
f 3021/3021 3027/3027 3033/3033
f 3034/3034 3035/3035 3021/3021
f 3021/3021 3020/3020 3030/3030
f 3035/3035 3034/3034 3036/3036
f 3027/3027 3021/3021 3028/3028
f 3037/3037 3032/3032 3020/3020
f 3038/3038 3023/3023 3039/3039
f 3023/3023 3040/3040 3039/3039
f 3041/3041 3039/3039 3042/3042
f 3040/3040 3042/3042 3039/3039
f 3023/3023 3038/3038 3037/3037
f 3043/3043 3044/3044 3023/3023
f 3040/3040 3023/3023 3044/3044
f 3022/3022 3045/3045 3043/3043
f 3046/3046 3045/3045 3022/3022
f 3022/3022 3047/3047 3046/3046
f 3022/3022 3043/3043 3023/3023
f 3023/3023 3037/3037 3020/3020
f 3025/3025 3048/3048 3049/3049
f 3048/3048 3025/3025 3050/3050
f 3024/3024 3025/3025 3051/3051
f 3025/3025 3035/3035 3050/3050
f 3052/3052 3025/3025 3049/3049
f 3049/3049 3053/3053 3052/3052
f 3025/3025 3052/3052 3054/3054
f 3024/3024 3055/3055 3056/3056
f 3025/3025 3054/3054 3051/3051
f 3026/3026 3024/3024 3056/3056
f 3026/3026 3057/3057 3022/3022
f 3058/3058 3059/3059 3026/3026
f 3059/3059 3057/3057 3026/3026
f 3060/3060 3022/3022 3061/3061
f 3057/3057 3061/3061 3022/3022
f 3047/3047 3022/3022 3060/3060
f 3062/3062 3063/3063 3026/3026
f 3064/3064 3062/3062 3065/3065
f 3026/3026 3063/3063 3058/3058
f 3064/3064 3063/3063 3062/3062
f 3066/3066 3062/3062 3026/3026
f 3050/3050 3035/3035 3036/3036
f 3067/3067 3068/3068 3069/3069
f 3070/3070 3071/3071 3067/3067
f 3072/3072 3073/3073 3070/3070
f 3074/3074 3075/3075 3072/3072
f 3076/3076 3077/3077 3074/3074
f 3078/3078 3067/3067 3079/3079
f 3080/3080 3070/3070 3078/3078
f 3081/3081 3072/3072 3080/3080
f 3082/3082 3074/3074 3081/3081
f 3083/3083 3078/3078 3084/3084
f 3085/3085 3080/3080 3083/3083
f 3086/3086 3081/3081 3085/3085
f 3082/3082 3081/3081 3086/3086
f 3087/3087 3083/3083 3088/3088
f 3089/3089 3085/3085 3087/3087
f 3090/3090 3086/3086 3089/3089
f 3091/3091 3087/3087 3092/3092
f 3093/3093 3089/3089 3091/3091
f 3091/3091 3092/3092 3094/3094
f 3095/3095 3096/3096 3097/3097
f 3068/3068 3098/3098 3096/3096
f 3095/3095 3097/3097 3099/3099
f 3100/3100 3073/3073 3101/3101
f 3102/3102 3071/3071 3100/3100
f 3098/3098 3071/3071 3102/3102
f 3103/3103 3104/3104 3099/3099
f 3096/3096 3095/3095 3068/3068
f 3105/3105 3095/3095 3104/3104
f 3069/3069 3095/3095 3105/3105
f 3106/3106 3069/3069 3105/3105
f 3068/3068 3071/3071 3098/3098
f 3106/3106 3079/3079 3069/3069
f 3071/3071 3073/3073 3100/3100
f 3079/3079 3106/3106 3107/3107
f 3099/3099 3104/3104 3095/3095
f 3108/3108 3101/3101 3073/3073
f 3109/3109 3077/3077 3110/3110
f 3111/3111 3075/3075 3109/3109
f 3077/3077 3112/3112 3110/3110
f 3113/3113 3114/3114 3115/3115
f 3112/3112 3077/3077 3116/3116
f 3113/3113 3117/3117 3116/3116
f 3113/3113 3115/3115 3117/3117
f 3111/3111 3108/3108 3075/3075
f 3077/3077 3118/3118 3116/3116
f 3074/3074 3082/3082 3119/3119
f 3075/3075 3108/3108 3073/3073
f 3119/3119 3120/3120 3074/3074
f 3113/3113 3116/3116 3118/3118
f 3121/3121 3076/3076 3120/3120
f 3074/3074 3120/3120 3076/3076
f 3077/3077 3121/3121 3118/3118
f 3077/3077 3076/3076 3121/3121
f 3075/3075 3077/3077 3109/3109
f 3122/3122 3084/3084 3107/3107
f 3088/3088 3122/3122 3123/3123
f 3123/3123 3124/3124 3092/3092
f 3122/3122 3088/3088 3084/3084
f 3092/3092 3088/3088 3123/3123
f 3094/3094 3092/3092 3124/3124
f 3094/3094 3124/3124 3125/3125
f 3124/3124 3126/3126 3125/3125
f 3094/3094 3125/3125 3127/3127
f 3128/3128 3091/3091 3094/3094
f 3129/3129 3130/3130 3094/3094
f 3129/3129 3094/3094 3131/3131
f 3132/3132 3131/3131 3094/3094
f 3132/3132 3094/3094 3127/3127
f 3133/3133 3126/3126 3124/3124
f 3130/3130 3128/3128 3094/3094
f 3134/3134 3086/3086 3135/3135
f 3090/3090 3135/3135 3086/3086
f 3136/3136 3090/3090 3089/3089
f 3137/3137 3135/3135 3090/3090
f 3119/3119 3082/3082 3138/3138
f 3139/3139 3138/3138 3082/3082
f 3139/3139 3082/3082 3140/3140
f 3134/3134 3140/3140 3082/3082
f 3134/3134 3082/3082 3086/3086
f 3141/3141 3093/3093 3142/3142
f 3142/3142 3093/3093 3091/3091
f 3143/3143 3142/3142 3091/3091
f 3137/3137 3090/3090 3144/3144
f 3089/3089 3145/3145 3136/3136
f 3136/3136 3144/3144 3090/3090
f 3145/3145 3089/3089 3141/3141
f 3093/3093 3141/3141 3089/3089
f 3143/3143 3091/3091 3128/3128
f 3107/3107 3084/3084 3079/3079
f 3146/3146 3147/3147 3148/3148
f 3149/3149 3150/3150 3147/3147
f 3151/3151 3146/3146 3152/3152
f 3153/3153 3149/3149 3146/3146
f 3154/3154 3148/3148 3155/3155
f 3156/3156 3148/3148 3154/3154
f 3157/3157 3158/3158 3159/3159
f 3157/3157 3155/3155 3158/3158
f 3148/3148 3158/3158 3155/3155
f 3160/3160 3158/3158 3148/3148
f 3148/3148 3156/3156 3161/3161
f 3152/3152 3162/3162 3163/3163
f 3152/3152 3163/3163 3164/3164
f 3162/3162 3152/3152 3148/3148
f 3165/3165 3148/3148 3166/3166
f 3162/3162 3148/3148 3165/3165
f 3166/3166 3148/3148 3167/3167
f 3167/3167 3148/3148 3161/3161
f 3168/3168 3152/3152 3164/3164
f 3169/3169 3150/3150 3170/3170
f 3171/3171 3172/3172 3170/3170
f 3170/3170 3150/3150 3173/3173
f 3173/3173 3171/3171 3170/3170
f 3173/3173 3150/3150 3174/3174
f 3174/3174 3150/3150 3175/3175
f 3147/3147 3169/3169 3160/3160
f 3169/3169 3147/3147 3150/3150
f 3176/3176 3150/3150 3149/3149
f 3176/3176 3177/3177 3150/3150
f 3149/3149 3178/3178 3176/3176
f 3149/3149 3179/3179 3178/3178
f 3179/3179 3149/3149 3180/3180
f 3175/3175 3150/3150 3177/3177
f 3181/3181 3152/3152 3168/3168
f 3182/3182 3183/3183 3184/3184
f 3185/3185 3182/3182 3186/3186
f 3182/3182 3184/3184 3186/3186
f 3182/3182 3152/3152 3187/3187
f 3183/3183 3182/3182 3187/3187
f 3152/3152 3188/3188 3187/3187
f 3189/3189 3182/3182 3185/3185
f 3190/3190 3191/3191 3192/3192
f 3191/3191 3190/3190 3193/3193
f 3193/3193 3194/3194 3191/3191
f 3195/3195 3182/3182 3196/3196
f 3182/3182 3195/3195 3191/3191
f 3191/3191 3195/3195 3192/3192
f 3182/3182 3189/3189 3196/3196
f 3197/3197 3182/3182 3191/3191
f 3153/3153 3198/3198 3149/3149
f 3199/3199 3200/3200 3153/3153
f 3201/3201 3153/3153 3151/3151
f 3180/3180 3149/3149 3198/3198
f 3202/3202 3198/3198 3153/3153
f 3153/3153 3203/3203 3202/3202
f 3153/3153 3200/3200 3203/3203
f 3204/3204 3151/3151 3182/3182
f 3205/3205 3206/3206 3153/3153
f 3151/3151 3207/3207 3201/3201
f 3201/3201 3205/3205 3153/3153
f 3206/3206 3208/3208 3199/3199
f 3208/3208 3206/3206 3209/3209
f 3199/3199 3153/3153 3206/3206
f 3204/3204 3207/3207 3151/3151
f 3204/3204 3182/3182 3197/3197
f 3152/3152 3181/3181 3188/3188
f 3210/3210 3211/3211 3212/3212
f 3213/3213 3214/3214 3210/3210
f 3215/3215 3216/3216 3213/3213
f 3217/3217 3218/3218 3215/3215
f 3219/3219 3220/3220 3217/3217
f 3221/3221 3210/3210 3222/3222
f 3223/3223 3213/3213 3221/3221
f 3224/3224 3215/3215 3223/3223
f 3225/3225 3217/3217 3224/3224
f 3226/3226 3221/3221 3227/3227
f 3228/3228 3223/3223 3226/3226
f 3229/3229 3224/3224 3228/3228
f 3225/3225 3224/3224 3229/3229
f 3230/3230 3226/3226 3231/3231
f 3232/3232 3228/3228 3230/3230
f 3233/3233 3229/3229 3232/3232
f 3234/3234 3230/3230 3235/3235
f 3236/3236 3232/3232 3234/3234
f 3234/3234 3235/3235 3237/3237
f 3238/3238 3239/3239 3240/3240
f 3211/3211 3241/3241 3239/3239
f 3238/3238 3240/3240 3242/3242
f 3243/3243 3216/3216 3244/3244
f 3245/3245 3214/3214 3243/3243
f 3241/3241 3214/3214 3245/3245
f 3246/3246 3247/3247 3242/3242
f 3239/3239 3238/3238 3211/3211
f 3248/3248 3238/3238 3247/3247
f 3212/3212 3238/3238 3248/3248
f 3249/3249 3212/3212 3248/3248
f 3211/3211 3214/3214 3241/3241
f 3249/3249 3222/3222 3212/3212
f 3214/3214 3216/3216 3243/3243
f 3222/3222 3249/3249 3250/3250
f 3242/3242 3247/3247 3238/3238
f 3251/3251 3244/3244 3216/3216
f 3252/3252 3220/3220 3253/3253
f 3254/3254 3218/3218 3252/3252
f 3220/3220 3255/3255 3253/3253
f 3256/3256 3257/3257 3258/3258
f 3220/3220 3259/3259 3255/3255
f 3256/3256 3260/3260 3259/3259
f 3256/3256 3258/3258 3260/3260
f 3251/3251 3218/3218 3254/3254
f 3220/3220 3261/3261 3259/3259
f 3217/3217 3225/3225 3262/3262
f 3218/3218 3251/3251 3216/3216
f 3262/3262 3263/3263 3217/3217
f 3256/3256 3259/3259 3261/3261
f 3264/3264 3219/3219 3263/3263
f 3217/3217 3263/3263 3219/3219
f 3220/3220 3264/3264 3261/3261
f 3220/3220 3219/3219 3264/3264
f 3218/3218 3220/3220 3252/3252
f 3265/3265 3227/3227 3250/3250
f 3231/3231 3265/3265 3266/3266
f 3266/3266 3267/3267 3235/3235
f 3265/3265 3231/3231 3227/3227
f 3235/3235 3231/3231 3266/3266
f 3237/3237 3235/3235 3267/3267
f 3237/3237 3267/3267 3268/3268
f 3267/3267 3269/3269 3268/3268
f 3237/3237 3268/3268 3270/3270
f 3271/3271 3234/3234 3237/3237
f 3272/3272 3273/3273 3237/3237
f 3272/3272 3237/3237 3274/3274
f 3275/3275 3274/3274 3237/3237
f 3275/3275 3237/3237 3270/3270
f 3276/3276 3269/3269 3267/3267
f 3273/3273 3271/3271 3237/3237
f 3277/3277 3229/3229 3278/3278
f 3233/3233 3278/3278 3229/3229
f 3279/3279 3233/3233 3232/3232
f 3280/3280 3278/3278 3233/3233
f 3262/3262 3225/3225 3281/3281
f 3282/3282 3281/3281 3225/3225
f 3282/3282 3225/3225 3283/3283
f 3277/3277 3283/3283 3225/3225
f 3277/3277 3225/3225 3229/3229
f 3284/3284 3236/3236 3285/3285
f 3285/3285 3236/3236 3234/3234
f 3286/3286 3285/3285 3234/3234
f 3280/3280 3233/3233 3287/3287
f 3232/3232 3288/3288 3279/3279
f 3279/3279 3287/3287 3233/3233
f 3288/3288 3232/3232 3284/3284
f 3236/3236 3284/3284 3232/3232
f 3286/3286 3234/3234 3271/3271
f 3250/3250 3227/3227 3222/3222
f 3289/3289 3290/3290 3291/3291
f 3292/3292 3293/3293 3290/3290
f 3294/3294 3289/3289 3295/3295
f 3296/3296 3292/3292 3289/3289
f 3297/3297 3291/3291 3298/3298
f 3291/3291 3297/3297 3299/3299
f 3299/3299 3300/3300 3291/3291
f 3301/3301 3302/3302 3303/3303
f 3301/3301 3298/3298 3302/3302
f 3291/3291 3302/3302 3298/3298
f 3304/3304 3302/3302 3291/3291
f 3291/3291 3300/3300 3305/3305
f 3306/3306 3295/3295 3307/3307
f 3295/3295 3306/3306 3308/3308
f 3308/3308 3309/3309 3295/3295
f 3310/3310 3311/3311 3291/3291
f 3307/3307 3291/3291 3311/3311
f 3295/3295 3291/3291 3307/3307
f 3305/3305 3310/3310 3291/3291
f 3312/3312 3290/3290 3313/3313
f 3314/3314 3293/3293 3315/3315
f 3293/3293 3314/3314 3313/3313
f 3316/3316 3317/3317 3314/3314
f 3314/3314 3315/3315 3316/3316
f 3315/3315 3293/3293 3318/3318
f 3290/3290 3312/3312 3304/3304
f 3319/3319 3318/3318 3293/3293
f 3290/3290 3293/3293 3313/3313
f 3320/3320 3319/3319 3293/3293
f 3292/3292 3321/3321 3293/3293
f 3321/3321 3320/3320 3293/3293
f 3292/3292 3322/3322 3321/3321
f 3292/3292 3323/3323 3322/3322
f 3323/3323 3292/3292 3324/3324
f 3290/3290 3304/3304 3291/3291
f 3325/3325 3295/3295 3309/3309
f 3326/3326 3327/3327 3328/3328
f 3329/3329 3326/3326 3330/3330
f 3326/3326 3328/3328 3330/3330
f 3326/3326 3295/3295 3331/3331
f 3327/3327 3326/3326 3331/3331
f 3295/3295 3332/3332 3331/3331
f 3333/3333 3326/3326 3329/3329
f 3334/3334 3335/3335 3336/3336
f 3335/3335 3334/3334 3337/3337
f 3337/3337 3338/3338 3335/3335
f 3339/3339 3326/3326 3340/3340
f 3326/3326 3339/3339 3335/3335
f 3335/3335 3339/3339 3336/3336
f 3326/3326 3333/3333 3340/3340
f 3341/3341 3326/3326 3335/3335
f 3296/3296 3342/3342 3292/3292
f 3343/3343 3344/3344 3296/3296
f 3345/3345 3296/3296 3294/3294
f 3324/3324 3292/3292 3342/3342
f 3346/3346 3342/3342 3296/3296
f 3296/3296 3347/3347 3346/3346
f 3296/3296 3344/3344 3347/3347
f 3348/3348 3294/3294 3326/3326
f 3345/3345 3349/3349 3296/3296
f 3294/3294 3350/3350 3345/3345
f 3296/3296 3349/3349 3351/3351
f 3351/3351 3352/3352 3343/3343
f 3352/3352 3351/3351 3353/3353
f 3343/3343 3296/3296 3351/3351
f 3348/3348 3350/3350 3294/3294
f 3348/3348 3326/3326 3341/3341
f 3295/3295 3325/3325 3332/3332
f 3354/3354 3355/3355 3356/3356
f 3357/3357 3358/3358 3354/3354
f 3359/3359 3360/3360 3357/3357
f 3361/3361 3362/3362 3359/3359
f 3363/3363 3364/3364 3361/3361
f 3365/3365 3354/3354 3366/3366
f 3367/3367 3357/3357 3365/3365
f 3368/3368 3359/3359 3367/3367
f 3369/3369 3361/3361 3368/3368
f 3370/3370 3365/3365 3371/3371
f 3372/3372 3367/3367 3370/3370
f 3373/3373 3368/3368 3372/3372
f 3369/3369 3368/3368 3373/3373
f 3374/3374 3370/3370 3375/3375
f 3376/3376 3372/3372 3374/3374
f 3377/3377 3373/3373 3376/3376
f 3378/3378 3374/3374 3379/3379
f 3380/3380 3376/3376 3378/3378
f 3378/3378 3379/3379 3381/3381
f 3382/3382 3383/3383 3384/3384
f 3355/3355 3385/3385 3383/3383
f 3382/3382 3384/3384 3386/3386
f 3387/3387 3360/3360 3388/3388
f 3389/3389 3358/3358 3387/3387
f 3385/3385 3358/3358 3389/3389
f 3390/3390 3391/3391 3386/3386
f 3383/3383 3382/3382 3355/3355
f 3392/3392 3382/3382 3391/3391
f 3356/3356 3382/3382 3392/3392
f 3393/3393 3356/3356 3392/3392
f 3355/3355 3358/3358 3385/3385
f 3393/3393 3366/3366 3356/3356
f 3358/3358 3360/3360 3387/3387
f 3366/3366 3393/3393 3394/3394
f 3386/3386 3391/3391 3382/3382
f 3395/3395 3388/3388 3360/3360
f 3396/3396 3364/3364 3397/3397
f 3398/3398 3362/3362 3396/3396
f 3364/3364 3399/3399 3397/3397
f 3400/3400 3401/3401 3402/3402
f 3399/3399 3364/3364 3403/3403
f 3400/3400 3404/3404 3403/3403
f 3400/3400 3402/3402 3404/3404
f 3398/3398 3395/3395 3362/3362
f 3364/3364 3405/3405 3403/3403
f 3361/3361 3369/3369 3406/3406
f 3362/3362 3395/3395 3360/3360
f 3406/3406 3407/3407 3361/3361
f 3400/3400 3403/3403 3405/3405
f 3408/3408 3363/3363 3407/3407
f 3361/3361 3407/3407 3363/3363
f 3364/3364 3408/3408 3405/3405
f 3364/3364 3363/3363 3408/3408
f 3362/3362 3364/3364 3396/3396
f 3409/3409 3371/3371 3394/3394
f 3375/3375 3409/3409 3410/3410
f 3410/3410 3411/3411 3379/3379
f 3409/3409 3375/3375 3371/3371
f 3379/3379 3375/3375 3410/3410
f 3381/3381 3379/3379 3411/3411
f 3381/3381 3411/3411 3412/3412
f 3411/3411 3413/3413 3412/3412
f 3381/3381 3412/3412 3414/3414
f 3415/3415 3378/3378 3381/3381
f 3416/3416 3417/3417 3381/3381
f 3416/3416 3381/3381 3418/3418
f 3419/3419 3418/3418 3381/3381
f 3419/3419 3381/3381 3414/3414
f 3420/3420 3413/3413 3411/3411
f 3417/3417 3415/3415 3381/3381
f 3421/3421 3373/3373 3422/3422
f 3377/3377 3422/3422 3373/3373
f 3423/3423 3377/3377 3376/3376
f 3424/3424 3422/3422 3377/3377
f 3406/3406 3369/3369 3425/3425
f 3426/3426 3425/3425 3369/3369
f 3426/3426 3369/3369 3427/3427
f 3421/3421 3427/3427 3369/3369
f 3421/3421 3369/3369 3373/3373
f 3428/3428 3380/3380 3429/3429
f 3429/3429 3380/3380 3378/3378
f 3430/3430 3429/3429 3378/3378
f 3424/3424 3377/3377 3431/3431
f 3376/3376 3432/3432 3423/3423
f 3423/3423 3431/3431 3377/3377
f 3432/3432 3376/3376 3428/3428
f 3380/3380 3428/3428 3376/3376
f 3430/3430 3378/3378 3415/3415
f 3394/3394 3371/3371 3366/3366
f 3433/3433 3434/3434 3435/3435
f 3436/3436 3437/3437 3434/3434
f 3438/3438 3433/3433 3439/3439
f 3440/3440 3436/3436 3433/3433
f 3441/3441 3435/3435 3442/3442
f 3443/3443 3435/3435 3441/3441
f 3444/3444 3445/3445 3446/3446
f 3444/3444 3442/3442 3445/3445
f 3435/3435 3445/3445 3442/3442
f 3447/3447 3445/3445 3435/3435
f 3435/3435 3443/3443 3448/3448
f 3439/3439 3449/3449 3450/3450
f 3439/3439 3450/3450 3451/3451
f 3449/3449 3439/3439 3435/3435
f 3452/3452 3435/3435 3453/3453
f 3449/3449 3435/3435 3452/3452
f 3453/3453 3435/3435 3454/3454
f 3454/3454 3435/3435 3448/3448
f 3455/3455 3439/3439 3451/3451
f 3456/3456 3437/3437 3457/3457
f 3458/3458 3459/3459 3457/3457
f 3457/3457 3437/3437 3460/3460
f 3460/3460 3458/3458 3457/3457
f 3460/3460 3437/3437 3461/3461
f 3461/3461 3437/3437 3462/3462
f 3434/3434 3456/3456 3447/3447
f 3456/3456 3434/3434 3437/3437
f 3463/3463 3437/3437 3436/3436
f 3463/3463 3464/3464 3437/3437
f 3436/3436 3465/3465 3463/3463
f 3436/3436 3466/3466 3465/3465
f 3466/3466 3436/3436 3467/3467
f 3462/3462 3437/3437 3464/3464
f 3468/3468 3439/3439 3455/3455
f 3469/3469 3470/3470 3471/3471
f 3472/3472 3469/3469 3473/3473
f 3469/3469 3471/3471 3473/3473
f 3469/3469 3439/3439 3474/3474
f 3470/3470 3469/3469 3474/3474
f 3439/3439 3475/3475 3474/3474
f 3476/3476 3469/3469 3472/3472
f 3477/3477 3478/3478 3479/3479
f 3478/3478 3477/3477 3480/3480
f 3480/3480 3481/3481 3478/3478
f 3482/3482 3469/3469 3483/3483
f 3469/3469 3482/3482 3478/3478
f 3478/3478 3482/3482 3479/3479
f 3469/3469 3476/3476 3483/3483
f 3484/3484 3469/3469 3478/3478
f 3440/3440 3485/3485 3436/3436
f 3486/3486 3487/3487 3440/3440
f 3488/3488 3440/3440 3438/3438
f 3467/3467 3436/3436 3485/3485
f 3489/3489 3485/3485 3440/3440
f 3440/3440 3490/3490 3489/3489
f 3440/3440 3487/3487 3490/3490
f 3491/3491 3438/3438 3469/3469
f 3492/3492 3493/3493 3440/3440
f 3438/3438 3494/3494 3488/3488
f 3488/3488 3492/3492 3440/3440
f 3493/3493 3495/3495 3486/3486
f 3495/3495 3493/3493 3496/3496
f 3486/3486 3440/3440 3493/3493
f 3491/3491 3494/3494 3438/3438
f 3491/3491 3469/3469 3484/3484
f 3439/3439 3468/3468 3475/3475
f 3497/3497 3498/3498 3499/3499
f 3498/3498 3497/3497 3500/3500
f 3501/3501 3498/3498 3500/3500
f 3502/3502 3501/3501 3500/3500
f 3503/3503 3504/3504 3501/3501
f 3505/3505 3506/3506 3504/3504
f 3506/3506 3507/3507 3508/3508
f 3506/3506 3505/3505 3507/3507
f 3505/3505 3504/3504 3503/3503
f 3502/3502 3503/3503 3501/3501
f 3509/3509 3510/3510 3511/3511
f 3511/3511 3512/3512 3509/3509
f 3510/3510 3509/3509 3513/3513
f 3513/3513 3514/3514 3502/3502
f 3514/3514 3515/3515 3503/3503
f 3516/3516 3517/3517 3515/3515
f 3515/3515 3514/3514 3516/3516
f 3517/3517 3516/3516 3518/3518
f 3503/3503 3502/3502 3514/3514
f 3510/3510 3513/3513 3502/3502
f 3519/3519 3520/3520 3521/3521
f 3522/3522 3523/3523 3520/3520
f 3524/3524 3519/3519 3525/3525
f 3526/3526 3522/3522 3519/3519
f 3527/3527 3521/3521 3528/3528
f 3521/3521 3527/3527 3529/3529
f 3529/3529 3530/3530 3521/3521
f 3531/3531 3532/3532 3533/3533
f 3531/3531 3528/3528 3532/3532
f 3521/3521 3532/3532 3528/3528
f 3534/3534 3532/3532 3521/3521
f 3521/3521 3530/3530 3535/3535
f 3536/3536 3525/3525 3537/3537
f 3525/3525 3536/3536 3538/3538
f 3538/3538 3539/3539 3525/3525
f 3540/3540 3541/3541 3521/3521
f 3537/3537 3521/3521 3541/3541
f 3525/3525 3521/3521 3537/3537
f 3535/3535 3540/3540 3521/3521
f 3542/3542 3520/3520 3543/3543
f 3544/3544 3523/3523 3545/3545
f 3523/3523 3544/3544 3543/3543
f 3546/3546 3547/3547 3544/3544
f 3544/3544 3545/3545 3546/3546
f 3545/3545 3523/3523 3548/3548
f 3520/3520 3542/3542 3534/3534
f 3549/3549 3548/3548 3523/3523
f 3520/3520 3523/3523 3543/3543
f 3550/3550 3549/3549 3523/3523
f 3522/3522 3551/3551 3523/3523
f 3551/3551 3550/3550 3523/3523
f 3522/3522 3552/3552 3551/3551
f 3522/3522 3553/3553 3552/3552
f 3553/3553 3522/3522 3554/3554
f 3520/3520 3534/3534 3521/3521
f 3555/3555 3525/3525 3539/3539
f 3556/3556 3557/3557 3558/3558
f 3559/3559 3557/3557 3556/3556
f 3560/3560 3557/3557 3559/3559
f 3561/3561 3562/3562 3525/3525
f 3562/3562 3557/3557 3525/3525
f 3558/3558 3557/3557 3562/3562
f 3557/3557 3560/3560 3563/3563
f 3564/3564 3565/3565 3566/3566
f 3565/3565 3564/3564 3567/3567
f 3567/3567 3568/3568 3565/3565
f 3569/3569 3570/3570 3557/3557
f 3570/3570 3565/3565 3557/3557
f 3566/3566 3565/3565 3570/3570
f 3563/3563 3569/3569 3557/3557
f 3571/3571 3557/3557 3565/3565
f 3572/3572 3554/3554 3522/3522
f 3526/3526 3572/3572 3522/3522
f 3573/3573 3574/3574 3526/3526
f 3575/3575 3572/3572 3526/3526
f 3576/3576 3575/3575 3526/3526
f 3526/3526 3577/3577 3576/3576
f 3526/3526 3574/3574 3577/3577
f 3578/3578 3526/3526 3524/3524
f 3578/3578 3579/3579 3526/3526
f 3580/3580 3581/3581 3524/3524
f 3578/3578 3524/3524 3581/3581
f 3573/3573 3582/3582 3583/3583
f 3574/3574 3573/3573 3583/3583
f 3526/3526 3579/3579 3573/3573
f 3580/3580 3524/3524 3557/3557
f 3580/3580 3557/3557 3571/3571
f 3525/3525 3555/3555 3561/3561
f 3584/3584 3585/3585 3586/3586
f 3587/3587 3588/3588 3584/3584
f 3589/3589 3590/3590 3587/3587
f 3591/3591 3592/3592 3589/3589
f 3593/3593 3594/3594 3591/3591
f 3595/3595 3584/3584 3596/3596
f 3597/3597 3587/3587 3595/3595
f 3598/3598 3589/3589 3597/3597
f 3599/3599 3591/3591 3598/3598
f 3600/3600 3595/3595 3601/3601
f 3602/3602 3597/3597 3600/3600
f 3603/3603 3598/3598 3602/3602
f 3599/3599 3598/3598 3603/3603
f 3604/3604 3600/3600 3605/3605
f 3606/3606 3602/3602 3604/3604
f 3607/3607 3603/3603 3606/3606
f 3608/3608 3604/3604 3609/3609
f 3610/3610 3606/3606 3608/3608
f 3608/3608 3609/3609 3611/3611
f 3612/3612 3613/3613 3614/3614
f 3585/3585 3615/3615 3613/3613
f 3612/3612 3614/3614 3616/3616
f 3617/3617 3590/3590 3618/3618
f 3619/3619 3588/3588 3617/3617
f 3615/3615 3588/3588 3619/3619
f 3620/3620 3621/3621 3616/3616
f 3613/3613 3612/3612 3585/3585
f 3622/3622 3612/3612 3621/3621
f 3586/3586 3612/3612 3622/3622
f 3623/3623 3586/3586 3622/3622
f 3585/3585 3588/3588 3615/3615
f 3623/3623 3596/3596 3586/3586
f 3588/3588 3590/3590 3617/3617
f 3596/3596 3623/3623 3624/3624
f 3616/3616 3621/3621 3612/3612
f 3625/3625 3618/3618 3590/3590
f 3626/3626 3594/3594 3627/3627
f 3628/3628 3592/3592 3626/3626
f 3594/3594 3629/3629 3627/3627
f 3630/3630 3631/3631 3632/3632
f 3594/3594 3633/3633 3629/3629
f 3630/3630 3634/3634 3633/3633
f 3630/3630 3632/3632 3634/3634
f 3625/3625 3592/3592 3628/3628
f 3594/3594 3635/3635 3633/3633
f 3591/3591 3599/3599 3636/3636
f 3592/3592 3625/3625 3590/3590
f 3636/3636 3637/3637 3591/3591
f 3630/3630 3633/3633 3635/3635
f 3638/3638 3593/3593 3637/3637
f 3591/3591 3637/3637 3593/3593
f 3594/3594 3638/3638 3635/3635
f 3594/3594 3593/3593 3638/3638
f 3592/3592 3594/3594 3626/3626
f 3639/3639 3601/3601 3624/3624
f 3605/3605 3639/3639 3640/3640
f 3640/3640 3641/3641 3609/3609
f 3639/3639 3605/3605 3601/3601
f 3609/3609 3605/3605 3640/3640
f 3611/3611 3609/3609 3641/3641
f 3611/3611 3641/3641 3642/3642
f 3641/3641 3643/3643 3642/3642
f 3611/3611 3642/3642 3644/3644
f 3645/3645 3608/3608 3611/3611
f 3646/3646 3647/3647 3611/3611
f 3646/3646 3611/3611 3648/3648
f 3649/3649 3648/3648 3611/3611
f 3649/3649 3611/3611 3644/3644
f 3650/3650 3643/3643 3641/3641
f 3647/3647 3645/3645 3611/3611
f 3651/3651 3603/3603 3652/3652
f 3607/3607 3652/3652 3603/3603
f 3653/3653 3607/3607 3606/3606
f 3654/3654 3652/3652 3607/3607
f 3636/3636 3599/3599 3655/3655
f 3656/3656 3655/3655 3599/3599
f 3656/3656 3599/3599 3657/3657
f 3651/3651 3657/3657 3599/3599
f 3651/3651 3599/3599 3603/3603
f 3658/3658 3610/3610 3659/3659
f 3659/3659 3610/3610 3608/3608
f 3660/3660 3659/3659 3608/3608
f 3654/3654 3607/3607 3661/3661
f 3606/3606 3662/3662 3653/3653
f 3653/3653 3661/3661 3607/3607
f 3662/3662 3606/3606 3658/3658
f 3610/3610 3658/3658 3606/3606
f 3660/3660 3608/3608 3645/3645
f 3624/3624 3601/3601 3596/3596
f 3663/3663 3664/3664 3665/3665
f 3666/3666 3667/3667 3668/3668
f 3669/3669 3670/3670 3671/3671
f 3671/3671 3672/3672 3669/3669
f 3673/3673 3672/3672 3671/3671
f 3674/3674 3675/3675 3676/3676
f 3676/3676 3672/3672 3673/3673
f 3674/3674 3677/3677 3675/3675
f 3678/3678 3679/3679 3672/3672
f 3669/3669 3672/3672 3679/3679
f 3680/3680 3678/3678 3672/3672
f 3681/3681 3682/3682 3675/3675
f 3682/3682 3680/3680 3675/3675
f 3675/3675 3672/3672 3676/3676
f 3683/3683 3677/3677 3684/3684
f 3685/3685 3686/3686 3684/3684
f 3685/3685 3687/3687 3686/3686
f 3688/3688 3689/3689 3690/3690
f 3688/3688 3691/3691 3692/3692
f 3693/3693 3687/3687 3690/3690
f 3692/3692 3689/3689 3688/3688
f 3694/3694 3686/3686 3693/3693
f 3694/3694 3681/3681 3686/3686
f 3694/3694 3693/3693 3695/3695
f 3696/3696 3689/3689 3697/3697
f 3692/3692 3697/3697 3689/3689
f 3689/3689 3696/3696 3695/3695
f 3693/3693 3689/3689 3695/3695
f 3689/3689 3693/3693 3690/3690
f 3684/3684 3686/3686 3683/3683
f 3698/3698 3699/3699 3700/3700
f 3701/3701 3702/3702 3698/3698
f 3703/3703 3698/3698 3704/3704
f 3705/3705 3701/3701 3698/3698
f 3706/3706 3703/3703 3704/3704
f 3707/3707 3705/3705 3706/3706
f 3708/3708 3706/3706 3709/3709
f 3710/3710 3707/3707 3708/3708
f 3711/3711 3708/3708 3712/3712
f 3713/3713 3710/3710 3711/3711
f 3714/3714 3711/3711 3715/3715
f 3716/3716 3713/3713 3711/3711
f 3717/3717 3718/3718 3719/3719
f 3717/3717 3719/3719 3700/3700
f 3719/3719 3720/3720 3700/3700
f 3700/3700 3699/3699 3717/3717
f 3704/3704 3721/3721 3722/3722
f 3721/3721 3704/3704 3723/3723
f 3709/3709 3704/3704 3722/3722
f 3720/3720 3721/3721 3723/3723
f 3702/3702 3724/3724 3699/3699
f 3717/3717 3699/3699 3724/3724
f 3725/3725 3724/3724 3726/3726
f 3702/3702 3726/3726 3724/3724
f 3727/3727 3726/3726 3702/3702
f 3728/3728 3727/3727 3701/3701
f 3701/3701 3705/3705 3729/3729
f 3705/3705 3730/3730 3729/3729
f 3705/3705 3707/3707 3730/3730
f 3731/3731 3732/3732 3733/3733
f 3712/3712 3733/3733 3732/3732
f 3734/3734 3735/3735 3712/3712
f 3715/3715 3735/3735 3736/3736
f 3714/3714 3715/3715 3737/3737
f 3736/3736 3737/3737 3715/3715
f 3738/3738 3714/3714 3737/3737
f 3707/3707 3710/3710 3739/3739
f 3710/3710 3740/3740 3741/3741
f 3740/3740 3710/3710 3713/3713
f 3742/3742 3716/3716 3738/3738
f 3713/3713 3716/3716 3743/3743
f 3716/3716 3742/3742 3744/3744
f 3740/3740 3713/3713 3743/3743
f 3738/3738 3716/3716 3714/3714
f 3745/3745 3746/3746 3747/3747
f 3746/3746 3748/3748 3747/3747
f 3749/3749 3748/3748 3750/3750
f 3749/3749 3751/3751 3752/3752
f 3753/3753 3745/3745 3754/3754
f 3753/3753 3755/3755 3756/3756
f 3757/3757 3753/3753 3756/3756
f 3745/3745 3753/3753 3746/3746
f 3756/3756 3758/3758 3757/3757
f 3748/3748 3746/3746 3750/3750
f 3758/3758 3756/3756 3759/3759
f 3755/3755 3753/3753 3754/3754
f 3760/3760 3761/3761 3751/3751
f 3751/3751 3761/3761 3752/3752
f 3762/3762 3761/3761 3760/3760
f 3763/3763 3762/3762 3764/3764
f 3760/3760 3764/3764 3762/3762
f 3765/3765 3762/3762 3763/3763
f 3759/3759 3766/3766 3767/3767
f 3766/3766 3768/3768 3769/3769
f 3766/3766 3770/3770 3768/3768
f 3769/3769 3767/3767 3766/3766
f 3751/3751 3749/3749 3750/3750
f 3766/3766 3759/3759 3756/3756
f 3771/3771 3772/3772 3766/3766
f 3773/3773 3774/3774 3771/3771
f 3774/3774 3775/3775 3771/3771
f 3771/3771 3776/3776 3772/3772
f 3771/3771 3775/3775 3776/3776
f 3777/3777 3766/3766 3772/3772
f 3773/3773 3771/3771 3778/3778
f 3779/3779 3778/3778 3771/3771
f 3780/3780 3778/3778 3779/3779
f 3779/3779 3781/3781 3780/3780
f 3779/3779 3782/3782 3781/3781
f 3782/3782 3779/3779 3783/3783
f 3766/3766 3784/3784 3785/3785
f 3766/3766 3777/3777 3784/3784
f 3786/3786 3787/3787 3788/3788
f 3789/3789 3785/3785 3788/3788
f 3770/3770 3785/3785 3789/3789
f 3779/3779 3790/3790 3783/3783
f 3779/3779 3791/3791 3790/3790
f 3792/3792 3793/3793 3794/3794
f 3795/3795 3796/3796 3797/3797
f 3798/3798 3799/3799 3792/3792
f 3791/3791 3800/3800 3796/3796
f 3797/3797 3798/3798 3801/3801
f 3785/3785 3770/3770 3766/3766
f 3786/3786 3802/3802 3803/3803
f 3804/3804 3805/3805 3803/3803
f 3762/3762 3765/3765 3804/3804
f 3802/3802 3806/3806 3803/3803
f 3807/3807 3808/3808 3809/3809
f 3807/3807 3810/3810 3811/3811
f 3812/3812 3804/3804 3765/3765
f 3813/3813 3808/3808 3806/3806
f 3814/3814 3815/3815 3804/3804
f 3816/3816 3817/3817 3807/3807
f 3811/3811 3816/3816 3807/3807
f 3804/3804 3815/3815 3818/3818
f 3804/3804 3812/3812 3814/3814
f 3819/3819 3807/3807 3817/3817
f 3820/3820 3821/3821 3822/3822
f 3821/3821 3820/3820 3823/3823
f 3824/3824 3825/3825 3826/3826
f 3824/3824 3826/3826 3822/3822
f 3827/3827 3823/3823 3819/3819
f 3828/3828 3827/3827 3819/3819
f 3829/3829 3828/3828 3819/3819
f 3830/3830 3824/3824 3831/3831
f 3823/3823 3827/3827 3821/3821
f 3832/3832 3831/3831 3824/3824
f 3824/3824 3830/3830 3825/3825
f 3833/3833 3829/3829 3819/3819
f 3833/3833 3819/3819 3817/3817
f 3809/3809 3808/3808 3834/3834
f 3805/3805 3804/3804 3835/3835
f 3836/3836 3810/3810 3807/3807
f 3809/3809 3836/3836 3807/3807
f 3786/3786 3803/3803 3805/3805
f 3787/3787 3789/3789 3788/3788
f 3793/3793 3813/3813 3806/3806
f 3813/3813 3834/3834 3808/3808
f 3813/3813 3837/3837 3838/3838
f 3793/3793 3837/3837 3813/3813
f 3786/3786 3805/3805 3787/3787
f 3832/3832 3824/3824 3839/3839
f 3840/3840 3839/3839 3841/3841
f 3824/3824 3841/3841 3839/3839
f 3842/3842 3839/3839 3840/3840
f 3839/3839 3842/3842 3843/3843
f 3821/3821 3824/3824 3822/3822
f 3843/3843 3844/3844 3845/3845
f 3843/3843 3846/3846 3844/3844
f 3843/3843 3847/3847 3848/3848
f 3846/3846 3843/3843 3848/3848
f 3843/3843 3845/3845 3837/3837
f 3842/3842 3847/3847 3843/3843
f 3837/3837 3845/3845 3838/3838
f 3806/3806 3794/3794 3793/3793
f 3818/3818 3835/3835 3804/3804
f 3802/3802 3794/3794 3806/3806
f 3791/3791 3779/3779 3800/3800
f 3779/3779 3849/3849 3850/3850
f 3779/3779 3851/3851 3849/3849
f 3779/3779 3852/3852 3853/3853
f 3779/3779 3854/3854 3852/3852
f 3779/3779 3850/3850 3854/3854
f 3855/3855 3856/3856 3857/3857
f 3851/3851 3857/3857 3856/3856
f 3858/3858 3855/3855 3857/3857
f 3857/3857 3859/3859 3858/3858
f 3857/3857 3860/3860 3859/3859
f 3861/3861 3860/3860 3862/3862
f 3857/3857 3851/3851 3779/3779
f 3797/3797 3863/3863 3798/3798
f 3793/3793 3799/3799 3864/3864
f 3792/3792 3799/3799 3793/3793
f 3863/3863 3799/3799 3798/3798
f 3862/3862 3865/3865 3861/3861
f 3862/3862 3866/3866 3865/3865
f 3867/3867 3868/3868 3869/3869
f 3869/3869 3870/3870 3871/3871
f 3872/3872 3867/3867 3866/3866
f 3871/3871 3873/3873 3864/3864
f 3862/3862 3860/3860 3857/3857
f 3862/3862 3874/3874 3875/3875
f 3876/3876 3877/3877 3874/3874
f 3874/3874 3878/3878 3879/3879
f 3874/3874 3877/3877 3878/3878
f 3877/3877 3876/3876 3880/3880
f 3879/3879 3875/3875 3874/3874
f 3881/3881 3877/3877 3882/3882
f 3883/3883 3881/3881 3882/3882
f 3884/3884 3885/3885 3881/3881
f 3883/3883 3884/3884 3881/3881
f 3886/3886 3885/3885 3884/3884
f 3880/3880 3882/3882 3877/3877
f 3862/3862 3875/3875 3887/3887
f 3862/3862 3888/3888 3889/3889
f 3862/3862 3889/3889 3890/3890
f 3862/3862 3887/3887 3888/3888
f 3891/3891 3892/3892 3893/3893
f 3886/3886 3892/3892 3885/3885
f 3894/3894 3892/3892 3891/3891
f 3895/3895 3896/3896 3897/3897
f 3894/3894 3897/3897 3896/3896
f 3897/3897 3894/3894 3891/3891
f 3898/3898 3895/3895 3897/3897
f 3886/3886 3893/3893 3892/3892
f 3890/3890 3872/3872 3866/3866
f 3866/3866 3862/3862 3890/3890
f 3869/3869 3868/3868 3899/3899
f 3871/3871 3870/3870 3873/3873
f 3900/3900 3901/3901 3902/3902
f 3900/3900 3903/3903 3904/3904
f 3900/3900 3793/3793 3873/3873
f 3905/3905 3904/3904 3903/3903
f 3899/3899 3906/3906 3907/3907
f 3908/3908 3902/3902 3901/3901
f 3908/3908 3909/3909 3910/3910
f 3910/3910 3909/3909 3911/3911
f 3870/3870 3869/3869 3899/3899
f 3912/3912 3913/3913 3914/3914
f 3912/3912 3915/3915 3913/3913
f 3904/3904 3793/3793 3900/3900
f 3912/3912 3904/3904 3905/3905
f 3912/3912 3914/3914 3916/3916
f 3912/3912 3905/3905 3915/3915
f 3912/3912 3917/3917 3918/3918
f 3918/3918 3919/3919 3920/3920
f 3920/3920 3921/3921 3918/3918
f 3921/3921 3922/3922 3918/3918
f 3917/3917 3919/3919 3918/3918
f 3923/3923 3921/3921 3924/3924
f 3916/3916 3917/3917 3912/3912
f 3907/3907 3906/3906 3925/3925
f 3872/3872 3868/3868 3867/3867
f 3926/3926 3907/3907 3927/3927
f 3900/3900 3873/3873 3901/3901
f 3928/3928 3909/3909 3929/3929
f 3929/3929 3909/3909 3930/3930
f 3926/3926 3931/3931 3907/3907
f 3925/3925 3927/3927 3907/3907
f 3907/3907 3870/3870 3899/3899
f 3897/3897 3907/3907 3898/3898
f 3873/3873 3793/3793 3864/3864
f 3909/3909 3908/3908 3901/3901
f 3909/3909 3928/3928 3911/3911
f 3898/3898 3907/3907 3931/3931
f 3932/3932 3930/3930 3909/3909
f 3933/3933 3932/3932 3934/3934
f 3934/3934 3932/3932 3935/3935
f 3921/3921 3936/3936 3922/3922
f 3937/3937 3936/3936 3921/3921
f 3938/3938 3924/3924 3935/3935
f 3932/3932 3933/3933 3939/3939
f 3924/3924 3938/3938 3940/3940
f 3940/3940 3923/3923 3924/3924
f 3937/3937 3921/3921 3941/3941
f 3941/3941 3921/3921 3942/3942
f 3923/3923 3942/3942 3921/3921
f 3932/3932 3938/3938 3935/3935
f 3932/3932 3939/3939 3930/3930
f 3853/3853 3800/3800 3779/3779
f 3943/3943 3944/3944 3945/3945
f 3946/3946 3947/3947 3943/3943
f 3944/3944 3943/3943 3947/3947
f 3947/3947 3948/3948 3944/3944
f 3947/3947 3949/3949 3948/3948
f 3950/3950 3949/3949 3951/3951
f 3951/3951 3949/3949 3947/3947
f 3950/3950 3951/3951 3952/3952
f 3953/3953 3946/3946 3954/3954
f 3947/3947 3946/3946 3953/3953
f 3947/3947 3953/3953 3955/3955
f 3951/3951 3956/3956 3957/3957
f 3951/3951 3958/3958 3956/3956
f 3957/3957 3959/3959 3960/3960
f 3947/3947 3955/3955 3958/3958
f 3947/3947 3958/3958 3951/3951
f 3960/3960 3961/3961 3952/3952
f 3962/3962 3963/3963 3961/3961
f 3964/3964 3965/3965 3962/3962
f 3960/3960 3959/3959 3962/3962
f 3966/3966 3967/3967 3968/3968
f 3966/3966 3969/3969 3970/3970
f 3967/3967 3965/3965 3964/3964
f 3966/3966 3968/3968 3969/3969
f 3962/3962 3971/3971 3972/3972
f 3972/3972 3973/3973 3964/3964
f 3974/3974 3975/3975 3968/3968
f 3969/3969 3968/3968 3975/3975
f 3968/3968 3973/3973 3974/3974
f 3975/3975 3974/3974 3976/3976
f 3964/3964 3973/3973 3968/3968
f 3968/3968 3967/3967 3964/3964
f 3961/3961 3960/3960 3962/3962
f 3977/3977 3978/3978 3979/3979
f 3980/3980 3977/3977 3981/3981
f 3982/3982 3983/3983 3978/3978
f 3984/3984 3982/3982 3977/3977
f 3985/3985 3986/3986 3987/3987
f 3988/3988 3985/3985 3989/3989
f 3989/3989 3985/3985 3987/3987
f 3988/3988 3989/3989 3978/3978
f 3990/3990 3978/3978 3991/3991
f 3992/3992 3979/3979 3987/3987
f 3993/3993 3992/3992 3994/3994
f 3992/3992 3993/3993 3981/3981
f 3981/3981 3993/3993 3995/3995
f 3981/3981 3995/3995 3980/3980
f 3979/3979 3992/3992 3981/3981
f 3996/3996 3991/3991 3983/3983
f 3997/3997 3983/3983 3982/3982
f 3997/3997 3998/3998 3996/3996
f 3983/3983 3997/3997 3996/3996
f 3999/3999 3997/3997 3982/3982
f 4000/4000 3984/3984 3980/3980
f 4001/4001 3999/3999 3984/3984
f 3999/3999 4001/4001 4002/4002
f 4000/4000 4001/4001 3984/3984
f 3984/3984 3999/3999 3982/3982
f 4003/4003 4004/4004 4005/4005
f 4006/4006 4007/4007 4003/4003
f 4004/4004 4003/4003 4007/4007
f 4007/4007 4008/4008 4004/4004
f 4009/4009 4010/4010 4008/4008
f 4010/4010 4009/4009 4011/4011
f 4012/4012 4013/4013 4011/4011
f 4007/4007 4009/4009 4008/4008
f 4007/4007 4014/4014 4009/4009
f 4015/4015 4006/4006 4016/4016
f 4007/4007 4006/4006 4015/4015
f 4007/4007 4015/4015 4014/4014
f 4011/4011 4017/4017 4018/4018
f 4012/4012 4011/4011 4018/4018
f 4019/4019 4011/4011 4009/4009
f 4011/4011 4019/4019 4017/4017
f 4018/4018 4020/4020 4012/4012
f 4020/4020 4018/4018 4021/4021
f 4022/4022 4023/4023 4021/4021
f 4018/4018 4024/4024 4025/4025
f 4026/4026 4027/4027 4022/4022
f 4028/4028 4027/4027 4026/4026
f 4029/4029 4028/4028 4030/4030
f 4030/4030 4028/4028 4026/4026
f 4021/4021 4031/4031 4022/4022
f 4025/4025 4031/4031 4021/4021
f 4032/4032 4033/4033 4026/4026
f 4030/4030 4026/4026 4033/4033
f 4026/4026 4034/4034 4032/4032
f 4033/4033 4032/4032 4035/4035
f 4034/4034 4026/4026 4022/4022
f 4036/4036 4037/4037 4038/4038
f 4039/4039 4040/4040 4036/4036
f 4037/4037 4036/4036 4040/4040
f 4040/4040 4041/4041 4037/4037
f 4040/4040 4042/4042 4041/4041
f 4043/4043 4042/4042 4044/4044
f 4044/4044 4042/4042 4040/4040
f 4043/4043 4044/4044 4045/4045
f 4046/4046 4039/4039 4047/4047
f 4040/4040 4039/4039 4046/4046
f 4040/4040 4046/4046 4048/4048
f 4044/4044 4049/4049 4050/4050
f 4044/4044 4051/4051 4049/4049
f 4050/4050 4052/4052 4053/4053
f 4040/4040 4048/4048 4051/4051
f 4040/4040 4051/4051 4044/4044
f 4053/4053 4054/4054 4045/4045
f 4054/4054 4053/4053 4055/4055
f 4056/4056 4057/4057 4055/4055
f 4053/4053 4052/4052 4055/4055
f 4058/4058 4059/4059 4060/4060
f 4058/4058 4061/4061 4062/4062
f 4059/4059 4057/4057 4056/4056
f 4058/4058 4060/4060 4061/4061
f 4055/4055 4063/4063 4064/4064
f 4064/4064 4065/4065 4056/4056
f 4066/4066 4067/4067 4060/4060
f 4061/4061 4060/4060 4067/4067
f 4060/4060 4065/4065 4066/4066
f 4067/4067 4066/4066 4068/4068
f 4056/4056 4065/4065 4060/4060
f 4060/4060 4059/4059 4056/4056
f 4069/4069 4070/4070 4071/4071
f 4072/4072 4073/4073 4069/4069
f 4070/4070 4069/4069 4073/4073
f 4073/4073 4074/4074 4070/4070
f 4075/4075 4076/4076 4074/4074
f 4076/4076 4075/4075 4077/4077
f 4078/4078 4079/4079 4077/4077
f 4073/4073 4075/4075 4074/4074
f 4073/4073 4080/4080 4075/4075
f 4081/4081 4072/4072 4082/4082
f 4073/4073 4072/4072 4081/4081
f 4073/4073 4081/4081 4080/4080
f 4077/4077 4083/4083 4084/4084
f 4078/4078 4077/4077 4084/4084
f 4085/4085 4077/4077 4075/4075
f 4077/4077 4085/4085 4083/4083
f 4084/4084 4086/4086 4078/4078
f 4086/4086 4084/4084 4087/4087
f 4088/4088 4089/4089 4087/4087
f 4084/4084 4090/4090 4091/4091
f 4092/4092 4093/4093 4088/4088
f 4094/4094 4093/4093 4092/4092
f 4095/4095 4094/4094 4096/4096
f 4096/4096 4094/4094 4092/4092
f 4087/4087 4097/4097 4088/4088
f 4091/4091 4097/4097 4087/4087
f 4098/4098 4099/4099 4092/4092
f 4096/4096 4092/4092 4099/4099
f 4092/4092 4100/4100 4098/4098
f 4099/4099 4098/4098 4101/4101
f 4088/4088 4102/4102 4100/4100
f 4100/4100 4092/4092 4088/4088
f 4103/4103 4104/4104 4105/4105
f 4106/4106 4103/4103 4107/4107
f 4108/4108 4109/4109 4104/4104
f 4110/4110 4108/4108 4103/4103
f 4111/4111 4112/4112 4113/4113
f 4114/4114 4111/4111 4115/4115
f 4115/4115 4111/4111 4113/4113
f 4114/4114 4115/4115 4104/4104
f 4116/4116 4117/4117 4104/4104
f 4118/4118 4105/4105 4113/4113
f 4119/4119 4118/4118 4120/4120
f 4118/4118 4119/4119 4107/4107
f 4107/4107 4119/4119 4121/4121
f 4107/4107 4121/4121 4106/4106
f 4105/4105 4118/4118 4107/4107
f 4122/4122 4116/4116 4109/4109
f 4123/4123 4109/4109 4108/4108
f 4123/4123 4124/4124 4122/4122
f 4109/4109 4123/4123 4122/4122
f 4123/4123 4108/4108 4125/4125
f 4126/4126 4110/4110 4106/4106
f 4127/4127 4125/4125 4110/4110
f 4125/4125 4127/4127 4128/4128
f 4126/4126 4127/4127 4110/4110
f 4116/4116 4104/4104 4109/4109
f 4129/4129 4130/4130 4131/4131
f 4132/4132 4133/4133 4129/4129
f 4130/4130 4129/4129 4133/4133
f 4133/4133 4134/4134 4130/4130
f 4133/4133 4135/4135 4134/4134
f 4136/4136 4135/4135 4137/4137
f 4137/4137 4135/4135 4133/4133
f 4138/4138 4136/4136 4137/4137
f 4139/4139 4132/4132 4140/4140
f 4133/4133 4132/4132 4139/4139
f 4133/4133 4139/4139 4141/4141
f 4137/4137 4142/4142 4143/4143
f 4138/4138 4137/4137 4144/4144
f 4137/4137 4145/4145 4142/4142
f 4143/4143 4146/4146 4144/4144
f 4133/4133 4141/4141 4145/4145
f 4133/4133 4145/4145 4137/4137
f 4144/4144 4147/4147 4138/4138
f 4147/4147 4144/4144 4148/4148
f 4149/4149 4150/4150 4148/4148
f 4144/4144 4146/4146 4148/4148
f 4151/4151 4152/4152 4153/4153
f 4151/4151 4154/4154 4155/4155
f 4152/4152 4150/4150 4149/4149
f 4151/4151 4153/4153 4154/4154
f 4148/4148 4156/4156 4157/4157
f 4157/4157 4158/4158 4149/4149
f 4159/4159 4160/4160 4153/4153
f 4154/4154 4153/4153 4160/4160
f 4153/4153 4158/4158 4159/4159
f 4160/4160 4159/4159 4161/4161
f 4149/4149 4158/4158 4153/4153
f 4153/4153 4152/4152 4149/4149
f 4162/4162 4163/4163 4164/4164
f 4165/4165 4166/4166 4162/4162
f 4163/4163 4162/4162 4166/4166
f 4166/4166 4167/4167 4163/4163
f 4166/4166 4168/4168 4167/4167
f 4169/4169 4168/4168 4170/4170
f 4170/4170 4168/4168 4166/4166
f 4171/4171 4169/4169 4170/4170
f 4172/4172 4165/4165 4173/4173
f 4166/4166 4165/4165 4172/4172
f 4166/4166 4172/4172 4174/4174
f 4170/4170 4175/4175 4176/4176
f 4171/4171 4170/4170 4177/4177
f 4170/4170 4178/4178 4175/4175
f 4176/4176 4179/4179 4177/4177
f 4166/4166 4174/4174 4178/4178
f 4166/4166 4178/4178 4170/4170
f 4177/4177 4180/4180 4171/4171
f 4180/4180 4177/4177 4181/4181
f 4182/4182 4183/4183 4181/4181
f 4177/4177 4179/4179 4181/4181
f 4184/4184 4185/4185 4186/4186
f 4184/4184 4187/4187 4188/4188
f 4185/4185 4183/4183 4182/4182
f 4184/4184 4186/4186 4187/4187
f 4181/4181 4189/4189 4190/4190
f 4190/4190 4191/4191 4182/4182
f 4192/4192 4193/4193 4186/4186
f 4187/4187 4186/4186 4193/4193
f 4186/4186 4191/4191 4192/4192
f 4193/4193 4192/4192 4194/4194
f 4182/4182 4191/4191 4186/4186
f 4186/4186 4185/4185 4182/4182
f 4195/4195 4196/4196 4197/4197
f 4198/4198 4199/4199 4195/4195
f 4196/4196 4195/4195 4199/4199
f 4199/4199 4200/4200 4196/4196
f 4201/4201 4202/4202 4200/4200
f 4202/4202 4201/4201 4203/4203
f 4204/4204 4203/4203 4205/4205
f 4199/4199 4201/4201 4200/4200
f 4199/4199 4206/4206 4201/4201
f 4207/4207 4198/4198 4208/4208
f 4199/4199 4198/4198 4207/4207
f 4199/4199 4207/4207 4206/4206
f 4203/4203 4209/4209 4210/4210
f 4211/4211 4203/4203 4201/4201
f 4203/4203 4211/4211 4209/4209
f 4210/4210 4212/4212 4205/4205
f 4212/4212 4210/4210 4213/4213
f 4214/4214 4215/4215 4213/4213
f 4210/4210 4216/4216 4217/4217
f 4218/4218 4219/4219 4214/4214
f 4220/4220 4219/4219 4218/4218
f 4221/4221 4220/4220 4222/4222
f 4222/4222 4220/4220 4218/4218
f 4213/4213 4223/4223 4214/4214
f 4217/4217 4223/4223 4213/4213
f 4224/4224 4225/4225 4218/4218
f 4222/4222 4218/4218 4225/4225
f 4218/4218 4226/4226 4224/4224
f 4225/4225 4224/4224 4227/4227
f 4226/4226 4218/4218 4214/4214
f 4228/4228 4229/4229 4230/4230
f 4231/4231 4228/4228 4230/4230
f 4232/4232 4233/4233 4229/4229
f 4234/4234 4232/4232 4228/4228
f 4235/4235 4236/4236 4237/4237
f 4238/4238 4235/4235 4239/4239
f 4239/4239 4235/4235 4237/4237
f 4229/4229 4240/4240 4238/4238
f 4240/4240 4229/4229 4241/4241
f 4239/4239 4229/4229 4238/4238
f 4242/4242 4230/4230 4237/4237
f 4243/4243 4242/4242 4244/4244
f 4242/4242 4243/4243 4245/4245
f 4245/4245 4243/4243 4246/4246
f 4245/4245 4246/4246 4231/4231
f 4230/4230 4242/4242 4245/4245
f 4247/4247 4241/4241 4233/4233
f 4248/4248 4233/4233 4232/4232
f 4248/4248 4249/4249 4247/4247
f 4233/4233 4248/4248 4247/4247
f 4248/4248 4232/4232 4250/4250
f 4251/4251 4234/4234 4231/4231
f 4252/4252 4250/4250 4234/4234
f 4250/4250 4252/4252 4253/4253
f 4251/4251 4252/4252 4234/4234
f 4254/4254 4255/4255 4256/4256
f 4257/4257 4258/4258 4254/4254
f 4255/4255 4254/4254 4258/4258
f 4258/4258 4259/4259 4255/4255
f 4258/4258 4260/4260 4259/4259
f 4261/4261 4260/4260 4262/4262
f 4262/4262 4260/4260 4258/4258
f 4261/4261 4262/4262 4263/4263
f 4264/4264 4257/4257 4265/4265
f 4258/4258 4257/4257 4264/4264
f 4258/4258 4264/4264 4266/4266
f 4262/4262 4267/4267 4268/4268
f 4262/4262 4269/4269 4267/4267
f 4268/4268 4270/4270 4271/4271
f 4258/4258 4266/4266 4269/4269
f 4258/4258 4269/4269 4262/4262
f 4271/4271 4272/4272 4263/4263
f 4272/4272 4271/4271 4273/4273
f 4274/4274 4275/4275 4273/4273
f 4271/4271 4270/4270 4273/4273
f 4276/4276 4277/4277 4278/4278
f 4276/4276 4279/4279 4280/4280
f 4277/4277 4275/4275 4274/4274
f 4276/4276 4278/4278 4279/4279
f 4273/4273 4281/4281 4282/4282
f 4282/4282 4283/4283 4274/4274
f 4284/4284 4285/4285 4278/4278
f 4279/4279 4278/4278 4285/4285
f 4278/4278 4283/4283 4284/4284
f 4285/4285 4284/4284 4286/4286
f 4274/4274 4283/4283 4278/4278
f 4278/4278 4277/4277 4274/4274
f 4287/4287 4288/4288 4289/4289
f 4290/4290 4291/4291 4287/4287
f 4288/4288 4287/4287 4291/4291
f 4291/4291 4292/4292 4288/4288
f 4291/4291 4293/4293 4292/4292
f 4294/4294 4293/4293 4295/4295
f 4295/4295 4293/4293 4291/4291
f 4294/4294 4295/4295 4296/4296
f 4297/4297 4290/4290 4298/4298
f 4291/4291 4290/4290 4297/4297
f 4291/4291 4297/4297 4299/4299
f 4295/4295 4300/4300 4301/4301
f 4295/4295 4302/4302 4300/4300
f 4301/4301 4303/4303 4304/4304
f 4291/4291 4299/4299 4302/4302
f 4291/4291 4302/4302 4295/4295
f 4304/4304 4305/4305 4296/4296
f 4305/4305 4304/4304 4306/4306
f 4307/4307 4308/4308 4306/4306
f 4304/4304 4303/4303 4306/4306
f 4309/4309 4310/4310 4311/4311
f 4309/4309 4312/4312 4313/4313
f 4310/4310 4308/4308 4307/4307
f 4309/4309 4311/4311 4312/4312
f 4306/4306 4314/4314 4315/4315
f 4315/4315 4316/4316 4307/4307
f 4317/4317 4318/4318 4311/4311
f 4312/4312 4311/4311 4318/4318
f 4311/4311 4316/4316 4317/4317
f 4318/4318 4317/4317 4319/4319
f 4307/4307 4316/4316 4311/4311
f 4311/4311 4310/4310 4307/4307
f 4320/4320 4321/4321 4322/4322
f 4323/4323 4324/4324 4320/4320
f 4321/4321 4320/4320 4324/4324
f 4324/4324 4325/4325 4321/4321
f 4326/4326 4327/4327 4325/4325
f 4327/4327 4326/4326 4328/4328
f 4329/4329 4330/4330 4328/4328
f 4324/4324 4326/4326 4325/4325
f 4324/4324 4331/4331 4326/4326
f 4332/4332 4323/4323 4333/4333
f 4324/4324 4323/4323 4332/4332
f 4324/4324 4332/4332 4331/4331
f 4328/4328 4334/4334 4335/4335
f 4329/4329 4328/4328 4335/4335
f 4336/4336 4328/4328 4326/4326
f 4328/4328 4336/4336 4334/4334
f 4335/4335 4337/4337 4329/4329
f 4337/4337 4335/4335 4338/4338
f 4339/4339 4340/4340 4338/4338
f 4335/4335 4341/4341 4342/4342
f 4343/4343 4344/4344 4339/4339
f 4345/4345 4344/4344 4343/4343
f 4346/4346 4345/4345 4347/4347
f 4347/4347 4345/4345 4343/4343
f 4338/4338 4348/4348 4339/4339
f 4342/4342 4348/4348 4338/4338
f 4349/4349 4350/4350 4343/4343
f 4347/4347 4343/4343 4350/4350
f 4343/4343 4351/4351 4349/4349
f 4350/4350 4349/4349 4352/4352
f 4351/4351 4343/4343 4339/4339
f 4353/4353 4354/4354 4355/4355
f 4356/4356 4353/4353 4357/4357
f 4358/4358 4359/4359 4354/4354
f 4360/4360 4358/4358 4353/4353
f 4361/4361 4362/4362 4363/4363
f 4364/4364 4361/4361 4355/4355
f 4355/4355 4361/4361 4363/4363
f 4354/4354 4365/4365 4364/4364
f 4365/4365 4354/4354 4366/4366
f 4355/4355 4354/4354 4364/4364
f 4367/4367 4357/4357 4363/4363
f 4368/4368 4367/4367 4369/4369
f 4367/4367 4368/4368 4370/4370
f 4370/4370 4368/4368 4371/4371
f 4370/4370 4371/4371 4356/4356
f 4357/4357 4367/4367 4370/4370
f 4372/4372 4366/4366 4359/4359
f 4373/4373 4359/4359 4358/4358
f 4373/4373 4374/4374 4372/4372
f 4359/4359 4373/4373 4372/4372
f 4373/4373 4358/4358 4375/4375
f 4376/4376 4360/4360 4356/4356
f 4377/4377 4375/4375 4360/4360
f 4375/4375 4377/4377 4378/4378
f 4376/4376 4377/4377 4360/4360
f 4379/4379 4380/4380 4381/4381
f 4382/4382 4383/4383 4379/4379
f 4380/4380 4379/4379 4383/4383
f 4383/4383 4384/4384 4380/4380
f 4383/4383 4385/4385 4384/4384
f 4386/4386 4385/4385 4387/4387
f 4387/4387 4385/4385 4383/4383
f 4386/4386 4387/4387 4388/4388
f 4389/4389 4382/4382 4390/4390
f 4383/4383 4382/4382 4389/4389
f 4383/4383 4389/4389 4391/4391
f 4387/4387 4392/4392 4393/4393
f 4387/4387 4394/4394 4392/4392
f 4393/4393 4395/4395 4396/4396
f 4383/4383 4391/4391 4394/4394
f 4383/4383 4394/4394 4387/4387
f 4396/4396 4397/4397 4388/4388
f 4397/4397 4396/4396 4398/4398
f 4399/4399 4400/4400 4398/4398
f 4396/4396 4395/4395 4398/4398
f 4401/4401 4402/4402 4403/4403
f 4401/4401 4404/4404 4405/4405
f 4402/4402 4400/4400 4399/4399
f 4401/4401 4403/4403 4404/4404
f 4398/4398 4406/4406 4407/4407
f 4407/4407 4408/4408 4399/4399
f 4409/4409 4410/4410 4403/4403
f 4404/4404 4403/4403 4410/4410
f 4403/4403 4408/4408 4409/4409
f 4410/4410 4409/4409 4411/4411
f 4399/4399 4408/4408 4403/4403
f 4403/4403 4402/4402 4399/4399
f 4412/4412 4413/4413 4414/4414
f 4415/4415 4416/4416 4412/4412
f 4413/4413 4412/4412 4416/4416
f 4416/4416 4417/4417 4413/4413
f 4416/4416 4418/4418 4417/4417
f 4419/4419 4418/4418 4420/4420
f 4420/4420 4418/4418 4416/4416
f 4419/4419 4420/4420 4421/4421
f 4422/4422 4415/4415 4423/4423
f 4416/4416 4415/4415 4422/4422
f 4416/4416 4422/4422 4424/4424
f 4420/4420 4425/4425 4426/4426
f 4420/4420 4427/4427 4425/4425
f 4426/4426 4428/4428 4429/4429
f 4416/4416 4424/4424 4427/4427
f 4416/4416 4427/4427 4420/4420
f 4429/4429 4430/4430 4421/4421
f 4430/4430 4429/4429 4431/4431
f 4432/4432 4433/4433 4431/4431
f 4429/4429 4428/4428 4431/4431
f 4434/4434 4435/4435 4436/4436
f 4434/4434 4437/4437 4438/4438
f 4435/4435 4433/4433 4432/4432
f 4434/4434 4436/4436 4437/4437
f 4431/4431 4439/4439 4440/4440
f 4440/4440 4441/4441 4432/4432
f 4442/4442 4443/4443 4436/4436
f 4437/4437 4436/4436 4443/4443
f 4436/4436 4441/4441 4442/4442
f 4443/4443 4442/4442 4444/4444
f 4432/4432 4441/4441 4436/4436
f 4436/4436 4435/4435 4432/4432
f 4445/4445 4446/4446 4447/4447
f 4448/4448 4449/4449 4445/4445
f 4446/4446 4445/4445 4449/4449
f 4449/4449 4450/4450 4446/4446
f 4451/4451 4452/4452 4450/4450
f 4452/4452 4451/4451 4453/4453
f 4454/4454 4453/4453 4455/4455
f 4449/4449 4451/4451 4450/4450
f 4449/4449 4456/4456 4451/4451
f 4457/4457 4448/4448 4458/4458
f 4449/4449 4448/4448 4457/4457
f 4449/4449 4457/4457 4456/4456
f 4453/4453 4459/4459 4460/4460
f 4461/4461 4453/4453 4451/4451
f 4453/4453 4461/4461 4459/4459
f 4460/4460 4462/4462 4455/4455
f 4463/4463 4464/4464 4462/4462
f 4465/4465 4466/4466 4463/4463
f 4460/4460 4467/4467 4468/4468
f 4469/4469 4470/4470 4465/4465
f 4471/4471 4470/4470 4469/4469
f 4472/4472 4471/4471 4473/4473
f 4473/4473 4471/4471 4469/4469
f 4463/4463 4474/4474 4465/4465
f 4468/4468 4474/4474 4463/4463
f 4475/4475 4476/4476 4469/4469
f 4473/4473 4469/4469 4476/4476
f 4469/4469 4477/4477 4475/4475
f 4476/4476 4475/4475 4478/4478
f 4477/4477 4469/4469 4465/4465
f 4462/4462 4460/4460 4463/4463
f 4479/4479 4480/4480 4481/4481
f 4482/4482 4479/4479 4483/4483
f 4484/4484 4485/4485 4480/4480
f 4486/4486 4484/4484 4482/4482
f 4487/4487 4488/4488 4489/4489
f 4490/4490 4487/4487 4491/4491
f 4491/4491 4487/4487 4489/4489
f 4490/4490 4491/4491 4480/4480
f 4492/4492 4480/4480 4493/4493
f 4494/4494 4481/4481 4489/4489
f 4495/4495 4494/4494 4496/4496
f 4494/4494 4495/4495 4483/4483
f 4483/4483 4495/4495 4497/4497
f 4483/4483 4497/4497 4482/4482
f 4481/4481 4494/4494 4483/4483
f 4498/4498 4493/4493 4485/4485
f 4499/4499 4485/4485 4484/4484
f 4499/4499 4500/4500 4498/4498
f 4485/4485 4499/4499 4498/4498
f 4501/4501 4499/4499 4484/4484
f 4502/4502 4486/4486 4482/4482
f 4503/4503 4501/4501 4486/4486
f 4501/4501 4503/4503 4504/4504
f 4502/4502 4503/4503 4486/4486
f 4486/4486 4501/4501 4484/4484
f 4505/4505 4506/4506 4507/4507
f 4508/4508 4509/4509 4505/4505
f 4506/4506 4505/4505 4509/4509
f 4509/4509 4510/4510 4506/4506
f 4509/4509 4511/4511 4510/4510
f 4512/4512 4511/4511 4513/4513
f 4513/4513 4511/4511 4509/4509
f 4512/4512 4513/4513 4514/4514
f 4515/4515 4508/4508 4516/4516
f 4509/4509 4508/4508 4515/4515
f 4509/4509 4515/4515 4517/4517
f 4513/4513 4518/4518 4519/4519
f 4513/4513 4520/4520 4518/4518
f 4519/4519 4521/4521 4522/4522
f 4509/4509 4517/4517 4520/4520
f 4509/4509 4520/4520 4513/4513
f 4522/4522 4523/4523 4514/4514
f 4523/4523 4522/4522 4524/4524
f 4525/4525 4526/4526 4524/4524
f 4522/4522 4521/4521 4524/4524
f 4527/4527 4528/4528 4529/4529
f 4527/4527 4530/4530 4531/4531
f 4528/4528 4526/4526 4525/4525
f 4527/4527 4529/4529 4530/4530
f 4524/4524 4532/4532 4533/4533
f 4533/4533 4534/4534 4525/4525
f 4535/4535 4536/4536 4529/4529
f 4530/4530 4529/4529 4536/4536
f 4529/4529 4534/4534 4535/4535
f 4536/4536 4535/4535 4537/4537
f 4525/4525 4534/4534 4529/4529
f 4529/4529 4528/4528 4525/4525
f 4538/4538 4539/4539 4540/4540
f 4541/4541 4542/4542 4538/4538
f 4539/4539 4538/4538 4542/4542
f 4542/4542 4543/4543 4539/4539
f 4542/4542 4544/4544 4543/4543
f 4545/4545 4544/4544 4546/4546
f 4546/4546 4544/4544 4542/4542
f 4547/4547 4545/4545 4546/4546
f 4548/4548 4541/4541 4549/4549
f 4542/4542 4541/4541 4548/4548
f 4542/4542 4548/4548 4550/4550
f 4546/4546 4551/4551 4552/4552
f 4547/4547 4546/4546 4553/4553
f 4546/4546 4554/4554 4551/4551
f 4552/4552 4555/4555 4553/4553
f 4542/4542 4550/4550 4554/4554
f 4542/4542 4554/4554 4546/4546
f 4553/4553 4556/4556 4547/4547
f 4556/4556 4553/4553 4557/4557
f 4558/4558 4559/4559 4557/4557
f 4553/4553 4555/4555 4557/4557
f 4560/4560 4561/4561 4562/4562
f 4560/4560 4563/4563 4564/4564
f 4561/4561 4559/4559 4558/4558
f 4560/4560 4562/4562 4563/4563
f 4557/4557 4565/4565 4566/4566
f 4566/4566 4567/4567 4558/4558
f 4568/4568 4569/4569 4562/4562
f 4563/4563 4562/4562 4569/4569
f 4562/4562 4567/4567 4568/4568
f 4569/4569 4568/4568 4570/4570
f 4558/4558 4567/4567 4562/4562
f 4562/4562 4561/4561 4558/4558
f 4571/4571 4572/4572 4573/4573
f 4574/4574 4575/4575 4571/4571
f 4572/4572 4571/4571 4575/4575
f 4575/4575 4576/4576 4572/4572
f 4577/4577 4578/4578 4576/4576
f 4578/4578 4577/4577 4579/4579
f 4580/4580 4581/4581 4579/4579
f 4575/4575 4577/4577 4576/4576
f 4575/4575 4582/4582 4577/4577
f 4583/4583 4574/4574 4584/4584
f 4575/4575 4574/4574 4583/4583
f 4575/4575 4583/4583 4582/4582
f 4579/4579 4585/4585 4586/4586
f 4580/4580 4579/4579 4586/4586
f 4587/4587 4579/4579 4577/4577
f 4579/4579 4587/4587 4585/4585
f 4586/4586 4588/4588 4580/4580
f 4588/4588 4586/4586 4589/4589
f 4590/4590 4591/4591 4589/4589
f 4586/4586 4592/4592 4593/4593
f 4594/4594 4595/4595 4590/4590
f 4596/4596 4595/4595 4594/4594
f 4597/4597 4596/4596 4598/4598
f 4598/4598 4596/4596 4594/4594
f 4589/4589 4599/4599 4590/4590
f 4593/4593 4599/4599 4589/4589
f 4600/4600 4601/4601 4594/4594
f 4598/4598 4594/4594 4601/4601
f 4594/4594 4602/4602 4600/4600
f 4601/4601 4600/4600 4603/4603
f 4602/4602 4594/4594 4590/4590
f 4604/4604 4605/4605 4606/4606
f 4607/4607 4604/4604 4608/4608
f 4609/4609 4610/4610 4605/4605
f 4611/4611 4609/4609 4607/4607
f 4612/4612 4613/4613 4614/4614
f 4615/4615 4612/4612 4616/4616
f 4616/4616 4612/4612 4614/4614
f 4615/4615 4616/4616 4605/4605
f 4617/4617 4618/4618 4605/4605
f 4619/4619 4606/4606 4614/4614
f 4620/4620 4619/4619 4621/4621
f 4619/4619 4620/4620 4608/4608
f 4608/4608 4620/4620 4622/4622
f 4608/4608 4622/4622 4607/4607
f 4606/4606 4619/4619 4608/4608
f 4623/4623 4617/4617 4610/4610
f 4624/4624 4610/4610 4609/4609
f 4624/4624 4625/4625 4623/4623
f 4610/4610 4624/4624 4623/4623
f 4626/4626 4624/4624 4609/4609
f 4627/4627 4611/4611 4607/4607
f 4628/4628 4626/4626 4611/4611
f 4626/4626 4628/4628 4629/4629
f 4627/4627 4628/4628 4611/4611
f 4611/4611 4626/4626 4609/4609
f 4617/4617 4605/4605 4610/4610
f 4630/4630 4631/4631 4632/4632
f 4633/4633 4634/4634 4630/4630
f 4631/4631 4630/4630 4634/4634
f 4634/4634 4635/4635 4631/4631
f 4634/4634 4636/4636 4635/4635
f 4637/4637 4636/4636 4638/4638
f 4638/4638 4636/4636 4634/4634
f 4637/4637 4638/4638 4639/4639
f 4640/4640 4633/4633 4641/4641
f 4634/4634 4633/4633 4640/4640
f 4634/4634 4640/4640 4642/4642
f 4638/4638 4643/4643 4644/4644
f 4638/4638 4645/4645 4643/4643
f 4644/4644 4646/4646 4647/4647
f 4634/4634 4642/4642 4645/4645
f 4634/4634 4645/4645 4638/4638
f 4647/4647 4648/4648 4639/4639
f 4649/4649 4650/4650 4648/4648
f 4651/4651 4652/4652 4649/4649
f 4647/4647 4646/4646 4649/4649
f 4653/4653 4654/4654 4655/4655
f 4653/4653 4656/4656 4657/4657
f 4654/4654 4652/4652 4651/4651
f 4653/4653 4655/4655 4656/4656
f 4649/4649 4658/4658 4659/4659
f 4659/4659 4660/4660 4651/4651
f 4661/4661 4662/4662 4655/4655
f 4656/4656 4655/4655 4662/4662
f 4655/4655 4660/4660 4661/4661
f 4662/4662 4661/4661 4663/4663
f 4651/4651 4660/4660 4655/4655
f 4655/4655 4654/4654 4651/4651
f 4648/4648 4647/4647 4649/4649
f 4664/4664 4665/4665 4666/4666
f 4667/4667 4668/4668 4664/4664
f 4665/4665 4664/4664 4668/4668
f 4668/4668 4669/4669 4665/4665
f 4668/4668 4670/4670 4669/4669
f 4671/4671 4670/4670 4672/4672
f 4672/4672 4670/4670 4668/4668
f 4673/4673 4671/4671 4672/4672
f 4674/4674 4667/4667 4675/4675
f 4668/4668 4667/4667 4674/4674
f 4668/4668 4674/4674 4676/4676
f 4672/4672 4677/4677 4678/4678
f 4673/4673 4672/4672 4679/4679
f 4672/4672 4680/4680 4677/4677
f 4678/4678 4681/4681 4679/4679
f 4668/4668 4676/4676 4680/4680
f 4668/4668 4680/4680 4672/4672
f 4679/4679 4682/4682 4673/4673
f 4683/4683 4684/4684 4682/4682
f 4685/4685 4686/4686 4683/4683
f 4679/4679 4681/4681 4683/4683
f 4687/4687 4688/4688 4689/4689
f 4687/4687 4690/4690 4691/4691
f 4688/4688 4686/4686 4685/4685
f 4687/4687 4689/4689 4690/4690
f 4683/4683 4692/4692 4693/4693
f 4693/4693 4694/4694 4685/4685
f 4695/4695 4696/4696 4689/4689
f 4690/4690 4689/4689 4696/4696
f 4689/4689 4694/4694 4695/4695
f 4696/4696 4695/4695 4697/4697
f 4685/4685 4694/4694 4689/4689
f 4689/4689 4688/4688 4685/4685
f 4682/4682 4679/4679 4683/4683
f 4698/4698 4699/4699 4700/4700
f 4701/4701 4702/4702 4703/4703
f 4704/4704 4705/4705 4702/4702
f 4698/4698 4701/4701 4703/4703
f 4701/4701 4698/4698 4706/4706
f 4705/4705 4704/4704 4707/4707
f 4708/4708 4709/4709 4710/4710
f 4707/4707 4711/4711 4708/4708
f 4712/4712 4710/4710 4713/4713
f 4701/4701 4714/4714 4704/4704
f 4715/4715 4701/4701 4706/4706
f 4716/4716 4711/4711 4704/4704
f 4715/4715 4714/4714 4701/4701
f 4711/4711 4716/4716 4717/4717
f 4710/4710 4709/4709 4713/4713
f 4709/4709 4718/4718 4713/4713
f 4709/4709 4717/4717 4718/4718
f 4719/4719 4720/4720 4713/4713
f 4713/4713 4721/4721 4712/4712
f 4722/4722 4723/4723 4713/4713
f 4724/4724 4725/4725 4726/4726
f 4723/4723 4722/4722 4726/4726
f 4722/4722 4727/4727 4724/4724
f 4713/4713 4720/4720 4728/4728
f 4729/4729 4730/4730 4725/4725
f 4731/4731 4732/4732 4733/4733
f 4734/4734 4735/4735 4733/4733
f 4730/4730 4729/4729 4732/4732
f 4734/4734 4736/4736 4737/4737
f 4724/4724 4738/4738 4729/4729
f 4728/4728 4727/4727 4722/4722
f 4729/4729 4739/4739 4732/4732
f 4732/4732 4740/4740 4733/4733
f 4733/4733 4741/4741 4736/4736
f 4734/4734 4733/4733 4736/4736
f 4742/4742 4743/4743 4744/4744
f 4742/4742 4744/4744 4745/4745
f 4746/4746 4745/4745 4744/4744
f 4747/4747 4743/4743 4742/4742
f 4748/4748 4749/4749 4750/4750
f 4748/4748 4751/4751 4747/4747
f 4743/4743 4747/4747 4751/4751
f 4750/4750 4751/4751 4748/4748
f 4752/4752 4749/4749 4748/4748
f 4753/4753 4754/4754 4755/4755
f 4756/4756 4757/4757 4758/4758
f 4758/4758 4759/4759 4753/4753
f 4756/4756 4760/4760 4761/4761
f 4754/4754 4745/4745 4746/4746
f 4758/4758 4757/4757 4759/4759
f 4756/4756 4761/4761 4757/4757
f 4759/4759 4754/4754 4753/4753
f 4761/4761 4760/4760 4762/4762
f 4755/4755 4754/4754 4746/4746
f 4763/4763 4764/4764 4765/4765
f 4764/4764 4763/4763 4766/4766
f 4765/4765 4752/4752 4763/4763
f 4752/4752 4765/4765 4749/4749
f 4767/4767 4764/4764 4766/4766
f 4768/4768 4767/4767 4766/4766
f 4769/4769 4768/4768 4770/4770
f 4769/4769 4771/4771 4772/4772
f 4773/4773 4772/4772 4774/4774
f 4768/4768 4766/4766 4770/4770
f 4771/4771 4774/4774 4772/4772
f 4775/4775 4776/4776 4777/4777
f 4773/4773 4776/4776 4778/4778
f 4774/4774 4776/4776 4773/4773
f 4775/4775 4778/4778 4776/4776
f 4779/4779 4780/4780 4781/4781
f 4777/4777 4780/4780 4775/4775
f 4781/4781 4782/4782 4779/4779
f 4777/4777 4781/4781 4780/4780
f 4770/4770 4771/4771 4769/4769
f 4783/4783 4784/4784 4762/4762
f 4785/4785 4783/4783 4786/4786
f 4786/4786 4787/4787 4788/4788
f 4783/4783 4785/4785 4784/4784
f 4788/4788 4789/4789 4790/4790
f 4790/4790 4791/4791 4792/4792
f 4788/4788 4785/4785 4786/4786
f 4787/4787 4789/4789 4788/4788
f 4792/4792 4791/4791 4793/4793
f 4789/4789 4791/4791 4790/4790
f 4794/4794 4793/4793 4795/4795
f 4793/4793 4794/4794 4792/4792
f 4796/4796 4794/4794 4795/4795
f 4797/4797 4798/4798 4796/4796
f 4798/4798 4797/4797 4799/4799
f 4800/4800 4797/4797 4796/4796
f 4800/4800 4796/4796 4795/4795
f 4801/4801 4798/4798 4799/4799
f 4802/4802 4782/4782 4803/4803
f 4804/4804 4805/4805 4806/4806
f 4807/4807 4808/4808 4806/4806
f 4809/4809 4803/4803 4808/4808
f 4802/4802 4810/4810 4782/4782
f 4809/4809 4808/4808 4807/4807
f 4809/4809 4802/4802 4803/4803
f 4806/4806 4805/4805 4807/4807
f 4804/4804 4806/4806 4811/4811
f 4779/4779 4782/4782 4810/4810
f 4812/4812 4813/4813 4814/4814
f 4812/4812 4815/4815 4816/4816
f 4799/4799 4815/4815 4801/4801
f 4801/4801 4815/4815 4812/4812
f 4816/4816 4813/4813 4812/4812
f 4817/4817 4818/4818 4811/4811
f 4804/4804 4811/4811 4818/4818
f 4818/4818 4817/4817 4819/4819
f 4819/4819 4817/4817 4814/4814
f 4819/4819 4814/4814 4813/4813
f 4762/4762 4784/4784 4761/4761
f 4820/4820 4821/4821 4822/4822
f 4820/4820 4822/4822 4823/4823
f 4824/4824 4823/4823 4822/4822
f 4825/4825 4821/4821 4820/4820
f 4826/4826 4827/4827 4828/4828
f 4826/4826 4829/4829 4825/4825
f 4821/4821 4825/4825 4829/4829
f 4828/4828 4829/4829 4826/4826
f 4830/4830 4827/4827 4826/4826
f 4831/4831 4832/4832 4833/4833
f 4834/4834 4835/4835 4836/4836
f 4837/4837 4831/4831 4836/4836
f 4838/4838 4834/4834 4839/4839
f 4832/4832 4823/4823 4824/4824
f 4836/4836 4835/4835 4837/4837
f 4834/4834 4838/4838 4835/4835
f 4837/4837 4832/4832 4831/4831
f 4838/4838 4839/4839 4840/4840
f 4833/4833 4832/4832 4824/4824
f 4841/4841 4842/4842 4843/4843
f 4842/4842 4841/4841 4844/4844
f 4843/4843 4830/4830 4841/4841
f 4830/4830 4843/4843 4827/4827
f 4845/4845 4842/4842 4844/4844
f 4846/4846 4845/4845 4844/4844
f 4846/4846 4847/4847 4848/4848
f 4849/4849 4848/4848 4850/4850
f 4851/4851 4849/4849 4852/4852
f 4846/4846 4844/4844 4847/4847
f 4850/4850 4852/4852 4849/4849
f 4853/4853 4854/4854 4855/4855
f 4851/4851 4854/4854 4856/4856
f 4852/4852 4854/4854 4851/4851
f 4853/4853 4856/4856 4854/4854
f 4857/4857 4858/4858 4859/4859
f 4855/4855 4858/4858 4853/4853
f 4859/4859 4860/4860 4857/4857
f 4855/4855 4859/4859 4858/4858
f 4847/4847 4850/4850 4848/4848
f 4861/4861 4862/4862 4840/4840
f 4863/4863 4864/4864 4861/4861
f 4865/4865 4866/4866 4863/4863
f 4861/4861 4864/4864 4862/4862
f 4866/4866 4867/4867 4868/4868
f 4868/4868 4869/4869 4870/4870
f 4866/4866 4864/4864 4863/4863
f 4865/4865 4867/4867 4866/4866
f 4870/4870 4869/4869 4871/4871
f 4867/4867 4869/4869 4868/4868
f 4872/4872 4871/4871 4873/4873
f 4871/4871 4872/4872 4870/4870
f 4874/4874 4872/4872 4873/4873
f 4875/4875 4876/4876 4874/4874
f 4876/4876 4875/4875 4877/4877
f 4878/4878 4875/4875 4874/4874
f 4878/4878 4874/4874 4873/4873
f 4879/4879 4876/4876 4877/4877
f 4880/4880 4860/4860 4881/4881
f 4882/4882 4883/4883 4884/4884
f 4885/4885 4886/4886 4884/4884
f 4887/4887 4881/4881 4886/4886
f 4880/4880 4888/4888 4860/4860
f 4880/4880 4881/4881 4887/4887
f 4887/4887 4886/4886 4885/4885
f 4884/4884 4883/4883 4885/4885
f 4882/4882 4884/4884 4889/4889
f 4857/4857 4860/4860 4888/4888
f 4890/4890 4891/4891 4892/4892
f 4890/4890 4893/4893 4894/4894
f 4877/4877 4893/4893 4879/4879
f 4879/4879 4893/4893 4890/4890
f 4894/4894 4891/4891 4890/4890
f 4895/4895 4896/4896 4889/4889
f 4882/4882 4889/4889 4896/4896
f 4896/4896 4895/4895 4897/4897
f 4897/4897 4895/4895 4892/4892
f 4897/4897 4892/4892 4891/4891
f 4840/4840 4862/4862 4838/4838
f 4898/4898 4899/4899 4900/4900
f 4901/4901 4899/4899 4902/4902
f 4902/4902 4898/4898 4903/4903
f 4904/4904 4905/4905 4906/4906
f 4899/4899 4898/4898 4902/4902
f 4904/4904 4899/4899 4901/4901
f 4907/4907 4906/4906 4908/4908
f 4909/4909 4907/4907 4910/4910
f 4911/4911 4912/4912 4913/4913
f 4914/4914 4915/4915 4916/4916
f 4915/4915 4911/4911 4917/4917
f 4912/4912 4909/4909 4918/4918
f 4919/4919 4914/4914 4920/4920
f 4921/4921 4907/4907 4908/4908
f 4905/4905 4908/4908 4906/4906
f 4909/4909 4910/4910 4918/4918
f 4912/4912 4918/4918 4913/4913
f 4907/4907 4921/4921 4910/4910
f 4905/4905 4904/4904 4901/4901
f 4915/4915 4917/4917 4916/4916
f 4914/4914 4916/4916 4922/4922
f 4917/4917 4911/4911 4923/4923
f 4924/4924 4919/4919 4920/4920
f 4919/4919 4924/4924 4925/4925
f 4920/4920 4914/4914 4922/4922
f 4923/4923 4911/4911 4913/4913
f 4926/4926 4927/4927 4925/4925
f 4927/4927 4919/4919 4925/4925
f 4928/4928 4927/4927 4929/4929
f 4930/4930 4928/4928 4931/4931
f 4932/4932 4933/4933 4934/4934
f 4935/4935 4936/4936 4937/4937
f 4936/4936 4932/4932 4938/4938
f 4933/4933 4930/4930 4939/4939
f 4940/4940 4941/4941 4942/4942
f 4943/4943 4940/4940 4944/4944
f 4945/4945 4946/4946 4947/4947
f 4948/4948 4945/4945 4947/4947
f 4949/4949 4947/4947 4943/4943
f 4950/4950 4941/4941 4935/4935
f 4945/4945 4948/4948 4951/4951
f 4939/4939 4934/4934 4933/4933
f 4930/4930 4952/4952 4939/4939
f 4953/4953 4928/4928 4929/4929
f 4931/4931 4928/4928 4953/4953
f 4930/4930 4931/4931 4952/4952
f 4934/4934 4954/4954 4932/4932
f 4955/4955 4942/4942 4941/4941
f 4944/4944 4940/4940 4942/4942
f 4955/4955 4941/4941 4950/4950
f 4954/4954 4938/4938 4932/4932
f 4938/4938 4937/4937 4936/4936
f 4950/4950 4935/4935 4937/4937
f 4944/4944 4949/4949 4943/4943
f 4949/4949 4948/4948 4947/4947
f 4926/4926 4929/4929 4927/4927
f 4956/4956 4957/4957 4958/4958
f 4959/4959 4960/4960 4957/4957
f 4961/4961 4957/4957 4962/4962
f 4956/4956 4962/4962 4957/4957
f 4959/4959 4963/4963 4964/4964
f 4957/4957 4960/4960 4958/4958
f 4959/4959 4964/4964 4960/4960
f 4963/4963 4959/4959 4965/4965
f 4957/4957 4966/4966 4967/4967
f 4968/4968 4969/4969 4967/4967
f 4969/4969 4957/4957 4967/4967
f 4957/4957 4961/4961 4970/4970
f 4957/4957 4971/4971 4972/4972
f 4957/4957 4973/4973 4971/4971
f 4957/4957 4970/4970 4973/4973
f 4972/4972 4966/4966 4957/4957
f 4974/4974 4969/4969 4968/4968
f 4975/4975 4976/4976 4977/4977
f 4978/4978 4979/4979 4977/4977
f 4959/4959 4975/4975 4965/4965
f 4980/4980 4981/4981 4982/4982
f 4983/4983 4984/4984 4985/4985
f 4986/4986 4987/4987 4984/4984
f 4985/4985 4981/4981 4988/4988
f 4982/4982 4979/4979 4989/4989
f 4990/4990 4991/4991 4992/4992
f 4993/4993 4994/4994 4995/4995
f 4995/4995 4991/4991 4996/4996
f 4997/4997 4998/4998 4999/4999
f 5000/5000 5001/5001 5002/5002
f 5003/5003 5004/5004 5001/5001
f 5002/5002 4998/4998 5005/5005
f 4999/4999 4994/4994 5006/5006
f 4992/4992 4987/4987 5007/5007
f 4959/4959 4976/4976 4975/4975
f 5008/5008 4969/4969 5009/5009
f 4974/4974 5009/5009 4969/4969
f 4969/4969 5008/5008 5010/5010
f 5011/5011 4969/4969 5010/5010
f 4969/4969 5011/5011 5012/5012
f 5013/5013 5014/5014 5012/5012
f 5014/5014 4969/4969 5012/5012
f 5015/5015 5014/5014 5013/5013
f 5016/5016 4969/4969 5014/5014
f 5017/5017 5014/5014 5015/5015
f 5014/5014 5018/5018 5019/5019
f 5018/5018 5014/5014 5017/5017
f 5019/5019 5018/5018 5020/5020
f 5019/5019 5021/5021 5022/5022
f 5019/5019 5023/5023 5021/5021
f 5019/5019 5020/5020 5023/5023
f 5024/5024 5019/5019 5022/5022
f 5025/5025 5026/5026 5027/5027
f 5028/5028 5029/5029 5030/5030
f 5030/5030 5026/5026 5031/5031
f 5032/5032 5033/5033 5034/5034
f 5035/5035 5036/5036 5037/5037
f 5038/5038 5039/5039 5036/5036
f 5037/5037 5033/5033 5040/5040
f 5041/5041 5027/5027 5039/5039
f 5019/5019 5042/5042 5043/5043
f 5019/5019 5043/5043 5044/5044
f 5019/5019 5024/5024 5042/5042
f 5044/5044 5045/5045 5046/5046
f 5044/5044 5047/5047 5048/5048
f 5044/5044 5049/5049 5047/5047
f 5048/5048 5045/5045 5044/5044
f 5050/5050 5044/5044 5043/5043
f 5046/5046 5029/5029 5051/5051
f 5049/5049 5044/5044 5050/5050
f 5034/5034 5004/5004 5052/5052
f 4985/4985 4988/4988 4983/4983
f 4987/4987 4986/4986 5007/5007
f 4984/4984 4983/4983 4986/4986
f 4976/4976 4978/4978 4977/4977
f 4982/4982 4989/4989 4980/4980
f 4978/4978 4989/4989 4979/4979
f 4980/4980 4988/4988 4981/4981
f 5000/5000 5003/5003 5001/5001
f 5052/5052 5032/5032 5034/5034
f 5003/5003 5052/5052 5004/5004
f 4991/4991 4990/4990 4996/4996
f 4999/4999 5006/5006 4997/4997
f 4994/4994 4993/4993 5006/5006
f 4995/4995 4996/4996 4993/4993
f 5000/5000 5002/5002 5005/5005
f 4992/4992 5007/5007 4990/4990
f 5053/5053 5054/5054 5055/5055
f 5053/5053 5056/5056 5057/5057
f 5057/5057 5054/5054 5053/5053
f 5058/5058 5056/5056 5059/5059
f 5053/5053 5059/5059 5056/5056
f 5060/5060 5061/5061 5059/5059
f 5058/5058 5059/5059 5061/5061
f 5062/5062 5060/5060 5059/5059
f 5053/5053 5055/5055 4976/4976
f 5059/5059 5063/5063 5062/5062
f 5059/5059 5064/5064 5065/5065
f 5065/5065 5063/5063 5059/5059
f 5059/5059 5066/5066 5067/5067
f 5068/5068 5069/5069 5070/5070
f 5070/5070 5069/5069 5071/5071
f 5068/5068 5066/5066 5059/5059
f 5067/5067 5064/5064 5059/5059
f 5059/5059 5069/5069 5068/5068
f 4959/4959 5053/5053 4976/4976
f 5040/5040 5035/5035 5037/5037
f 5038/5038 5041/5041 5039/5039
f 5035/5035 5038/5038 5036/5036
f 5025/5025 5031/5031 5026/5026
f 5051/5051 5072/5072 5046/5046
f 5028/5028 5051/5051 5029/5029
f 5031/5031 5028/5028 5030/5030
f 5041/5041 5025/5025 5027/5027
f 5044/5044 5072/5072 5073/5073
f 5074/5074 5044/5044 5075/5075
f 5073/5073 5075/5075 5044/5044
f 5072/5072 5044/5044 5046/5046
f 5044/5044 5074/5074 5076/5076
f 5077/5077 5044/5044 5078/5078
f 5044/5044 5079/5079 5078/5078
f 5044/5044 5076/5076 5079/5079
f 5080/5080 5077/5077 5078/5078
f 5040/5040 5033/5033 5032/5032
f 5081/5081 5082/5082 5083/5083
f 5084/5084 5082/5082 5085/5085
f 5082/5082 5084/5084 5083/5083
f 5086/5086 5087/5087 5069/5069
f 5071/5071 5069/5069 5087/5087
f 5069/5069 5088/5088 5086/5086
f 5069/5069 5089/5089 5088/5088
f 5089/5089 5069/5069 5081/5081
f 5082/5082 5081/5081 5069/5069
f 5077/5077 5090/5090 5091/5091
f 5077/5077 5092/5092 5093/5093
f 5093/5093 5090/5090 5077/5077
f 5077/5077 5094/5094 5095/5095
f 5095/5095 5082/5082 5077/5077
f 5085/5085 5082/5082 5095/5095
f 5082/5082 5069/5069 5096/5096
f 5091/5091 5094/5094 5077/5077
f 5080/5080 5092/5092 5077/5077
f 4997/4997 5005/5005 4998/4998
f 5097/5097 5098/5098 5099/5099
f 5100/5100 5098/5098 5097/5097
f 5101/5101 5102/5102 5103/5103
f 5104/5104 5101/5101 5098/5098
f 5105/5105 5103/5103 5106/5106
f 5105/5105 5107/5107 5108/5108
f 5109/5109 5110/5110 5111/5111
f 5112/5112 5109/5109 5113/5113
f 5114/5114 5115/5115 5116/5116
f 5117/5117 5118/5118 5119/5119
f 5114/5114 5119/5119 5118/5118
f 5120/5120 5115/5115 5112/5112
f 5121/5121 5110/5110 5108/5108
f 5122/5122 5119/5119 5114/5114
f 5105/5105 5106/5106 5123/5123
f 5105/5105 5123/5123 5107/5107
f 5097/5097 5124/5124 5100/5100
f 5101/5101 5104/5104 5102/5102
f 5104/5104 5098/5098 5100/5100
f 5103/5103 5102/5102 5106/5106
f 5115/5115 5120/5120 5125/5125
f 5114/5114 5116/5116 5122/5122
f 5116/5116 5115/5115 5125/5125
f 5110/5110 5121/5121 5111/5111
f 5109/5109 5126/5126 5113/5113
f 5126/5126 5109/5109 5111/5111
f 5112/5112 5113/5113 5120/5120
f 5121/5121 5108/5108 5107/5107
f 5127/5127 5128/5128 5129/5129
f 5130/5130 5128/5128 5131/5131
f 5117/5117 5129/5129 5118/5118
f 5132/5132 5133/5133 5134/5134
f 5133/5133 5130/5130 5135/5135
f 5132/5132 5136/5136 5137/5137
f 5128/5128 5118/5118 5129/5129
f 5138/5138 5139/5139 5140/5140
f 5141/5141 5138/5138 5142/5142
f 5143/5143 5144/5144 5145/5145
f 5143/5143 5146/5146 5147/5147
f 5148/5148 5144/5144 5141/5141
f 5139/5139 5137/5137 5149/5149
f 5143/5143 5150/5150 5146/5146
f 5128/5128 5127/5127 5131/5131
f 5130/5130 5131/5131 5151/5151
f 5133/5133 5135/5135 5134/5134
f 5132/5132 5152/5152 5136/5136
f 5152/5152 5132/5132 5134/5134
f 5135/5135 5130/5130 5151/5151
f 5139/5139 5149/5149 5140/5140
f 5138/5138 5153/5153 5142/5142
f 5153/5153 5138/5138 5140/5140
f 5144/5144 5148/5148 5145/5145
f 5146/5146 5150/5150 5154/5154
f 5150/5150 5143/5143 5145/5145
f 5148/5148 5141/5141 5142/5142
f 5149/5149 5137/5137 5136/5136
f 5155/5155 5156/5156 5157/5157
f 5158/5158 5156/5156 5159/5159
f 5159/5159 5155/5155 5160/5160
f 5161/5161 5162/5162 5163/5163
f 5156/5156 5155/5155 5159/5159
f 5161/5161 5156/5156 5158/5158
f 5164/5164 5163/5163 5165/5165
f 5166/5166 5164/5164 5167/5167
f 5168/5168 5169/5169 5170/5170
f 5171/5171 5172/5172 5173/5173
f 5172/5172 5168/5168 5174/5174
f 5169/5169 5166/5166 5175/5175
f 5176/5176 5171/5171 5177/5177
f 5178/5178 5164/5164 5165/5165
f 5162/5162 5165/5165 5163/5163
f 5166/5166 5167/5167 5175/5175
f 5169/5169 5175/5175 5170/5170
f 5164/5164 5178/5178 5167/5167
f 5162/5162 5161/5161 5158/5158
f 5172/5172 5174/5174 5173/5173
f 5171/5171 5173/5173 5179/5179
f 5174/5174 5168/5168 5180/5180
f 5181/5181 5176/5176 5177/5177
f 5176/5176 5181/5181 5182/5182
f 5177/5177 5171/5171 5179/5179
f 5180/5180 5168/5168 5170/5170
f 5183/5183 5184/5184 5182/5182
f 5184/5184 5176/5176 5182/5182
f 5185/5185 5184/5184 5186/5186
f 5187/5187 5185/5185 5188/5188
f 5189/5189 5190/5190 5191/5191
f 5192/5192 5193/5193 5194/5194
f 5193/5193 5189/5189 5195/5195
f 5190/5190 5187/5187 5196/5196
f 5197/5197 5198/5198 5199/5199
f 5200/5200 5197/5197 5201/5201
f 5202/5202 5203/5203 5204/5204
f 5205/5205 5202/5202 5204/5204
f 5206/5206 5204/5204 5200/5200
f 5207/5207 5198/5198 5192/5192
f 5202/5202 5205/5205 5208/5208
f 5196/5196 5191/5191 5190/5190
f 5187/5187 5209/5209 5196/5196
f 5210/5210 5185/5185 5186/5186
f 5188/5188 5185/5185 5210/5210
f 5187/5187 5188/5188 5209/5209
f 5191/5191 5211/5211 5189/5189
f 5212/5212 5199/5199 5198/5198
f 5201/5201 5197/5197 5199/5199
f 5212/5212 5198/5198 5207/5207
f 5211/5211 5195/5195 5189/5189
f 5195/5195 5194/5194 5193/5193
f 5207/5207 5192/5192 5194/5194
f 5201/5201 5206/5206 5200/5200
f 5206/5206 5205/5205 5204/5204
f 5183/5183 5186/5186 5184/5184
f 5213/5213 5214/5214 5215/5215
f 5216/5216 5214/5214 5213/5213
f 5217/5217 5218/5218 5219/5219
f 5220/5220 5217/5217 5214/5214
f 5221/5221 5219/5219 5222/5222
f 5221/5221 5223/5223 5224/5224
f 5225/5225 5226/5226 5227/5227
f 5228/5228 5225/5225 5229/5229
f 5230/5230 5231/5231 5232/5232
f 5233/5233 5234/5234 5235/5235
f 5230/5230 5235/5235 5234/5234
f 5236/5236 5231/5231 5228/5228
f 5237/5237 5226/5226 5224/5224
f 5238/5238 5235/5235 5230/5230
f 5221/5221 5222/5222 5239/5239
f 5221/5221 5239/5239 5223/5223
f 5213/5213 5240/5240 5216/5216
f 5217/5217 5220/5220 5218/5218
f 5220/5220 5214/5214 5216/5216
f 5219/5219 5218/5218 5222/5222
f 5231/5231 5236/5236 5241/5241
f 5230/5230 5232/5232 5238/5238
f 5232/5232 5231/5231 5241/5241
f 5226/5226 5237/5237 5227/5227
f 5225/5225 5242/5242 5229/5229
f 5242/5242 5225/5225 5227/5227
f 5228/5228 5229/5229 5236/5236
f 5237/5237 5224/5224 5223/5223
f 5243/5243 5244/5244 5245/5245
f 5246/5246 5244/5244 5247/5247
f 5233/5233 5245/5245 5234/5234
f 5248/5248 5249/5249 5250/5250
f 5249/5249 5246/5246 5251/5251
f 5248/5248 5252/5252 5253/5253
f 5244/5244 5234/5234 5245/5245
f 5254/5254 5255/5255 5256/5256
f 5257/5257 5254/5254 5258/5258
f 5259/5259 5260/5260 5261/5261
f 5259/5259 5262/5262 5263/5263
f 5264/5264 5260/5260 5257/5257
f 5255/5255 5253/5253 5265/5265
f 5259/5259 5266/5266 5262/5262
f 5244/5244 5243/5243 5247/5247
f 5246/5246 5247/5247 5267/5267
f 5249/5249 5251/5251 5250/5250
f 5248/5248 5268/5268 5252/5252
f 5268/5268 5248/5248 5250/5250
f 5251/5251 5246/5246 5267/5267
f 5255/5255 5265/5265 5256/5256
f 5254/5254 5269/5269 5258/5258
f 5269/5269 5254/5254 5256/5256
f 5260/5260 5264/5264 5261/5261
f 5262/5262 5266/5266 5270/5270
f 5266/5266 5259/5259 5261/5261
f 5264/5264 5257/5257 5258/5258
f 5265/5265 5253/5253 5252/5252
f 5271/5271 5272/5272 5273/5273
f 5274/5274 5275/5275 5272/5272
f 5276/5276 5271/5271 5277/5277
f 5278/5278 5274/5274 5271/5271
f 5279/5279 5280/5280 5281/5281
f 5273/5273 5282/5282 5280/5280
f 5277/5277 5273/5273 5279/5279
f 5280/5280 5279/5279 5273/5273
f 5283/5283 5277/5277 5279/5279
f 5273/5273 5272/5272 5282/5282
f 5272/5272 5284/5284 5285/5285
f 5275/5275 5286/5286 5284/5284
f 5286/5286 5275/5275 5287/5287
f 5275/5275 5288/5288 5287/5287
f 5288/5288 5275/5275 5274/5274
f 5272/5272 5275/5275 5284/5284
f 5289/5289 5283/5283 5290/5290
f 5291/5291 5289/5289 5290/5290
f 5289/5289 5291/5291 5292/5292
f 5276/5276 5289/5289 5292/5292
f 5278/5278 5293/5293 5274/5274
f 5288/5288 5274/5274 5293/5293
f 5294/5294 5278/5278 5295/5295
f 5278/5278 5276/5276 5295/5295
f 5278/5278 5294/5294 5296/5296
f 5293/5293 5278/5278 5296/5296
f 5283/5283 5289/5289 5277/5277
f 5297/5297 5298/5298 5299/5299
f 5300/5300 5301/5301 5298/5298
f 5302/5302 5297/5297 5303/5303
f 5304/5304 5300/5300 5297/5297
f 5305/5305 5302/5302 5303/5303
f 5306/5306 5304/5304 5305/5305
f 5307/5307 5305/5305 5308/5308
f 5309/5309 5306/5306 5307/5307
f 5310/5310 5307/5307 5311/5311
f 5312/5312 5309/5309 5307/5307
f 5313/5313 5310/5310 5311/5311
f 5314/5314 5312/5312 5310/5310
f 5315/5315 5316/5316 5317/5317
f 5315/5315 5317/5317 5318/5318
f 5317/5317 5319/5319 5318/5318
f 5318/5318 5298/5298 5315/5315
f 5303/5303 5320/5320 5321/5321
f 5320/5320 5303/5303 5299/5299
f 5308/5308 5303/5303 5321/5321
f 5319/5319 5320/5320 5299/5299
f 5301/5301 5322/5322 5298/5298
f 5315/5315 5298/5298 5322/5322
f 5323/5323 5322/5322 5324/5324
f 5301/5301 5324/5324 5322/5322
f 5325/5325 5324/5324 5301/5301
f 5326/5326 5325/5325 5300/5300
f 5300/5300 5304/5304 5327/5327
f 5304/5304 5328/5328 5327/5327
f 5304/5304 5306/5306 5328/5328
f 5329/5329 5330/5330 5331/5331
f 5311/5311 5331/5331 5330/5330
f 5332/5332 5333/5333 5311/5311
f 5334/5334 5333/5333 5335/5335
f 5313/5313 5334/5334 5336/5336
f 5335/5335 5336/5336 5334/5334
f 5337/5337 5313/5313 5336/5336
f 5306/5306 5309/5309 5338/5338
f 5309/5309 5339/5339 5340/5340
f 5339/5339 5309/5309 5312/5312
f 5341/5341 5314/5314 5337/5337
f 5312/5312 5314/5314 5342/5342
f 5314/5314 5341/5341 5343/5343
f 5339/5339 5312/5312 5342/5342
f 5337/5337 5314/5314 5313/5313
f 5344/5344 5345/5345 5346/5346
f 5346/5346 5347/5347 5344/5344
f 5348/5348 5347/5347 5346/5346
f 5349/5349 5350/5350 5351/5351
f 5351/5351 5347/5347 5348/5348
f 5349/5349 5352/5352 5350/5350
f 5353/5353 5354/5354 5355/5355
f 5344/5344 5347/5347 5355/5355
f 5347/5347 5353/5353 5355/5355
f 5356/5356 5357/5357 5350/5350
f 5357/5357 5353/5353 5347/5347
f 5350/5350 5347/5347 5351/5351
f 5358/5358 5352/5352 5359/5359
f 5360/5360 5361/5361 5359/5359
f 5360/5360 5362/5362 5361/5361
f 5363/5363 5364/5364 5365/5365
f 5363/5363 5366/5366 5367/5367
f 5368/5368 5362/5362 5365/5365
f 5367/5367 5364/5364 5363/5363
f 5369/5369 5361/5361 5368/5368
f 5369/5369 5356/5356 5361/5361
f 5369/5369 5368/5368 5370/5370
f 5371/5371 5364/5364 5372/5372
f 5367/5367 5372/5372 5364/5364
f 5364/5364 5371/5371 5370/5370
f 5368/5368 5364/5364 5370/5370
f 5364/5364 5368/5368 5365/5365
f 5359/5359 5361/5361 5358/5358
f 5373/5373 5374/5374 5375/5375
f 5374/5374 5376/5376 5375/5375
f 5375/5375 5377/5377 5378/5378
f 5375/5375 5376/5376 5377/5377
f 5373/5373 5379/5379 5380/5380
f 5373/5373 5381/5381 5374/5374
f 5374/5374 5381/5381 5382/5382
f 5382/5382 5383/5383 5374/5374
f 5382/5382 5384/5384 5385/5385
f 5385/5385 5383/5383 5382/5382
f 5386/5386 5387/5387 5388/5388
f 5389/5389 5390/5390 5387/5387
f 5391/5391 5386/5386 5392/5392
f 5393/5393 5389/5389 5386/5386
f 5394/5394 5395/5395 5396/5396
f 5388/5388 5397/5397 5395/5395
f 5392/5392 5388/5388 5394/5394
f 5395/5395 5394/5394 5388/5388
f 5398/5398 5392/5392 5394/5394
f 5388/5388 5387/5387 5397/5397
f 5399/5399 5400/5400 5387/5387
f 5390/5390 5401/5401 5399/5399
f 5390/5390 5402/5402 5401/5401
f 5402/5402 5403/5403 5401/5401
f 5402/5402 5390/5390 5389/5389
f 5404/5404 5405/5405 5398/5398
f 5406/5406 5404/5404 5398/5398
f 5405/5405 5404/5404 5407/5407
f 5391/5391 5405/5405 5407/5407
f 5393/5393 5408/5408 5389/5389
f 5402/5402 5389/5389 5408/5408
f 5409/5409 5393/5393 5410/5410
f 5393/5393 5391/5391 5410/5410
f 5393/5393 5409/5409 5411/5411
f 5408/5408 5393/5393 5411/5411
f 5398/5398 5405/5405 5392/5392
f 5412/5412 5413/5413 5414/5414
f 5415/5415 5416/5416 5412/5412
f 5417/5417 5412/5412 5418/5418
f 5419/5419 5415/5415 5412/5412
f 5420/5420 5417/5417 5418/5418
f 5421/5421 5419/5419 5420/5420
f 5422/5422 5420/5420 5423/5423
f 5424/5424 5421/5421 5422/5422
f 5425/5425 5422/5422 5426/5426
f 5427/5427 5424/5424 5425/5425
f 5428/5428 5425/5425 5429/5429
f 5430/5430 5427/5427 5425/5425
f 5431/5431 5432/5432 5433/5433
f 5431/5431 5433/5433 5414/5414
f 5433/5433 5434/5434 5414/5414
f 5414/5414 5413/5413 5431/5431
f 5418/5418 5435/5435 5436/5436
f 5435/5435 5418/5418 5437/5437
f 5423/5423 5418/5418 5436/5436
f 5434/5434 5435/5435 5437/5437
f 5416/5416 5438/5438 5413/5413
f 5431/5431 5413/5413 5438/5438
f 5439/5439 5438/5438 5440/5440
f 5416/5416 5440/5440 5438/5438
f 5441/5441 5440/5440 5416/5416
f 5442/5442 5441/5441 5415/5415
f 5415/5415 5419/5419 5443/5443
f 5419/5419 5444/5444 5443/5443
f 5419/5419 5421/5421 5444/5444
f 5445/5445 5446/5446 5447/5447
f 5426/5426 5447/5447 5446/5446
f 5448/5448 5449/5449 5426/5426
f 5429/5429 5449/5449 5450/5450
f 5428/5428 5429/5429 5451/5451
f 5450/5450 5451/5451 5429/5429
f 5452/5452 5428/5428 5451/5451
f 5421/5421 5424/5424 5453/5453
f 5424/5424 5454/5454 5455/5455
f 5454/5454 5424/5424 5427/5427
f 5456/5456 5430/5430 5452/5452
f 5427/5427 5430/5430 5457/5457
f 5430/5430 5456/5456 5458/5458
f 5454/5454 5427/5427 5457/5457
f 5452/5452 5430/5430 5428/5428
f 5459/5459 5460/5460 5461/5461
f 5461/5461 5462/5462 5459/5459
f 5463/5463 5462/5462 5461/5461
f 5464/5464 5465/5465 5466/5466
f 5466/5466 5462/5462 5463/5463
f 5464/5464 5467/5467 5465/5465
f 5468/5468 5469/5469 5462/5462
f 5459/5459 5462/5462 5469/5469
f 5470/5470 5468/5468 5462/5462
f 5471/5471 5472/5472 5465/5465
f 5472/5472 5470/5470 5465/5465
f 5465/5465 5462/5462 5466/5466
f 5473/5473 5467/5467 5474/5474
f 5475/5475 5476/5476 5474/5474
f 5475/5475 5477/5477 5476/5476
f 5478/5478 5479/5479 5480/5480
f 5478/5478 5481/5481 5482/5482
f 5483/5483 5477/5477 5480/5480
f 5482/5482 5479/5479 5478/5478
f 5484/5484 5476/5476 5483/5483
f 5484/5484 5471/5471 5476/5476
f 5484/5484 5483/5483 5485/5485
f 5486/5486 5479/5479 5487/5487
f 5482/5482 5487/5487 5479/5479
f 5479/5479 5486/5486 5485/5485
f 5483/5483 5479/5479 5485/5485
f 5479/5479 5483/5483 5480/5480
f 5474/5474 5476/5476 5473/5473
f 5488/5488 5489/5489 5490/5490
f 5488/5488 5491/5491 5492/5492
f 5493/5493 5494/5494 5492/5492
f 5492/5492 5495/5495 5493/5493
f 5491/5491 5495/5495 5492/5492
f 5490/5490 5496/5496 5497/5497
f 5497/5497 5496/5496 5498/5498
f 5488/5488 5497/5497 5491/5491
f 5499/5499 5491/5491 5497/5497
f 5499/5499 5500/5500 5491/5491
f 5499/5499 5501/5501 5502/5502
f 5502/5502 5500/5500 5499/5499
f 5503/5503 5504/5504 5505/5505
f 5506/5506 5507/5507 5504/5504
f 5508/5508 5503/5503 5509/5509
f 5510/5510 5506/5506 5503/5503
f 5511/5511 5512/5512 5513/5513
f 5505/5505 5514/5514 5512/5512
f 5509/5509 5505/5505 5511/5511
f 5512/5512 5511/5511 5505/5505
f 5515/5515 5509/5509 5511/5511
f 5505/5505 5504/5504 5514/5514
f 5504/5504 5516/5516 5517/5517
f 5507/5507 5518/5518 5516/5516
f 5518/5518 5507/5507 5519/5519
f 5507/5507 5520/5520 5519/5519
f 5520/5520 5507/5507 5506/5506
f 5504/5504 5507/5507 5516/5516
f 5521/5521 5522/5522 5515/5515
f 5523/5523 5521/5521 5515/5515
f 5522/5522 5521/5521 5524/5524
f 5508/5508 5522/5522 5524/5524
f 5510/5510 5525/5525 5506/5506
f 5520/5520 5506/5506 5525/5525
f 5526/5526 5510/5510 5527/5527
f 5510/5510 5508/5508 5527/5527
f 5510/5510 5526/5526 5528/5528
f 5525/5525 5510/5510 5528/5528
f 5515/5515 5522/5522 5509/5509
f 5529/5529 5530/5530 5531/5531
f 5532/5532 5533/5533 5530/5530
f 5534/5534 5529/5529 5535/5535
f 5536/5536 5532/5532 5529/5529
f 5537/5537 5534/5534 5535/5535
f 5538/5538 5536/5536 5537/5537
f 5539/5539 5537/5537 5540/5540
f 5541/5541 5538/5538 5539/5539
f 5542/5542 5539/5539 5543/5543
f 5544/5544 5541/5541 5539/5539
f 5545/5545 5542/5542 5543/5543
f 5546/5546 5544/5544 5542/5542
f 5547/5547 5548/5548 5549/5549
f 5547/5547 5549/5549 5550/5550
f 5549/5549 5551/5551 5550/5550
f 5550/5550 5530/5530 5547/5547
f 5535/5535 5552/5552 5553/5553
f 5552/5552 5535/5535 5531/5531
f 5540/5540 5535/5535 5553/5553
f 5551/5551 5552/5552 5531/5531
f 5533/5533 5554/5554 5530/5530
f 5547/5547 5530/5530 5554/5554
f 5555/5555 5554/5554 5556/5556
f 5533/5533 5556/5556 5554/5554
f 5557/5557 5556/5556 5533/5533
f 5558/5558 5557/5557 5532/5532
f 5532/5532 5536/5536 5559/5559
f 5536/5536 5560/5560 5559/5559
f 5536/5536 5538/5538 5560/5560
f 5561/5561 5562/5562 5563/5563
f 5543/5543 5563/5563 5562/5562
f 5564/5564 5565/5565 5543/5543
f 5566/5566 5565/5565 5567/5567
f 5545/5545 5566/5566 5568/5568
f 5567/5567 5568/5568 5566/5566
f 5569/5569 5545/5545 5568/5568
f 5538/5538 5541/5541 5570/5570
f 5541/5541 5571/5571 5572/5572
f 5571/5571 5541/5541 5544/5544
f 5573/5573 5546/5546 5569/5569
f 5544/5544 5546/5546 5574/5574
f 5546/5546 5573/5573 5575/5575
f 5571/5571 5544/5544 5574/5574
f 5569/5569 5546/5546 5545/5545
f 5576/5576 5577/5577 5578/5578
f 5578/5578 5579/5579 5576/5576
f 5580/5580 5579/5579 5578/5578
f 5581/5581 5582/5582 5583/5583
f 5583/5583 5579/5579 5580/5580
f 5581/5581 5584/5584 5582/5582
f 5585/5585 5586/5586 5587/5587
f 5576/5576 5579/5579 5587/5587
f 5579/5579 5585/5585 5587/5587
f 5588/5588 5589/5589 5582/5582
f 5589/5589 5585/5585 5579/5579
f 5582/5582 5579/5579 5583/5583
f 5590/5590 5584/5584 5591/5591
f 5592/5592 5593/5593 5591/5591
f 5592/5592 5594/5594 5593/5593
f 5595/5595 5596/5596 5597/5597
f 5595/5595 5598/5598 5599/5599
f 5600/5600 5594/5594 5597/5597
f 5599/5599 5596/5596 5595/5595
f 5601/5601 5593/5593 5600/5600
f 5601/5601 5588/5588 5593/5593
f 5601/5601 5600/5600 5602/5602
f 5603/5603 5596/5596 5604/5604
f 5599/5599 5604/5604 5596/5596
f 5596/5596 5603/5603 5602/5602
f 5600/5600 5596/5596 5602/5602
f 5596/5596 5600/5600 5597/5597
f 5591/5591 5593/5593 5590/5590
f 5605/5605 5606/5606 5607/5607
f 5606/5606 5608/5608 5607/5607
f 5607/5607 5609/5609 5610/5610
f 5607/5607 5608/5608 5609/5609
f 5605/5605 5611/5611 5612/5612
f 5605/5605 5613/5613 5606/5606
f 5606/5606 5613/5613 5614/5614
f 5614/5614 5615/5615 5606/5606
f 5614/5614 5616/5616 5617/5617
f 5617/5617 5615/5615 5614/5614
f 5618/5618 5619/5619 5620/5620
f 5621/5621 5622/5622 5619/5619
f 5623/5623 5618/5618 5624/5624
f 5625/5625 5621/5621 5618/5618
f 5626/5626 5627/5627 5628/5628
f 5620/5620 5629/5629 5627/5627
f 5624/5624 5620/5620 5626/5626
f 5627/5627 5626/5626 5620/5620
f 5630/5630 5624/5624 5626/5626
f 5620/5620 5619/5619 5629/5629
f 5631/5631 5632/5632 5619/5619
f 5622/5622 5633/5633 5631/5631
f 5622/5622 5634/5634 5633/5633
f 5634/5634 5635/5635 5633/5633
f 5634/5634 5622/5622 5621/5621
f 5636/5636 5637/5637 5630/5630
f 5638/5638 5636/5636 5630/5630
f 5637/5637 5636/5636 5639/5639
f 5623/5623 5637/5637 5639/5639
f 5625/5625 5640/5640 5621/5621
f 5634/5634 5621/5621 5640/5640
f 5641/5641 5625/5625 5642/5642
f 5625/5625 5623/5623 5642/5642
f 5625/5625 5641/5641 5643/5643
f 5640/5640 5625/5625 5643/5643
f 5630/5630 5637/5637 5624/5624
f 5644/5644 5645/5645 5646/5646
f 5647/5647 5648/5648 5649/5649
f 5650/5650 5651/5651 5648/5648
f 5652/5652 5647/5647 5649/5649
f 5647/5647 5652/5652 5646/5646
f 5651/5651 5650/5650 5653/5653
f 5654/5654 5655/5655 5656/5656
f 5653/5653 5657/5657 5654/5654
f 5658/5658 5656/5656 5659/5659
f 5647/5647 5660/5660 5650/5650
f 5661/5661 5647/5647 5646/5646
f 5662/5662 5657/5657 5650/5650
f 5661/5661 5660/5660 5647/5647
f 5657/5657 5662/5662 5663/5663
f 5656/5656 5655/5655 5659/5659
f 5655/5655 5664/5664 5659/5659
f 5655/5655 5663/5663 5664/5664
f 5665/5665 5666/5666 5659/5659
f 5659/5659 5667/5667 5658/5658
f 5668/5668 5669/5669 5659/5659
f 5670/5670 5671/5671 5672/5672
f 5669/5669 5668/5668 5672/5672
f 5668/5668 5673/5673 5670/5670
f 5659/5659 5666/5666 5674/5674
f 5675/5675 5676/5676 5671/5671
f 5677/5677 5678/5678 5679/5679
f 5680/5680 5681/5681 5679/5679
f 5676/5676 5675/5675 5678/5678
f 5680/5680 5682/5682 5683/5683
f 5670/5670 5684/5684 5675/5675
f 5674/5674 5673/5673 5668/5668
f 5675/5675 5685/5685 5678/5678
f 5678/5678 5686/5686 5679/5679
f 5679/5679 5687/5687 5682/5682
f 5680/5680 5679/5679 5682/5682
f 5688/5688 5689/5689 5690/5690
f 5691/5691 5692/5692 5693/5693
f 5694/5694 5695/5695 5692/5692
f 5696/5696 5691/5691 5693/5693
f 5691/5691 5696/5696 5690/5690
f 5695/5695 5694/5694 5697/5697
f 5698/5698 5699/5699 5700/5700
f 5697/5697 5701/5701 5698/5698
f 5702/5702 5700/5700 5703/5703
f 5691/5691 5704/5704 5694/5694
f 5705/5705 5691/5691 5690/5690
f 5706/5706 5701/5701 5694/5694
f 5705/5705 5704/5704 5691/5691
f 5701/5701 5706/5706 5707/5707
f 5700/5700 5699/5699 5703/5703
f 5699/5699 5708/5708 5703/5703
f 5699/5699 5707/5707 5708/5708
f 5709/5709 5710/5710 5703/5703
f 5703/5703 5711/5711 5702/5702
f 5712/5712 5713/5713 5703/5703
f 5714/5714 5715/5715 5716/5716
f 5713/5713 5712/5712 5716/5716
f 5712/5712 5717/5717 5714/5714
f 5703/5703 5710/5710 5718/5718
f 5719/5719 5720/5720 5715/5715
f 5721/5721 5722/5722 5723/5723
f 5724/5724 5725/5725 5723/5723
f 5720/5720 5719/5719 5722/5722
f 5724/5724 5726/5726 5727/5727
f 5714/5714 5728/5728 5719/5719
f 5718/5718 5717/5717 5712/5712
f 5719/5719 5729/5729 5722/5722
f 5722/5722 5730/5730 5723/5723
f 5723/5723 5731/5731 5726/5726
f 5724/5724 5723/5723 5726/5726
f 5732/5732 5733/5733 5734/5734
f 5735/5735 5736/5736 5737/5737
f 5738/5738 5739/5739 5736/5736
f 5732/5732 5735/5735 5737/5737
f 5735/5735 5732/5732 5740/5740
f 5739/5739 5738/5738 5741/5741
f 5742/5742 5743/5743 5744/5744
f 5741/5741 5745/5745 5742/5742
f 5746/5746 5744/5744 5747/5747
f 5735/5735 5748/5748 5738/5738
f 5749/5749 5735/5735 5740/5740
f 5750/5750 5745/5745 5738/5738
f 5749/5749 5748/5748 5735/5735
f 5745/5745 5750/5750 5751/5751
f 5744/5744 5743/5743 5747/5747
f 5743/5743 5752/5752 5747/5747
f 5743/5743 5751/5751 5752/5752
f 5753/5753 5754/5754 5747/5747
f 5747/5747 5755/5755 5746/5746
f 5756/5756 5757/5757 5747/5747
f 5758/5758 5759/5759 5760/5760
f 5757/5757 5756/5756 5760/5760
f 5756/5756 5761/5761 5758/5758
f 5747/5747 5754/5754 5762/5762
f 5763/5763 5764/5764 5759/5759
f 5765/5765 5766/5766 5767/5767
f 5768/5768 5769/5769 5767/5767
f 5764/5764 5763/5763 5766/5766
f 5768/5768 5770/5770 5771/5771
f 5758/5758 5772/5772 5763/5763
f 5762/5762 5761/5761 5756/5756
f 5763/5763 5773/5773 5766/5766
f 5766/5766 5774/5774 5767/5767
f 5767/5767 5775/5775 5770/5770
f 5768/5768 5767/5767 5770/5770
f 5776/5776 5777/5777 5778/5778
f 5778/5778 5777/5777 5779/5779
f 5776/5776 5778/5778 5780/5780
f 5781/5781 5776/5776 5782/5782
f 5783/5783 5777/5777 5776/5776
f 5776/5776 5780/5780 5784/5784
f 5783/5783 5776/5776 5785/5785
f 5786/5786 5783/5783 5787/5787
f 5787/5787 5788/5788 5789/5789
f 5786/5786 5790/5790 5777/5777
f 5783/5783 5791/5791 5788/5788
f 5792/5792 5783/5783 5793/5793
f 5787/5787 5783/5783 5788/5788
f 5777/5777 5783/5783 5786/5786
f 5793/5793 5783/5783 5794/5794
f 5795/5795 5796/5796 5782/5782
f 5797/5797 5776/5776 5781/5781
f 5798/5798 5776/5776 5797/5797
f 5799/5799 5800/5800 5797/5797
f 5785/5785 5776/5776 5798/5798
f 5798/5798 5801/5801 5802/5802
f 5800/5800 5798/5798 5797/5797
f 5798/5798 5802/5802 5803/5803
f 5785/5785 5803/5803 5804/5804
f 5803/5803 5785/5785 5798/5798
f 5785/5785 5794/5794 5783/5783
f 5805/5805 5806/5806 5803/5803
f 5803/5803 5806/5806 5807/5807
f 5808/5808 5806/5806 5805/5805
f 5805/5805 5803/5803 5802/5802
f 5809/5809 5805/5805 5802/5802
f 5781/5781 5782/5782 5796/5796
f 5810/5810 5811/5811 5812/5812
f 5812/5812 5811/5811 5813/5813
f 5810/5810 5812/5812 5814/5814
f 5811/5811 5810/5810 5815/5815
f 5816/5816 5811/5811 5815/5815
f 5810/5810 5814/5814 5817/5817
f 5810/5810 5818/5818 5815/5815
f 5819/5819 5820/5820 5811/5811
f 5819/5819 5821/5821 5822/5822
f 5811/5811 5821/5821 5819/5819
f 5816/5816 5823/5823 5824/5824
f 5825/5825 5823/5823 5816/5816
f 5821/5821 5811/5811 5824/5824
f 5811/5811 5816/5816 5824/5824
f 5826/5826 5816/5816 5815/5815
f 5815/5815 5818/5818 5827/5827
f 5826/5826 5828/5828 5829/5829
f 5830/5830 5828/5828 5831/5831
f 5831/5831 5832/5832 5830/5830
f 5828/5828 5830/5830 5833/5833
f 5833/5833 5834/5834 5828/5828
f 5830/5830 5832/5832 5835/5835
f 5834/5834 5829/5829 5828/5828
f 5836/5836 5837/5837 5838/5838
f 5826/5826 5836/5836 5839/5839
f 5839/5839 5840/5840 5826/5826
f 5829/5829 5841/5841 5842/5842
f 5843/5843 5837/5837 5829/5829
f 5826/5826 5837/5837 5836/5836
f 5826/5826 5829/5829 5837/5837
f 5834/5834 5841/5841 5829/5829
f 5828/5828 5826/5826 5815/5815
f 5844/5844 5845/5845 5846/5846
f 5845/5845 5844/5844 5847/5847
f 5848/5848 5844/5844 5846/5846
f 5849/5849 5845/5845 5847/5847
f 5850/5850 5851/5851 5852/5852
f 5852/5852 5851/5851 5845/5845
f 5853/5853 5854/5854 5849/5849
f 5852/5852 5849/5849 5854/5854
f 5852/5852 5845/5845 5849/5849
f 5849/5849 5847/5847 5855/5855
f 5856/5856 5857/5857 5847/5847
f 5855/5855 5857/5857 5858/5858
f 5857/5857 5855/5855 5847/5847
f 5855/5855 5859/5859 5849/5849
f 5860/5860 5849/5849 5861/5861
f 5849/5849 5862/5862 5861/5861
f 5859/5859 5855/5855 5863/5863
f 5862/5862 5849/5849 5859/5859
f 5855/5855 5864/5864 5863/5863
f 5865/5865 5856/5856 5847/5847
f 5866/5866 5867/5867 5868/5868
f 5868/5868 5869/5869 5866/5866
f 5870/5870 5869/5869 5868/5868
f 5867/5867 5871/5871 5872/5872
f 5873/5873 5867/5867 5874/5874
f 5874/5874 5867/5867 5872/5872
f 5875/5875 5876/5876 5877/5877
f 5876/5876 5871/5871 5877/5877
f 5871/5871 5876/5876 5872/5872
f 5871/5871 5867/5867 5866/5866
f 5866/5866 5878/5878 5879/5879
f 5866/5866 5879/5879 5871/5871
f 5880/5880 5879/5879 5878/5878
f 5881/5881 5871/5871 5879/5879
f 5882/5882 5871/5871 5883/5883
f 5871/5871 5884/5884 5877/5877
f 5885/5885 5883/5883 5886/5886
f 5881/5881 5883/5883 5871/5871
f 5881/5881 5886/5886 5883/5883
f 5866/5866 5887/5887 5878/5878
f 5888/5888 5889/5889 5890/5890
f 5891/5891 5888/5888 5892/5892
f 5893/5893 5889/5889 5888/5888
f 5888/5888 5894/5894 5893/5893
f 5895/5895 5893/5893 5896/5896
f 5889/5889 5893/5893 5897/5897
f 5898/5898 5896/5896 5899/5899
f 5893/5893 5899/5899 5896/5896
f 5898/5898 5899/5899 5900/5900
f 5888/5888 5891/5891 5894/5894
f 5899/5899 5893/5893 5894/5894
f 5901/5901 5902/5902 5903/5903
f 5904/5904 5894/5894 5902/5902
f 5902/5902 5901/5901 5904/5904
f 5905/5905 5906/5906 5907/5907
f 5899/5899 5907/5907 5906/5906
f 5908/5908 5907/5907 5904/5904
f 5899/5899 5904/5904 5907/5907
f 5904/5904 5899/5899 5894/5894
f 5909/5909 5894/5894 5891/5891
f 5910/5910 5911/5911 5912/5912
f 5913/5913 5914/5914 5915/5915
f 5915/5915 5916/5916 5910/5910
f 5917/5917 5915/5915 5918/5918
f 5916/5916 5915/5915 5914/5914
f 5910/5910 5916/5916 5911/5911
f 5919/5919 5914/5914 5920/5920
f 5913/5913 5920/5920 5914/5914
f 5913/5913 5921/5921 5920/5920
f 5917/5917 5918/5918 5922/5922
f 5915/5915 5923/5923 5924/5924
f 5913/5913 5915/5915 5924/5924
f 5925/5925 5924/5924 5923/5923
f 5926/5926 5927/5927 5924/5924
f 5928/5928 5913/5913 5929/5929
f 5930/5930 5929/5929 5913/5913
f 5931/5931 5929/5929 5930/5930
f 5930/5930 5913/5913 5924/5924
f 5930/5930 5924/5924 5927/5927
f 5917/5917 5923/5923 5915/5915
f 5932/5932 5933/5933 5934/5934
f 5935/5935 5936/5936 5937/5937
f 5938/5938 5932/5932 5936/5936
f 5932/5932 5938/5938 5939/5939
f 5940/5940 5939/5939 5941/5941
f 5932/5932 5939/5939 5933/5933
f 5942/5942 5938/5938 5943/5943
f 5942/5942 5941/5941 5938/5938
f 5938/5938 5941/5941 5939/5939
f 5936/5936 5935/5935 5944/5944
f 5936/5936 5944/5944 5945/5945
f 5945/5945 5944/5944 5946/5946
f 5947/5947 5946/5946 5944/5944
f 5946/5946 5948/5948 5949/5949
f 5950/5950 5938/5938 5945/5945
f 5945/5945 5946/5946 5951/5951
f 5945/5945 5938/5938 5936/5936
f 5949/5949 5951/5951 5946/5946
f 5944/5944 5935/5935 5952/5952
f 5953/5953 5954/5954 5955/5955
f 5956/5956 5957/5957 5958/5958
f 5959/5959 5953/5953 5957/5957
f 5960/5960 5959/5959 5957/5957
f 5961/5961 5954/5954 5959/5959
f 5959/5959 5954/5954 5953/5953
f 5962/5962 5963/5963 5964/5964
f 5964/5964 5965/5965 5959/5959
f 5964/5964 5963/5963 5965/5965
f 5956/5956 5966/5966 5957/5957
f 5960/5960 5966/5966 5967/5967
f 5968/5968 5960/5960 5969/5969
f 5959/5959 5960/5960 5964/5964
f 5968/5968 5970/5970 5960/5960
f 5971/5971 5972/5972 5970/5970
f 5964/5964 5970/5970 5972/5972
f 5973/5973 5970/5970 5974/5974
f 5960/5960 5970/5970 5964/5964
f 5970/5970 5968/5968 5974/5974
f 5966/5966 5960/5960 5957/5957
f 2/2 11/11 3/3
f 4/4 3/3 17/17
f 5/5 2/2 1/1
f 7/7 1/1 4/4
f 2/2 13/13 11/11
f 18/18 23/23 4/4
f 19/19 12/12 2/2
f 4/4 24/24 7/7
f 29/29 38/38 30/30
f 31/31 30/30 44/44
f 32/32 29/29 28/28
f 34/34 28/28 31/31
f 29/29 40/40 38/38
f 45/45 50/50 31/31
f 46/46 39/39 29/29
f 31/31 51/51 34/34
f 56/56 66/66 57/57
f 55/55 57/57 59/59
f 60/60 56/56 55/55
f 60/60 55/55 58/58
f 56/56 68/68 66/66
f 72/72 77/77 58/58
f 73/73 67/67 56/56
f 58/58 78/78 62/62
f 83/83 93/93 84/84
f 82/82 84/84 86/86
f 88/88 83/83 82/82
f 87/87 82/82 85/85
f 83/83 95/95 93/93
f 99/99 104/104 85/85
f 100/100 94/94 83/83
f 85/85 105/105 89/89
f 110/110 120/120 111/111
f 109/109 111/111 113/113
f 114/114 110/110 109/109
f 116/116 109/109 112/112
f 110/110 122/122 120/120
f 126/126 131/131 112/112
f 127/127 121/121 110/110
f 112/112 132/132 116/116
f 137/137 147/147 138/138
f 136/136 138/138 140/140
f 141/141 137/137 136/136
f 143/143 136/136 139/139
f 137/137 149/149 147/147
f 153/153 158/158 139/139
f 154/154 148/148 137/137
f 139/139 159/159 143/143
f 165/165 167/167 163/163
f 187/187 189/189 193/193
f 190/190 188/188 187/187
f 192/192 193/193 204/204
f 194/194 187/187 192/192
f 188/188 5975/5975 197/197
f 202/202 191/191 190/190
f 188/188 200/200 5975/5975
f 192/192 205/205 208/208
f 211/211 213/213 214/214
f 214/214 215/215 217/217
f 216/216 215/215 223/223
f 218/218 220/220 221/221
f 221/221 222/222 5976/5976
f 218/218 223/223 219/219
f 224/224 226/226 230/230
f 227/227 225/225 224/224
f 229/229 230/230 241/241
f 231/231 224/224 229/229
f 225/225 5977/5977 234/234
f 239/239 228/228 227/227
f 225/225 237/237 5977/5977
f 229/229 242/242 245/245
f 390/390 392/392 398/398
f 396/396 394/394 393/393
f 396/396 403/403 399/399
f 403/403 401/401 400/400
f 406/406 5978/5978 396/396
f 408/408 396/396 5978/5978
f 403/403 409/409 401/401
f 410/410 411/411 405/405
f 415/415 413/413 405/405
f 416/416 418/418 414/414
f 419/419 430/430 416/416
f 405/405 420/420 414/414
f 421/421 417/417 416/416
f 423/423 425/425 427/427
f 422/422 424/424 423/423
f 428/428 429/429 5979/5979
f 430/430 431/431 421/421
f 431/431 432/432 424/424
f 432/432 433/433 425/425
f 434/434 436/436 442/442
f 440/440 438/438 437/437
f 440/440 447/447 443/443
f 447/447 445/445 444/444
f 450/450 5980/5980 440/440
f 452/452 440/440 5980/5980
f 447/447 453/453 445/445
f 454/454 455/455 449/449
f 459/459 457/457 449/449
f 460/460 462/462 458/458
f 463/463 474/474 460/460
f 449/449 464/464 458/458
f 465/465 461/461 460/460
f 467/467 469/469 471/471
f 466/466 468/468 467/467
f 472/472 473/473 5981/5981
f 474/474 475/475 465/465
f 475/475 476/476 468/468
f 476/476 477/477 469/469
f 672/672 674/674 680/680
f 678/678 676/676 675/675
f 678/678 685/685 681/681
f 685/685 683/683 682/682
f 688/688 5982/5982 678/678
f 690/690 678/678 5982/5982
f 685/685 691/691 683/683
f 692/692 693/693 687/687
f 697/697 695/695 687/687
f 698/698 700/700 696/696
f 701/701 712/712 698/698
f 687/687 702/702 696/696
f 703/703 699/699 698/698
f 705/705 707/707 709/709
f 704/704 706/706 705/705
f 710/710 711/711 5983/5983
f 712/712 713/713 703/703
f 713/713 714/714 706/706
f 714/714 715/715 707/707
f 716/716 718/718 724/724
f 722/722 720/720 719/719
f 722/722 729/729 725/725
f 729/729 727/727 726/726
f 732/732 5984/5984 722/722
f 734/734 722/722 5984/5984
f 729/729 735/735 727/727
f 736/736 737/737 731/731
f 741/741 739/739 731/731
f 742/742 744/744 740/740
f 745/745 756/756 742/742
f 731/731 746/746 740/740
f 747/747 743/743 742/742
f 749/749 751/751 753/753
f 748/748 750/750 749/749
f 754/754 755/755 5985/5985
f 756/756 757/757 747/747
f 757/757 758/758 750/750
f 758/758 759/759 751/751
f 826/826 829/829 827/827
f 839/839 841/841 836/836
f 845/845 836/836 841/841
f 846/846 834/834 836/836
f 847/847 849/849 841/841
f 854/854 853/853 851/851
f 845/845 841/841 849/849
f 1010/1010 1012/1012 1007/1007
f 1016/1016 1007/1007 1012/1012
f 1017/1017 1005/1005 1007/1007
f 1018/1018 1020/1020 1012/1012
f 1025/1025 1024/1024 1022/1022
f 1016/1016 1012/1012 1020/1020
f 1038/1038 1039/1039 5986/5986
f 1052/1052 1054/1054 1049/1049
f 1058/1058 1049/1049 1054/1054
f 1059/1059 1047/1047 1049/1049
f 1060/1060 1062/1062 1054/1054
f 1067/1067 1066/1066 1064/1064
f 1058/1058 1054/1054 1062/1062
f 1077/1077 1080/1080 1075/1075
f 1092/1092 5987/5987 1093/1093
f 1094/1094 1096/1096 5988/5988
f 1097/1097 1099/1099 5989/5989
f 1108/1108 1110/1110 1105/1105
f 1114/1114 1105/1105 1110/1110
f 1115/1115 1103/1103 1105/1105
f 1116/1116 1118/1118 1110/1110
f 1123/1123 1122/1122 1120/1120
f 1114/1114 1110/1110 1118/1118
f 1130/1130 1132/1132 1136/1136
f 1133/1133 1131/1131 1130/1130
f 1135/1135 1136/1136 1139/1139
f 1137/1137 1130/1130 1135/1135
f 1138/1138 1139/1139 1142/1142
f 1137/1137 1135/1135 1138/1138
f 1141/1141 1142/1142 1169/1169
f 1140/1140 1138/1138 1141/1141
f 1141/1141 1169/1169 1145/1145
f 1143/1143 1141/1141 1144/1144
f 1144/1144 1145/1145 1148/1148
f 1146/1146 1144/1144 1147/1147
f 1150/1150 1148/1148 1175/1175
f 1149/1149 1147/1147 1150/1150
f 1134/1134 1161/1161 1163/1163
f 1137/1137 5990/5990 1164/1164
f 1137/1137 1165/1165 5990/5990
f 1175/1175 1174/1174 1176/1176
f 1146/1146 1179/1179 1177/1177
f 1178/1178 1146/1146 1149/1149
f 1151/1151 1180/1180 1183/1183
f 1184/1184 1186/1186 1190/1190
f 1187/1187 1185/1185 1184/1184
f 1189/1189 1190/1190 1203/1203
f 1191/1191 1184/1184 1189/1189
f 1185/1185 1198/1198 1195/1195
f 1189/1189 1204/1204 5991/5991
f 1189/1189 5991/5991 1208/1208
f 1210/1210 1212/1212 1216/1216
f 1213/1213 1211/1211 1210/1210
f 1215/1215 1216/1216 1219/1219
f 1217/1217 1210/1210 1215/1215
f 1218/1218 1219/1219 1222/1222
f 1217/1217 1215/1215 1218/1218
f 1221/1221 1222/1222 1225/1225
f 1220/1220 1218/1218 1221/1221
f 1224/1224 1225/1225 1228/1228
f 1223/1223 1221/1221 1224/1224
f 1227/1227 1228/1228 1231/1231
f 1226/1226 1224/1224 1227/1227
f 1230/1230 1231/1231 1255/1255
f 1229/1229 1227/1227 1230/1230
f 1214/1214 1242/1242 1244/1244
f 1217/1217 5992/5992 1245/1245
f 1217/1217 1246/1246 5992/5992
f 1255/1255 1254/1254 1256/1256
f 1226/1226 1259/1259 1257/1257
f 1258/1258 1226/1226 1229/1229
f 1232/1232 1260/1260 1263/1263
f 1264/1264 1266/1266 1270/1270
f 1267/1267 1265/1265 1264/1264
f 1269/1269 1270/1270 1283/1283
f 1271/1271 1264/1264 1269/1269
f 1265/1265 1278/1278 1275/1275
f 1277/1277 1265/1265 1268/1268
f 1269/1269 1284/1284 5993/5993
f 1269/1269 5993/5993 1288/1288
f 1290/1290 1292/1292 1296/1296
f 1293/1293 1291/1291 1290/1290
f 1295/1295 1296/1296 1299/1299
f 1297/1297 1290/1290 1295/1295
f 1298/1298 1299/1299 1302/1302
f 1297/1297 1295/1295 1298/1298
f 1301/1301 1302/1302 1329/1329
f 1300/1300 1298/1298 1301/1301
f 1301/1301 1329/1329 1305/1305
f 1303/1303 1301/1301 1304/1304
f 1304/1304 1305/1305 1308/1308
f 1306/1306 1304/1304 1307/1307
f 1310/1310 1308/1308 1335/1335
f 1309/1309 1307/1307 1310/1310
f 1294/1294 1321/1321 1323/1323
f 1297/1297 5994/5994 1324/1324
f 1297/1297 1325/1325 5994/5994
f 1335/1335 1334/1334 1336/1336
f 1306/1306 1339/1339 1337/1337
f 1338/1338 1306/1306 1309/1309
f 1311/1311 1340/1340 1343/1343
f 1344/1344 1346/1346 1350/1350
f 1347/1347 1345/1345 1344/1344
f 1349/1349 1350/1350 1363/1363
f 1351/1351 1344/1344 1349/1349
f 1345/1345 1358/1358 1355/1355
f 1349/1349 1364/1364 5995/5995
f 1349/1349 5995/5995 1368/1368
f 1370/1370 1372/1372 1376/1376
f 1373/1373 1371/1371 1370/1370
f 1375/1375 1376/1376 1379/1379
f 1377/1377 1370/1370 1375/1375
f 1378/1378 1379/1379 1382/1382
f 1377/1377 1375/1375 1378/1378
f 1381/1381 1382/1382 1385/1385
f 1380/1380 1378/1378 1381/1381
f 1384/1384 1385/1385 1388/1388
f 1383/1383 1381/1381 1384/1384
f 1387/1387 1388/1388 1391/1391
f 1386/1386 1384/1384 1387/1387
f 1390/1390 1391/1391 1415/1415
f 1389/1389 1387/1387 1390/1390
f 1374/1374 1402/1402 1404/1404
f 1377/1377 5996/5996 1405/1405
f 1377/1377 1406/1406 5996/5996
f 1415/1415 1414/1414 1416/1416
f 1386/1386 1419/1419 1417/1417
f 1418/1418 1386/1386 1389/1389
f 1392/1392 1420/1420 1423/1423
f 1424/1424 1426/1426 1430/1430
f 1427/1427 1425/1425 1424/1424
f 1429/1429 1430/1430 1443/1443
f 1431/1431 1424/1424 1429/1429
f 1425/1425 1438/1438 1435/1435
f 1437/1437 1425/1425 1428/1428
f 1429/1429 1444/1444 5997/5997
f 1429/1429 5997/5997 1448/1448
f 1572/1572 1535/1535 1575/1575
f 1577/1577 1687/1687 1576/1576
f 1687/1687 1577/1577 1688/1688
f 1686/1686 1688/1688 1690/1690
f 1853/1853 1855/1855 1857/1857
f 1856/1856 1857/1857 1859/1859
f 1858/1858 1859/1859 1861/1861
f 1860/1860 1861/1861 1863/1863
f 1862/1862 1863/1863 1961/1961
f 1862/1862 1961/1961 1865/1865
f 1864/1864 1865/1865 1867/1867
f 1866/1866 1867/1867 1869/1869
f 1868/1868 1869/1869 1871/1871
f 1870/1870 1871/1871 1873/1873
f 1872/1872 1873/1873 1875/1875
f 1876/1876 1854/1854 1853/1853
f 1878/1878 1853/1853 1856/1856
f 1879/1879 1856/1856 1858/1858
f 1880/1880 1858/1858 1860/1860
f 1881/1881 1860/1860 1862/1862
f 1881/1881 1862/1862 1864/1864
f 1882/1882 1864/1864 1866/1866
f 1883/1883 1866/1866 1868/1868
f 1884/1884 1868/1868 1870/1870
f 1885/1885 1870/1870 1872/1872
f 1886/1886 1872/1872 1874/1874
f 1888/1888 1877/1877 1876/1876
f 1890/1890 1876/1876 1878/1878
f 1891/1891 1878/1878 1879/1879
f 1892/1892 1879/1879 1880/1880
f 1893/1893 1880/1880 1881/1881
f 1893/1893 1881/1881 1882/1882
f 1894/1894 1882/1882 1883/1883
f 1895/1895 1883/1883 1884/1884
f 1896/1896 1884/1884 1885/1885
f 1897/1897 1885/1885 1886/1886
f 1898/1898 1886/1886 1887/1887
f 1900/1900 1889/1889 1888/1888
f 1902/1902 1888/1888 1890/1890
f 1903/1903 1890/1890 1891/1891
f 1904/1904 1891/1891 1892/1892
f 1905/1905 1892/1892 1893/1893
f 1905/1905 1893/1893 1894/1894
f 1906/1906 1894/1894 1895/1895
f 1907/1907 1895/1895 1896/1896
f 1908/1908 1896/1896 1897/1897
f 1909/1909 1897/1897 1898/1898
f 1910/1910 1898/1898 1899/1899
f 1912/1912 1901/1901 1900/1900
f 1914/1914 1900/1900 1902/1902
f 1915/1915 1902/1902 1903/1903
f 1916/1916 1903/1903 1904/1904
f 1917/1917 1904/1904 1905/1905
f 1917/1917 1905/1905 1906/1906
f 1918/1918 1906/1906 1907/1907
f 1919/1919 1907/1907 1908/1908
f 1920/1920 1908/1908 1909/1909
f 1921/1921 1909/1909 1910/1910
f 1922/1922 1910/1910 1911/1911
f 1924/1924 1913/1913 1912/1912
f 1926/1926 1912/1912 1914/1914
f 1927/1927 1914/1914 1915/1915
f 1928/1928 1915/1915 1916/1916
f 1929/1929 1916/1916 1917/1917
f 1929/1929 1917/1917 1918/1918
f 1930/1930 1918/1918 1919/1919
f 1931/1931 1919/1919 1920/1920
f 1932/1932 1920/1920 1921/1921
f 1933/1933 1921/1921 1922/1922
f 1934/1934 1922/1922 1923/1923
f 1854/1854 1877/1877 2002/2002
f 2001/2001 1936/1936 1855/1855
f 2003/2003 2002/2002 1877/1877
f 2004/2004 1901/1901 2006/2006
f 1913/1913 2006/2006 1901/1901
f 2005/2005 1925/1925 2009/2009
f 1874/1874 2018/2018 1887/1887
f 1875/1875 2017/2017 1874/1874
f 1887/1887 2019/2019 1899/1899
f 2021/2021 2027/2027 1923/1923
f 1911/1911 1899/1899 2020/2020
f 1935/1935 1923/1923 2027/2027
f 2031/2031 2033/2033 2035/2035
f 2034/2034 2035/2035 2049/2049
f 2036/2036 2032/2032 2031/2031
f 2038/2038 2031/2031 2034/2034
f 2032/2032 2043/2043 2033/2033
f 2042/2042 5998/5998 2035/2035
f 2047/2047 2035/2035 5998/5998
f 2055/2055 2046/2046 2032/2032
f 2034/2034 2063/2063 2038/2038
f 2069/2069 2071/2071 2073/2073
f 2072/2072 2073/2073 2075/2075
f 2074/2074 2075/2075 2077/2077
f 2076/2076 2077/2077 2079/2079
f 2078/2078 2079/2079 2081/2081
f 2080/2080 2081/2081 2184/2184
f 2080/2080 2184/2184 2083/2083
f 2082/2082 2083/2083 2085/2085
f 2084/2084 2085/2085 2087/2087
f 2086/2086 2087/2087 2089/2089
f 2088/2088 2089/2089 2091/2091
f 2092/2092 2070/2070 2069/2069
f 2094/2094 2069/2069 2072/2072
f 2095/2095 2072/2072 2074/2074
f 2096/2096 2074/2074 2076/2076
f 2097/2097 2076/2076 2078/2078
f 2097/2097 2078/2078 2080/2080
f 2098/2098 2080/2080 2082/2082
f 2099/2099 2082/2082 2084/2084
f 2100/2100 2084/2084 2086/2086
f 2101/2101 2086/2086 2088/2088
f 2102/2102 2088/2088 2090/2090
f 2104/2104 2093/2093 2092/2092
f 2106/2106 2092/2092 2094/2094
f 2107/2107 2094/2094 2095/2095
f 2108/2108 2095/2095 2096/2096
f 2109/2109 2096/2096 2097/2097
f 2109/2109 2097/2097 2098/2098
f 2110/2110 2098/2098 2099/2099
f 2111/2111 2099/2099 2100/2100
f 2112/2112 2100/2100 2101/2101
f 2113/2113 2101/2101 2102/2102
f 2114/2114 2102/2102 2103/2103
f 2116/2116 2105/2105 2104/2104
f 2118/2118 2104/2104 2106/2106
f 2119/2119 2106/2106 2107/2107
f 2120/2120 2107/2107 2108/2108
f 2121/2121 2108/2108 2109/2109
f 2121/2121 2109/2109 2110/2110
f 2122/2122 2110/2110 2111/2111
f 2123/2123 2111/2111 2112/2112
f 2124/2124 2112/2112 2113/2113
f 2125/2125 2113/2113 2114/2114
f 2126/2126 2114/2114 2115/2115
f 2128/2128 2117/2117 2116/2116
f 2130/2130 2116/2116 2118/2118
f 2131/2131 2118/2118 2119/2119
f 2132/2132 2119/2119 2120/2120
f 2133/2133 2120/2120 2121/2121
f 2134/2134 2121/2121 2122/2122
f 2134/2134 2122/2122 2123/2123
f 2135/2135 2123/2123 2124/2124
f 2136/2136 2124/2124 2125/2125
f 2137/2137 2125/2125 2126/2126
f 2138/2138 2126/2126 2127/2127
f 2140/2140 2129/2129 2128/2128
f 2142/2142 2128/2128 2130/2130
f 2143/2143 2130/2130 2131/2131
f 2144/2144 2131/2131 2132/2132
f 2145/2145 2132/2132 2133/2133
f 2146/2146 2133/2133 2134/2134
f 2146/2146 2134/2134 2135/2135
f 2147/2147 2135/2135 2136/2136
f 2148/2148 2136/2136 2137/2137
f 2149/2149 2137/2137 2138/2138
f 2150/2150 2138/2138 2139/2139
f 2071/2071 2070/2070 2174/2174
f 2070/2070 2093/2093 2217/2217
f 2219/2219 2117/2117 2220/2220
f 2220/2220 2129/2129 2222/2222
f 2141/2141 2222/2222 2129/2129
f 2090/2090 2233/2233 2103/2103
f 2103/2103 2234/2234 2115/2115
f 2236/2236 2242/2242 2139/2139
f 2127/2127 2115/2115 2235/2235
f 2242/2242 2244/2244 2151/2151
f 2247/2247 2249/2249 2251/2251
f 2250/2250 2251/2251 2265/2265
f 2252/2252 2248/2248 2247/2247
f 2254/2254 2247/2247 2250/2250
f 2248/2248 2259/2259 2249/2249
f 2258/2258 5999/5999 2251/2251
f 2263/2263 2251/2251 5999/5999
f 2271/2271 2262/2262 2248/2248
f 2285/2285 2287/2287 2289/2289
f 2288/2288 2289/2289 2291/2291
f 2290/2290 2291/2291 2293/2293
f 2292/2292 2293/2293 2295/2295
f 2294/2294 2295/2295 2393/2393
f 2294/2294 2393/2393 2297/2297
f 2296/2296 2297/2297 2299/2299
f 2298/2298 2299/2299 2301/2301
f 2300/2300 2301/2301 2303/2303
f 2302/2302 2303/2303 2305/2305
f 2304/2304 2305/2305 2307/2307
f 2308/2308 2286/2286 2285/2285
f 2310/2310 2285/2285 2288/2288
f 2311/2311 2288/2288 2290/2290
f 2312/2312 2290/2290 2292/2292
f 2313/2313 2292/2292 2294/2294
f 2313/2313 2294/2294 2296/2296
f 2314/2314 2296/2296 2298/2298
f 2315/2315 2298/2298 2300/2300
f 2316/2316 2300/2300 2302/2302
f 2317/2317 2302/2302 2304/2304
f 2318/2318 2304/2304 2306/2306
f 2320/2320 2309/2309 2308/2308
f 2322/2322 2308/2308 2310/2310
f 2323/2323 2310/2310 2311/2311
f 2324/2324 2311/2311 2312/2312
f 2325/2325 2312/2312 2313/2313
f 2325/2325 2313/2313 2314/2314
f 2326/2326 2314/2314 2315/2315
f 2327/2327 2315/2315 2316/2316
f 2328/2328 2316/2316 2317/2317
f 2329/2329 2317/2317 2318/2318
f 2330/2330 2318/2318 2319/2319
f 2332/2332 2321/2321 2320/2320
f 2334/2334 2320/2320 2322/2322
f 2335/2335 2322/2322 2323/2323
f 2336/2336 2323/2323 2324/2324
f 2337/2337 2324/2324 2325/2325
f 2337/2337 2325/2325 2326/2326
f 2338/2338 2326/2326 2327/2327
f 2339/2339 2327/2327 2328/2328
f 2340/2340 2328/2328 2329/2329
f 2341/2341 2329/2329 2330/2330
f 2342/2342 2330/2330 2331/2331
f 2344/2344 2333/2333 2332/2332
f 2346/2346 2332/2332 2334/2334
f 2347/2347 2334/2334 2335/2335
f 2348/2348 2335/2335 2336/2336
f 2349/2349 2336/2336 2337/2337
f 2349/2349 2337/2337 2338/2338
f 2350/2350 2338/2338 2339/2339
f 2351/2351 2339/2339 2340/2340
f 2352/2352 2340/2340 2341/2341
f 2353/2353 2341/2341 2342/2342
f 2354/2354 2342/2342 2343/2343
f 2356/2356 2345/2345 2344/2344
f 2358/2358 2344/2344 2346/2346
f 2359/2359 2346/2346 2347/2347
f 2360/2360 2347/2347 2348/2348
f 2361/2361 2348/2348 2349/2349
f 2361/2361 2349/2349 2350/2350
f 2362/2362 2350/2350 2351/2351
f 2363/2363 2351/2351 2352/2352
f 2364/2364 2352/2352 2353/2353
f 2365/2365 2353/2353 2354/2354
f 2366/2366 2354/2354 2355/2355
f 2286/2286 2309/2309 2434/2434
f 2433/2433 2368/2368 2287/2287
f 2435/2435 2434/2434 2309/2309
f 2436/2436 2333/2333 2438/2438
f 2345/2345 2438/2438 2333/2333
f 2437/2437 2357/2357 2441/2441
f 2306/2306 2450/2450 2319/2319
f 2307/2307 2449/2449 2306/2306
f 2319/2319 2451/2451 2331/2331
f 2453/2453 2459/2459 2355/2355
f 2343/2343 2331/2331 2452/2452
f 2367/2367 2355/2355 2459/2459
f 2463/2463 2465/2465 2467/2467
f 2466/2466 2467/2467 2481/2481
f 2468/2468 2464/2464 2463/2463
f 2470/2470 2463/2463 2466/2466
f 2464/2464 2475/2475 2465/2465
f 2474/2474 2484/2484 2467/2467
f 2488/2488 2478/2478 2464/2464
f 2502/2502 2504/2504 2506/2506
f 2505/2505 2506/2506 2508/2508
f 2507/2507 2508/2508 2510/2510
f 2509/2509 2510/2510 2512/2512
f 2511/2511 2512/2512 2610/2610
f 2511/2511 2610/2610 2514/2514
f 2513/2513 2514/2514 2516/2516
f 2515/2515 2516/2516 2518/2518
f 2517/2517 2518/2518 2520/2520
f 2519/2519 2520/2520 2522/2522
f 2521/2521 2522/2522 2524/2524
f 2525/2525 2503/2503 2502/2502
f 2527/2527 2502/2502 2505/2505
f 2528/2528 2505/2505 2507/2507
f 2529/2529 2507/2507 2509/2509
f 2530/2530 2509/2509 2511/2511
f 2530/2530 2511/2511 2513/2513
f 2531/2531 2513/2513 2515/2515
f 2532/2532 2515/2515 2517/2517
f 2533/2533 2517/2517 2519/2519
f 2534/2534 2519/2519 2521/2521
f 2535/2535 2521/2521 2523/2523
f 2537/2537 2526/2526 2525/2525
f 2539/2539 2525/2525 2527/2527
f 2540/2540 2527/2527 2528/2528
f 2541/2541 2528/2528 2529/2529
f 2542/2542 2529/2529 2530/2530
f 2542/2542 2530/2530 2531/2531
f 2543/2543 2531/2531 2532/2532
f 2544/2544 2532/2532 2533/2533
f 2545/2545 2533/2533 2534/2534
f 2546/2546 2534/2534 2535/2535
f 2547/2547 2535/2535 2536/2536
f 2549/2549 2538/2538 2537/2537
f 2551/2551 2537/2537 2539/2539
f 2552/2552 2539/2539 2540/2540
f 2553/2553 2540/2540 2541/2541
f 2554/2554 2541/2541 2542/2542
f 2554/2554 2542/2542 2543/2543
f 2555/2555 2543/2543 2544/2544
f 2556/2556 2544/2544 2545/2545
f 2557/2557 2545/2545 2546/2546
f 2558/2558 2546/2546 2547/2547
f 2559/2559 2547/2547 2548/2548
f 2561/2561 2550/2550 2549/2549
f 2563/2563 2549/2549 2551/2551
f 2564/2564 2551/2551 2552/2552
f 2565/2565 2552/2552 2553/2553
f 2566/2566 2553/2553 2554/2554
f 2566/2566 2554/2554 2555/2555
f 2567/2567 2555/2555 2556/2556
f 2568/2568 2556/2556 2557/2557
f 2569/2569 2557/2557 2558/2558
f 2570/2570 2558/2558 2559/2559
f 2571/2571 2559/2559 2560/2560
f 2573/2573 2562/2562 2561/2561
f 2575/2575 2561/2561 2563/2563
f 2576/2576 2563/2563 2564/2564
f 2577/2577 2564/2564 2565/2565
f 2578/2578 2565/2565 2566/2566
f 2578/2578 2566/2566 2567/2567
f 2579/2579 2567/2567 2568/2568
f 2580/2580 2568/2568 2569/2569
f 2581/2581 2569/2569 2570/2570
f 2582/2582 2570/2570 2571/2571
f 2583/2583 2571/2571 2572/2572
f 2503/2503 2526/2526 2651/2651
f 2650/2650 2585/2585 2504/2504
f 2652/2652 2651/2651 2526/2526
f 2653/2653 2550/2550 2655/2655
f 2562/2562 2655/2655 2550/2550
f 2654/2654 2574/2574 2658/2658
f 2523/2523 2667/2667 2536/2536
f 2524/2524 2666/2666 2523/2523
f 2536/2536 2668/2668 2548/2548
f 2670/2670 2676/2676 2572/2572
f 2560/2560 2548/2548 2669/2669
f 2584/2584 2572/2572 2676/2676
f 2680/2680 2682/2682 2684/2684
f 2683/2683 2684/2684 2698/2698
f 2685/2685 2681/2681 2680/2680
f 2687/2687 2680/2680 2683/2683
f 2681/2681 2692/2692 2682/2682
f 2691/2691 6000/6000 2684/2684
f 2696/2696 2684/2684 6000/6000
f 2704/2704 2695/2695 2681/2681
f 2748/2748 2750/2750 2764/2764
f 2751/2751 2749/2749 2748/2748
f 2748/2748 2764/2764 2754/2754
f 2751/2751 2748/2748 2753/2753
f 2753/2753 2780/2780 2784/2784
f 2755/2755 2785/2785 2795/2795
f 2827/2827 2836/2836 2828/2828
f 2829/2829 2827/2827 2826/2826
f 2831/2831 2828/2828 2857/2857
f 2829/2829 2826/2826 2831/2831
f 2831/2831 2872/2872 2871/2871
f 2910/2910 6001/6001 2911/2911
f 2912/2912 2914/2914 2917/2917
f 2916/2916 2919/2919 2915/2915
f 2920/2920 2922/2922 6002/6002
f 2923/2923 2925/2925 6003/6003
f 2926/2926 2928/2928 6004/6004
f 2929/2929 2931/2931 6005/6005
f 2932/2932 2934/2934 6006/6006
f 2935/2935 2937/2937 6007/6007
f 2938/2938 2940/2940 6008/6008
f 2941/2941 2943/2943 2957/2957
f 2944/2944 2942/2942 2941/2941
f 2941/2941 2957/2957 2947/2947
f 2944/2944 2941/2941 2946/2946
f 2946/2946 2973/2973 2977/2977
f 2948/2948 2978/2978 2988/2988
f 3019/3019 3021/3021 3035/3035
f 3022/3022 3020/3020 3019/3019
f 3019/3019 3035/3035 3025/3025
f 3022/3022 3019/3019 3024/3024
f 3024/3024 3051/3051 3055/3055
f 3026/3026 3056/3056 3066/3066
f 3068/3068 3095/3095 3069/3069
f 3071/3071 3068/3068 3067/3067
f 3073/3073 3071/3071 3070/3070
f 3075/3075 3073/3073 3072/3072
f 3077/3077 3075/3075 3074/3074
f 3067/3067 3069/3069 3079/3079
f 3070/3070 3067/3067 3078/3078
f 3072/3072 3070/3070 3080/3080
f 3074/3074 3072/3072 3081/3081
f 3078/3078 3079/3079 3084/3084
f 3080/3080 3078/3078 3083/3083
f 3081/3081 3080/3080 3085/3085
f 3083/3083 3084/3084 3088/3088
f 3085/3085 3083/3083 3087/3087
f 3086/3086 3085/3085 3089/3089
f 3087/3087 3088/3088 3092/3092
f 3089/3089 3087/3087 3091/3091
f 3146/3146 3148/3148 3152/3152
f 3149/3149 3147/3147 3146/3146
f 3151/3151 3152/3152 3182/3182
f 3153/3153 3146/3146 3151/3151
f 3160/3160 3148/3148 3147/3147
f 3211/3211 3238/3238 3212/3212
f 3214/3214 3211/3211 3210/3210
f 3216/3216 3214/3214 3213/3213
f 3218/3218 3216/3216 3215/3215
f 3220/3220 3218/3218 3217/3217
f 3210/3210 3212/3212 3222/3222
f 3213/3213 3210/3210 3221/3221
f 3215/3215 3213/3213 3223/3223
f 3217/3217 3215/3215 3224/3224
f 3221/3221 3222/3222 3227/3227
f 3223/3223 3221/3221 3226/3226
f 3224/3224 3223/3223 3228/3228
f 3226/3226 3227/3227 3231/3231
f 3228/3228 3226/3226 3230/3230
f 3229/3229 3228/3228 3232/3232
f 3230/3230 3231/3231 3235/3235
f 3232/3232 3230/3230 3234/3234
f 3289/3289 3291/3291 3295/3295
f 3292/3292 3290/3290 3289/3289
f 3294/3294 3295/3295 3326/3326
f 3296/3296 3289/3289 3294/3294
f 3355/3355 3382/3382 3356/3356
f 3358/3358 3355/3355 3354/3354
f 3360/3360 3358/3358 3357/3357
f 3362/3362 3360/3360 3359/3359
f 3364/3364 3362/3362 3361/3361
f 3354/3354 3356/3356 3366/3366
f 3357/3357 3354/3354 3365/3365
f 3359/3359 3357/3357 3367/3367
f 3361/3361 3359/3359 3368/3368
f 3365/3365 3366/3366 3371/3371
f 3367/3367 3365/3365 3370/3370
f 3368/3368 3367/3367 3372/3372
f 3370/3370 3371/3371 3375/3375
f 3372/3372 3370/3370 3374/3374
f 3373/3373 3372/3372 3376/3376
f 3374/3374 3375/3375 3379/3379
f 3376/3376 3374/3374 3378/3378
f 3433/3433 3435/3435 3439/3439
f 3436/3436 3434/3434 3433/3433
f 3438/3438 3439/3439 3469/3469
f 3440/3440 3433/3433 3438/3438
f 3447/3447 3435/3435 3434/3434
f 3519/3519 3521/3521 3525/3525
f 3522/3522 3520/3520 3519/3519
f 3524/3524 3525/3525 3557/3557
f 3526/3526 3519/3519 3524/3524
f 3585/3585 3612/3612 3586/3586
f 3588/3588 3585/3585 3584/3584
f 3590/3590 3588/3588 3587/3587
f 3592/3592 3590/3590 3589/3589
f 3594/3594 3592/3592 3591/3591
f 3584/3584 3586/3586 3596/3596
f 3587/3587 3584/3584 3595/3595
f 3589/3589 3587/3587 3597/3597
f 3591/3591 3589/3589 3598/3598
f 3595/3595 3596/3596 3601/3601
f 3597/3597 3595/3595 3600/3600
f 3598/3598 3597/3597 3602/3602
f 3600/3600 3601/3601 3605/3605
f 3602/3602 3600/3600 3604/3604
f 3603/3603 3602/3602 3606/3606
f 3604/3604 3605/3605 3609/3609
f 3606/3606 3604/3604 3608/3608
f 3663/3663 3665/3665 6009/6009
f 3666/3666 3668/3668 6010/6010
f 3677/3677 3683/3683 3675/3675
f 3681/3681 3675/3675 3683/3683
f 3680/3680 3672/3672 3675/3675
f 3687/3687 3693/3693 3686/3686
f 3681/3681 3683/3683 3686/3686
f 3698/3698 3700/3700 3723/3723
f 3702/3702 3699/3699 3698/3698
f 3698/3698 3723/3723 3704/3704
f 3705/3705 3698/3698 3703/3703
f 3706/3706 3704/3704 3709/3709
f 3705/3705 3703/3703 3706/3706
f 3708/3708 3709/3709 3733/3733
f 3707/3707 3706/3706 3708/3708
f 3708/3708 3733/3733 3712/3712
f 3710/3710 3708/3708 3711/3711
f 3711/3711 3712/3712 3715/3715
f 3716/3716 3711/3711 3714/3714
f 3720/3720 3723/3723 3700/3700
f 3709/3709 3722/3722 3731/3731
f 3727/3727 3702/3702 3701/3701
f 3701/3701 3729/3729 3728/3728
f 3707/3707 3739/3739 3730/3730
f 3731/3731 3733/3733 3709/3709
f 3712/3712 3732/3732 3734/3734
f 3735/3735 3715/3715 3712/3712
f 3710/3710 3741/3741 3739/3739
f 3716/3716 3744/3744 3743/3743
f 3795/3795 3797/3797 3801/3801
f 3791/3791 3796/3796 3795/3795
f 3951/3951 3960/3960 3952/3952
f 3951/3951 3957/3957 3960/3960
f 3965/3965 3963/3963 3962/3962
f 3959/3959 3971/3971 3962/3962
f 3962/3962 3972/3972 3964/3964
f 3978/3978 3989/3989 3979/3979
f 3977/3977 3979/3979 3981/3981
f 3982/3982 3978/3978 3977/3977
f 3984/3984 3977/3977 3980/3980
f 3988/3988 3978/3978 3990/3990
f 3978/3978 3983/3983 3991/3991
f 3979/3979 3989/3989 3987/3987
f 3995/3995 6011/6011 3980/3980
f 4000/4000 3980/3980 6011/6011
f 4010/4010 4011/4011 4013/4013
f 4014/4014 6012/6012 4009/4009
f 4017/4017 4024/4024 4018/4018
f 4019/4019 4009/4009 6012/6012
f 4020/4020 4021/4021 6013/6013
f 4023/4023 6013/6013 4021/4021
f 4018/4018 4025/4025 4021/4021
f 4027/4027 4023/4023 4022/4022
f 4031/4031 6014/6014 4022/4022
f 4034/4034 4022/4022 6014/6014
f 4044/4044 4053/4053 4045/4045
f 4044/4044 4050/4050 4053/4053
f 4054/4054 4055/4055 6015/6015
f 4057/4057 6015/6015 4055/4055
f 4052/4052 4063/4063 4055/4055
f 4055/4055 4064/4064 4056/4056
f 4076/4076 4077/4077 4079/4079
f 4080/4080 6016/6016 4075/4075
f 4083/4083 4090/4090 4084/4084
f 4085/4085 4075/4075 6016/6016
f 4086/4086 4087/4087 6017/6017
f 4089/4089 6017/6017 4087/4087
f 4084/4084 4091/4091 4087/4087
f 4093/4093 4089/4089 4088/4088
f 4097/4097 4102/4102 4088/4088
f 4104/4104 4115/4115 4105/4105
f 4103/4103 4105/4105 4107/4107
f 4108/4108 4104/4104 4103/4103
f 4110/4110 4103/4103 4106/4106
f 4114/4114 4104/4104 4117/4117
f 4105/4105 4115/4115 4113/4113
f 4121/4121 6018/6018 4106/4106
f 4108/4108 4110/4110 4125/4125
f 4126/4126 4106/4106 6018/6018
f 4137/4137 4143/4143 4144/4144
f 4147/4147 4148/4148 6019/6019
f 4150/4150 6019/6019 4148/4148
f 4146/4146 4156/4156 4148/4148
f 4148/4148 4157/4157 4149/4149
f 4170/4170 4176/4176 4177/4177
f 4180/4180 4181/4181 6020/6020
f 4183/4183 6020/6020 4181/4181
f 4179/4179 4189/4189 4181/4181
f 4181/4181 4190/4190 4182/4182
f 4202/4202 4203/4203 4204/4204
f 4203/4203 4210/4210 4205/4205
f 4206/4206 6021/6021 4201/4201
f 4209/4209 4216/4216 4210/4210
f 4211/4211 4201/4201 6021/6021
f 4212/4212 4213/4213 6022/6022
f 4215/4215 6022/6022 4213/4213
f 4210/4210 4217/4217 4213/4213
f 4219/4219 4215/4215 4214/4214
f 4223/4223 6023/6023 4214/4214
f 4226/4226 4214/4214 6023/6023
f 4229/4229 4239/4239 4230/4230
f 4231/4231 4230/4230 4245/4245
f 4232/4232 4229/4229 4228/4228
f 4234/4234 4228/4228 4231/4231
f 4229/4229 4233/4233 4241/4241
f 4230/4230 4239/4239 4237/4237
f 4246/4246 6024/6024 4231/4231
f 4232/4232 4234/4234 4250/4250
f 4251/4251 4231/4231 6024/6024
f 4262/4262 4271/4271 4263/4263
f 4262/4262 4268/4268 4271/4271
f 4272/4272 4273/4273 6025/6025
f 4275/4275 6025/6025 4273/4273
f 4270/4270 4281/4281 4273/4273
f 4273/4273 4282/4282 4274/4274
f 4295/4295 4304/4304 4296/4296
f 4295/4295 4301/4301 4304/4304
f 4305/4305 4306/4306 6026/6026
f 4308/4308 6026/6026 4306/4306
f 4303/4303 4314/4314 4306/4306
f 4306/4306 4315/4315 4307/4307
f 4327/4327 4328/4328 4330/4330
f 4331/4331 6027/6027 4326/4326
f 4334/4334 4341/4341 4335/4335
f 4336/4336 4326/4326 6027/6027
f 4337/4337 4338/4338 6028/6028
f 4340/4340 6028/6028 4338/4338
f 4335/4335 4342/4342 4338/4338
f 4344/4344 4340/4340 4339/4339
f 4348/4348 6029/6029 4339/4339
f 4351/4351 4339/4339 6029/6029
f 4353/4353 4355/4355 4357/4357
f 4356/4356 4357/4357 4370/4370
f 4358/4358 4354/4354 4353/4353
f 4360/4360 4353/4353 4356/4356
f 4354/4354 4359/4359 4366/4366
f 4357/4357 4355/4355 4363/4363
f 4371/4371 6030/6030 4356/4356
f 4358/4358 4360/4360 4375/4375
f 4376/4376 4356/4356 6030/6030
f 4387/4387 4396/4396 4388/4388
f 4387/4387 4393/4393 4396/4396
f 4397/4397 4398/4398 6031/6031
f 4400/4400 6031/6031 4398/4398
f 4395/4395 4406/4406 4398/4398
f 4398/4398 4407/4407 4399/4399
f 4420/4420 4429/4429 4421/4421
f 4420/4420 4426/4426 4429/4429
f 4430/4430 4431/4431 6032/6032
f 4433/4433 6032/6032 4431/4431
f 4428/4428 4439/4439 4431/4431
f 4431/4431 4440/4440 4432/4432
f 4452/4452 4453/4453 4454/4454
f 4453/4453 4460/4460 4455/4455
f 4456/4456 6033/6033 4451/4451
f 4459/4459 4467/4467 4460/4460
f 4461/4461 4451/4451 6033/6033
f 4466/4466 4464/4464 4463/4463
f 4460/4460 4468/4468 4463/4463
f 4470/4470 4466/4466 4465/4465
f 4474/4474 6034/6034 4465/4465
f 4477/4477 4465/4465 6034/6034
f 4480/4480 4491/4491 4481/4481
f 4479/4479 4481/4481 4483/4483
f 4484/4484 4480/4480 4479/4479
f 4484/4484 4479/4479 4482/4482
f 4490/4490 4480/4480 4492/4492
f 4480/4480 4485/4485 4493/4493
f 4481/4481 4491/4491 4489/4489
f 4497/4497 6035/6035 4482/4482
f 4502/4502 4482/4482 6035/6035
f 4513/4513 4522/4522 4514/4514
f 4513/4513 4519/4519 4522/4522
f 4523/4523 4524/4524 6036/6036
f 4526/4526 6036/6036 4524/4524
f 4521/4521 4532/4532 4524/4524
f 4524/4524 4533/4533 4525/4525
f 4546/4546 4552/4552 4553/4553
f 4556/4556 4557/4557 6037/6037
f 4559/4559 6037/6037 4557/4557
f 4555/4555 4565/4565 4557/4557
f 4557/4557 4566/4566 4558/4558
f 4578/4578 4579/4579 4581/4581
f 4582/4582 6038/6038 4577/4577
f 4585/4585 4592/4592 4586/4586
f 4587/4587 4577/4577 6038/6038
f 4588/4588 4589/4589 6039/6039
f 4591/4591 6039/6039 4589/4589
f 4586/4586 4593/4593 4589/4589
f 4595/4595 4591/4591 4590/4590
f 4599/4599 6040/6040 4590/4590
f 4602/4602 4590/4590 6040/6040
f 4605/4605 4616/4616 4606/4606
f 4604/4604 4606/4606 4608/4608
f 4609/4609 4605/4605 4604/4604
f 4609/4609 4604/4604 4607/4607
f 4615/4615 4605/4605 4618/4618
f 4606/4606 4616/4616 4614/4614
f 4622/4622 6041/6041 4607/4607
f 4627/4627 4607/4607 6041/6041
f 4638/4638 4647/4647 4639/4639
f 4638/4638 4644/4644 4647/4647
f 4652/4652 4650/4650 4649/4649
f 4646/4646 4658/4658 4649/4649
f 4649/4649 4659/4659 4651/4651
f 4672/4672 4678/4678 4679/4679
f 4686/4686 4684/4684 4683/4683
f 4681/4681 4692/4692 4683/4683
f 4683/4683 4693/4693 4685/4685
f 4698/4698 4700/4700 4706/4706
f 4704/4704 4702/4702 4701/4701
f 4704/4704 4711/4711 4707/4707
f 4711/4711 4709/4709 4708/4708
f 4714/4714 6042/6042 4704/4704
f 4716/4716 4704/4704 6042/6042
f 4711/4711 4717/4717 4709/4709
f 4718/4718 4719/4719 4713/4713
f 4723/4723 4721/4721 4713/4713
f 4724/4724 4726/4726 4722/4722
f 4727/4727 4738/4738 4724/4724
f 4713/4713 4728/4728 4722/4722
f 4729/4729 4725/4725 4724/4724
f 4731/4731 4733/4733 4735/4735
f 4730/4730 4732/4732 4731/4731
f 4734/4734 4737/4737 6043/6043
f 4738/4738 4739/4739 4729/4729
f 4739/4739 4740/4740 4732/4732
f 4740/4740 4741/4741 4733/4733
f 5271/5271 5273/5273 5277/5277
f 5274/5274 5272/5272 5271/5271
f 5276/5276 5277/5277 5289/5289
f 5278/5278 5271/5271 5276/5276
f 5272/5272 5285/5285 5282/5282
f 5276/5276 5292/5292 6044/6044
f 5276/5276 6044/6044 5295/5295
f 5298/5298 5318/5318 5299/5299
f 5300/5300 5298/5298 5297/5297
f 5297/5297 5299/5299 5303/5303
f 5304/5304 5297/5297 5302/5302
f 5305/5305 5303/5303 5308/5308
f 5304/5304 5302/5302 5305/5305
f 5307/5307 5308/5308 5331/5331
f 5306/5306 5305/5305 5307/5307
f 5307/5307 5331/5331 5311/5311
f 5312/5312 5307/5307 5310/5310
f 5313/5313 5311/5311 5334/5334
f 5314/5314 5310/5310 5313/5313
f 5319/5319 5299/5299 5318/5318
f 5308/5308 5321/5321 5329/5329
f 5325/5325 5301/5301 5300/5300
f 5300/5300 5327/5327 5326/5326
f 5306/5306 5338/5338 5328/5328
f 5329/5329 5331/5331 5308/5308
f 5311/5311 5330/5330 5332/5332
f 5333/5333 5334/5334 5311/5311
f 5309/5309 5340/5340 5338/5338
f 5314/5314 5343/5343 5342/5342
f 5352/5352 5358/5358 5350/5350
f 5356/5356 5350/5350 5358/5358
f 5357/5357 5347/5347 5350/5350
f 5362/5362 5368/5368 5361/5361
f 5356/5356 5358/5358 5361/5361
f 5373/5373 5380/5380 5381/5381
f 5386/5386 5388/5388 5392/5392
f 5389/5389 5387/5387 5386/5386
f 5391/5391 5392/5392 5405/5405
f 5393/5393 5386/5386 5391/5391
f 5387/5387 5400/5400 5397/5397
f 5399/5399 5387/5387 5390/5390
f 5391/5391 5407/5407 6045/6045
f 5391/5391 6045/6045 5410/5410
f 5412/5412 5414/5414 5437/5437
f 5416/5416 5413/5413 5412/5412
f 5412/5412 5437/5437 5418/5418
f 5419/5419 5412/5412 5417/5417
f 5420/5420 5418/5418 5423/5423
f 5419/5419 5417/5417 5420/5420
f 5422/5422 5423/5423 5447/5447
f 5421/5421 5420/5420 5422/5422
f 5422/5422 5447/5447 5426/5426
f 5424/5424 5422/5422 5425/5425
f 5425/5425 5426/5426 5429/5429
f 5430/5430 5425/5425 5428/5428
f 5434/5434 5437/5437 5414/5414
f 5423/5423 5436/5436 5445/5445
f 5441/5441 5416/5416 5415/5415
f 5415/5415 5443/5443 5442/5442
f 5421/5421 5453/5453 5444/5444
f 5445/5445 5447/5447 5423/5423
f 5426/5426 5446/5446 5448/5448
f 5449/5449 5429/5429 5426/5426
f 5424/5424 5455/5455 5453/5453
f 5430/5430 5458/5458 5457/5457
f 5467/5467 5473/5473 5465/5465
f 5471/5471 5465/5465 5473/5473
f 5470/5470 5462/5462 5465/5465
f 5477/5477 5483/5483 5476/5476
f 5471/5471 5473/5473 5476/5476
f 5490/5490 5497/5497 5488/5488
f 5503/5503 5505/5505 5509/5509
f 5506/5506 5504/5504 5503/5503
f 5508/5508 5509/5509 5522/5522
f 5510/5510 5503/5503 5508/5508
f 5504/5504 5517/5517 5514/5514
f 5508/5508 5524/5524 6046/6046
f 5508/5508 6046/6046 5527/5527
f 5530/5530 5550/5550 5531/5531
f 5532/5532 5530/5530 5529/5529
f 5529/5529 5531/5531 5535/5535
f 5536/5536 5529/5529 5534/5534
f 5537/5537 5535/5535 5540/5540
f 5536/5536 5534/5534 5537/5537
f 5539/5539 5540/5540 5563/5563
f 5538/5538 5537/5537 5539/5539
f 5539/5539 5563/5563 5543/5543
f 5544/5544 5539/5539 5542/5542
f 5545/5545 5543/5543 5566/5566
f 5546/5546 5542/5542 5545/5545
f 5551/5551 5531/5531 5550/5550
f 5540/5540 5553/5553 5561/5561
f 5557/5557 5533/5533 5532/5532
f 5532/5532 5559/5559 5558/5558
f 5538/5538 5570/5570 5560/5560
f 5561/5561 5563/5563 5540/5540
f 5543/5543 5562/5562 5564/5564
f 5565/5565 5566/5566 5543/5543
f 5541/5541 5572/5572 5570/5570
f 5546/5546 5575/5575 5574/5574
f 5584/5584 5590/5590 5582/5582
f 5588/5588 5582/5582 5590/5590
f 5589/5589 5579/5579 5582/5582
f 5594/5594 5600/5600 5593/5593
f 5588/5588 5590/5590 5593/5593
f 5605/5605 5612/5612 5613/5613
f 5618/5618 5620/5620 5624/5624
f 5621/5621 5619/5619 5618/5618
f 5623/5623 5624/5624 5637/5637
f 5625/5625 5618/5618 5623/5623
f 5619/5619 5632/5632 5629/5629
f 5631/5631 5619/5619 5622/5622
f 5623/5623 5639/5639 6047/6047
f 5623/5623 6047/6047 5642/5642
f 5644/5644 5646/5646 5652/5652
f 5650/5650 5648/5648 5647/5647
f 5650/5650 5657/5657 5653/5653
f 5657/5657 5655/5655 5654/5654
f 5660/5660 6048/6048 5650/5650
f 5662/5662 5650/5650 6048/6048
f 5657/5657 5663/5663 5655/5655
f 5664/5664 5665/5665 5659/5659
f 5669/5669 5667/5667 5659/5659
f 5670/5670 5672/5672 5668/5668
f 5673/5673 5684/5684 5670/5670
f 5659/5659 5674/5674 5668/5668
f 5675/5675 5671/5671 5670/5670
f 5677/5677 5679/5679 5681/5681
f 5676/5676 5678/5678 5677/5677
f 5680/5680 5683/5683 6049/6049
f 5684/5684 5685/5685 5675/5675
f 5685/5685 5686/5686 5678/5678
f 5686/5686 5687/5687 5679/5679
f 5688/5688 5690/5690 5696/5696
f 5694/5694 5692/5692 5691/5691
f 5694/5694 5701/5701 5697/5697
f 5701/5701 5699/5699 5698/5698
f 5704/5704 6050/6050 5694/5694
f 5706/5706 5694/5694 6050/6050
f 5701/5701 5707/5707 5699/5699
f 5708/5708 5709/5709 5703/5703
f 5713/5713 5711/5711 5703/5703
f 5714/5714 5716/5716 5712/5712
f 5717/5717 5728/5728 5714/5714
f 5703/5703 5718/5718 5712/5712
f 5719/5719 5715/5715 5714/5714
f 5721/5721 5723/5723 5725/5725
f 5720/5720 5722/5722 5721/5721
f 5724/5724 5727/5727 6051/6051
f 5728/5728 5729/5729 5719/5719
f 5729/5729 5730/5730 5722/5722
f 5730/5730 5731/5731 5723/5723
f 5732/5732 5734/5734 5740/5740
f 5738/5738 5736/5736 5735/5735
f 5738/5738 5745/5745 5741/5741
f 5745/5745 5743/5743 5742/5742
f 5748/5748 6052/6052 5738/5738
f 5750/5750 5738/5738 6052/6052
f 5745/5745 5751/5751 5743/5743
f 5752/5752 5753/5753 5747/5747
f 5757/5757 5755/5755 5747/5747
f 5758/5758 5760/5760 5756/5756
f 5761/5761 5772/5772 5758/5758
f 5747/5747 5762/5762 5756/5756
f 5763/5763 5759/5759 5758/5758
f 5765/5765 5767/5767 5769/5769
f 5764/5764 5766/5766 5765/5765
f 5768/5768 5771/5771 6053/6053
f 5772/5772 5773/5773 5763/5763
f 5773/5773 5774/5774 5766/5766
f 5774/5774 5775/5775 5767/5767
f 5942/5942 5943/5943 6054/6054

